"pid","espn_id","name","team","team_id","source","matched","aliases"
"5241475","5241475","Aimee Flippen","Abilene Christian Wildcats","2000","stats","id",NA
"fr_2000_alexalane",NA,"Alexa Lane","Abilene Christian Wildcats","2000","newcomer","none",NA
"5315740","5315740","Emma Daugherty","Abilene Christian Wildcats","2000","stats","id",NA
"5175548","5175548","Emma Troxell","Abilene Christian Wildcats","2000","stats","id",NA
"5178096","5178096","Erin Woodson","Abilene Christian Wildcats","2000","stats","id",NA
"5108756","5108756","Jazmyn Stone","Abilene Christian Wildcats","2000","stats","id",NA
"5175546","5175546","Meredith Mayes","Abilene Christian Wildcats","2000","stats","id",NA
"5315739","5315739","Molly Daugherty","Abilene Christian Wildcats","2000","stats","id",NA
"5109756","5109756","Natalia Chavez","Abilene Christian Wildcats","2000","stats","id",NA
"5175545","5175545","Payton Hull","Abilene Christian Wildcats","2000","stats","id",NA
"5177964","5177964","Raimi McCrary","Abilene Christian Wildcats","2000","stats","id",NA
"5315742","5315742","Riley Grohman","Abilene Christian Wildcats","2000","stats","id",NA
"fr_2000_salenacarrasco",NA,"Salena Carrasco","Abilene Christian Wildcats","2000","newcomer","none",NA
"fr_2000_samaramorrow",NA,"Samara Morrow","Abilene Christian Wildcats","2000","newcomer","none",NA
"5314981","5314981","AJ Mannering","Air Force Falcons","2005","stats","id",NA
"5177198","5177198","Alexis Cortez","Air Force Falcons","2005","stats","id",NA
"fr_2005_carsonfayard",NA,"Carson Fayard","Air Force Falcons","2005","newcomer","none",NA
"fr_2005_chloeparker",NA,"Chloe Parker","Air Force Falcons","2005","newcomer","none",NA
"fr_2005_dixonmclanahan",NA,"Dixon McLanahan","Air Force Falcons","2005","newcomer","none",NA
"5314983","5314983","Eva Love","Air Force Falcons","2005","stats","id",NA
"fr_2005_felicitymcfillin",NA,"Felicity McFillin","Air Force Falcons","2005","newcomer","none",NA
"5177199","5177199","Jayda McNabb","Air Force Falcons","2005","stats","id",NA
"5177197","5177197","Jordyn DeVaughn","Air Force Falcons","2005","stats","id",NA
"5314986","5314986","Julia Leach","Air Force Falcons","2005","stats","id",NA
"5177200","5177200","Keelie O'Hollaren","Air Force Falcons","2005","stats","id",NA
"5314982","5314982","Maddy Jensen","Air Force Falcons","2005","stats","id",NA
"fr_2005_marisataylor",NA,"Marisa Taylor","Air Force Falcons","2005","newcomer","none",NA
"5177203","5177203","Marissa Hargrave","Air Force Falcons","2005","stats","id",NA
"fr_2005_morganainsworth",NA,"Morgan Ainsworth","Air Force Falcons","2005","newcomer","none",NA
"fr_2005_taylorsipfle",NA,"Taylor Sipfle","Air Force Falcons","2005","newcomer","none",NA
"5240397","5240397","Annika Manthy","Akron Zips","2006","stats","id",NA
"fr_2006_christaeshajackson",NA,"Christaesha Jackson","Akron Zips","2006","newcomer","none",NA
"5314670","5314670","Corinne Reed","Akron Zips","2006","stats","id",NA
"5312960","5312960","Jessie Joaquim","Akron Zips","2006","stats","id",NA
"5107831","5107831","Kam'Ren Rhodes","Akron Zips","2006","stats","id",NA
"fr_2006_kaylahthornton",NA,"Kaylah Thornton","Akron Zips","2006","newcomer","none",NA
"fr_2006_kayleeking",NA,"Kaylee King","Akron Zips","2006","newcomer","none",NA
"5178512","5178512","Macey Fegan","Akron Zips","2006","stats","id",NA
"5314671","5314671","Monique Mitchell","Akron Zips","2006","stats","id",NA
"fr_2006_ofirparpara",NA,"Ofir Parpara","Akron Zips","2006","newcomer","none",NA
"5314669","5314669","Shaena Brew","Akron Zips","2006","stats","id",NA
"5178141","5178141","Teniesha Clarke","Akron Zips","2006","stats","id",NA
"5240738","5240738","Tyla Heard","Akron Zips","2006","stats","id",NA
"5315809","5315809","Alisha Murray","Alabama A&M Bulldogs","2010","stats","id",NA
"5242773","5242773","Aniya Palmer","Alabama A&M Bulldogs","2010","stats","id",NA
"fr_2010_aylabenson",NA,"Ayla Benson","Alabama A&M Bulldogs","2010","newcomer","none",NA
"5242951","5242951","Janessa Kelley","Alabama A&M Bulldogs","2010","stats","id",NA
"5318150","5318150","Kalea Rainey","Alabama A&M Bulldogs","2010","stats","none",NA
"fr_2010_khloebradley",NA,"Khloe Bradley","Alabama A&M Bulldogs","2010","newcomer","none",NA
"fr_2010_logynmcneil",NA,"Logyn McNeil","Alabama A&M Bulldogs","2010","newcomer","none",NA
"fr_2010_miracleakypotayobo",NA,"Miracle Akypotayobo","Alabama A&M Bulldogs","2010","newcomer","none",NA
"5240399","5240399","Shun'teria Anumele","Alabama A&M Bulldogs","2010","stats","id",NA
"5261306","5261306","Skylar White","Alabama A&M Bulldogs","2010","stats","none",NA
"5315612","5315612","Sumayah McIntosh","Alabama A&M Bulldogs","2010","stats","id",NA
"fr_2010_taziharris",NA,"Tazi Harris","Alabama A&M Bulldogs","2010","newcomer","none",NA
"5315609","5315609","Vanessa Wimberly","Alabama A&M Bulldogs","2010","stats","id",NA
"5311721","5311721","Ace Austin","Alabama Crimson Tide","333","stats","id",NA
"5240224","5240224","Alayna West","Alabama Crimson Tide","333","stats","id",NA
"5311823","5311823","Amirah Anderson","Alabama Crimson Tide","333","stats","id",NA
"5178277","5178277","Brooke Coffey","Alabama Crimson Tide","333","stats","id",NA
"5177899","5177899","Caitlin Staley","Alabama Crimson Tide","333","stats","id",NA
"5313644","5313644","Kylie Torrence","Alabama Crimson Tide","333","stats","id",NA
"5239059","5239059","Leah Brooks","Alabama Crimson Tide","333","stats","id",NA
"5174250","5174250","Naomi Jones","Alabama Crimson Tide","333","stats","id",NA
"5239975","5239975","Paris Bradley","Alabama Crimson Tide","333","stats","id",NA
"5247469","5247469","Rickell Brown","Alabama Crimson Tide","333","stats","none",NA
"5311722","5311722","Tianna Chambers","Alabama Crimson Tide","333","stats","id",NA
"fr_2011_aamoridaniels",NA,"Aamori Daniels","Alabama State Lady Hornets","2011","newcomer","none",NA
"5242814","5242814","Alanah Pooler","Alabama State Lady Hornets","2011","stats","id",NA
"fr_2011_calisechisholm",NA,"Calise Chisholm","Alabama State Lady Hornets","2011","newcomer","none",NA
"5315822","5315822","Caylee Simpson","Alabama State Lady Hornets","2011","stats","id",NA
"5315816","5315816","Charlese McClendon","Alabama State Lady Hornets","2011","stats","id",NA
"5239422","5239422","Elliott Jessup","Alabama State Lady Hornets","2011","stats","id",NA
"fr_2011_kaleighheywood",NA,"Kaleigh Heywood","Alabama State Lady Hornets","2011","newcomer","none",NA
"fr_2011_karrellgreene",NA,"Karrell Greene","Alabama State Lady Hornets","2011","newcomer","none",NA
"5311978","5311978","Londyn Walker","Alabama State Lady Hornets","2011","stats","id",NA
"5312242","5312242","Makala Hobdy","Alabama State Lady Hornets","2011","stats","id",NA
"fr_2011_morghanslater",NA,"Morghan Slater","Alabama State Lady Hornets","2011","newcomer","none",NA
"5315815","5315815","Ny'Keria Flowers","Alabama State Lady Hornets","2011","stats","id",NA
"5239419","5239419","Rachel Griffin","Alabama State Lady Hornets","2011","stats","id",NA
"5177909","5177909","Takya Walters-Norman","Alabama State Lady Hornets","2011","stats","id",NA
"5109850","5109850","Arene Iyekekpolor","Alcorn State Lady Braves","2016","stats","id",NA
"5315620","5315620","Ariyah Burke","Alcorn State Lady Braves","2016","stats","id",NA
"5240608","5240608","Chrishunti Walker","Alcorn State Lady Braves","2016","stats","id",NA
"5315622","5315622","Frances Anyakudo","Alcorn State Lady Braves","2016","stats","id",NA
"5183980","5183980","Jada Morgan","Alcorn State Lady Braves","2016","stats","id",NA
"5315621","5315621","Jazlyn Johnson","Alcorn State Lady Braves","2016","stats","id",NA
"5315623","5315623","Lauren Nelson","Alcorn State Lady Braves","2016","stats","id",NA
"5242919","5242919","Leyah Houston","Alcorn State Lady Braves","2016","stats","id",NA
"5242921","5242921","Milaan Moore","Alcorn State Lady Braves","2016","stats","id",NA
"5314862","5314862","Andrea Jude","American University Eagles","44","stats","id",NA
"5242706","5242706","Elizabeth Archer","American University Eagles","44","stats","id",NA
"fr_44_ellagottlieb",NA,"Ella Gottlieb","American University Eagles","44","newcomer","none",NA
"5242709","5242709","Ellie Pingree","American University Eagles","44","stats","id",NA
"5176881","5176881","Grace Koepke","American University Eagles","44","stats","id",NA
"5312033","5312033","Jaymee Wadey","American University Eagles","44","stats","id",NA
"fr_44_jordynhollawell",NA,"Jordyn Hollawell","American University Eagles","44","newcomer","none",NA
"fr_44_kaipowell",NA,"Kai Powell","American University Eagles","44","newcomer","none",NA
"5314863","5314863","Kayla Greyvensteyn","American University Eagles","44","stats","id",NA
"fr_44_laurenwright",NA,"Lauren Wright","American University Eagles","44","newcomer","none",NA
"5176882","5176882","Lexi Salazar","American University Eagles","44","stats","id",NA
"5242707","5242707","Madisyn Moore-Nicholson","American University Eagles","44","stats","id",NA
"5242708","5242708","Mary Bolesky","American University Eagles","44","stats","id",NA
"5242705","5242705","Molly Driscoll","American University Eagles","44","stats","id",NA
"fr_44_ninavisnjevac",NA,"Nina Višnjevac","American University Eagles","44","newcomer","none",NA
"5320191","5320191","Toni Smith","American University Eagles","44","stats","id",NA
"5315028","5315028","Addie Biel","App State Mountaineers","2026","stats","id",NA
"fr_2026_camiahmuldrow",NA,"Camiah Muldrow","App State Mountaineers","2026","newcomer","none",NA
"5108919","5108919","Daisia Mitchell","App State Mountaineers","2026","stats","id",NA
"5239484","5239484","Feryal Defne Atli","App State Mountaineers","2026","stats","id",NA
"5315025","5315025","Isa Roman","App State Mountaineers","2026","stats","id",NA
"5175882","5175882","Jadyn Atchison","App State Mountaineers","2026","stats","id",NA
"fr_2026_jaidamcclure",NA,"Jaida McClure","App State Mountaineers","2026","newcomer","none",NA
"5240231","5240231","Jayden McBride","App State Mountaineers","2026","stats","id",NA
"5175907","5175907","Joi Williams","App State Mountaineers","2026","stats","id",NA
"5108791","5108791","Raven Preston","App State Mountaineers","2026","stats","id",NA
"5315027","5315027","Riley Stoker","App State Mountaineers","2026","stats","id",NA
"5107503","5107503","Torin Rogers","App State Mountaineers","2026","stats","id",NA
"fr_2026_zoesmith",NA,"Zoe Smith","App State Mountaineers","2026","newcomer","none",NA
"5313600","5313600","Amaya Williams","Arizona State Sun Devils","9","stats","id",NA
"fr_9_averielower",NA,"Averie Lower","Arizona State Sun Devils","9","newcomer","none",NA
"5242152","5242152","Ayanna-Sarai Darrington","Arizona State Sun Devils","9","stats","id",NA
"5313602","5313602","Deborah Davenport","Arizona State Sun Devils","9","stats","id",NA
"5313615","5313615","Ella Ryan","Arizona State Sun Devils","9","stats","id",NA
"5239098","5239098","Heloisa Carrera","Arizona State Sun Devils","9","stats","id",NA
"fr_9_londynparker",NA,"Londyn Parker","Arizona State Sun Devils","9","newcomer","none",NA
"5242147","5242147","Madi Morson","Arizona State Sun Devils","9","stats","id",NA
"5313601","5313601","Martina Fantini","Arizona State Sun Devils","9","stats","id",NA
"5178157","5178157","McKinna Brackens","Arizona State Sun Devils","9","stats","id",NA
"fr_9_quinnyagraydesanders",NA,"Quin'Nya Gray De Sanders","Arizona State Sun Devils","9","newcomer","none",NA
"5175721","5175721","Rashunda Jones","Arizona State Sun Devils","9","stats","id",NA
"5311856","5311856","Aliyahna Morris","Arizona Wildcats","12","stats","id",NA
"5109196","5109196","Anastasiia Semenova","Arizona Wildcats","12","stats","id",NA
"fr_12_arynnfinley",NA,"Arynn Finley","Arizona Wildcats","12","newcomer","none",NA
"5240182","5240182","Breanna Williams","Arizona Wildcats","12","stats","id",NA
"fr_12_calliehinder",NA,"Callie Hinder","Arizona Wildcats","12","newcomer","none",NA
"5311753","5311753","Gerda Raulusaityte","Arizona Wildcats","12","stats","id",NA
"fr_12_jasleengreen",NA,"Jasleen Green","Arizona Wildcats","12","newcomer","none",NA
"fr_12_karolinaulan",NA,"Karolina Ulan","Arizona Wildcats","12","newcomer","none",NA
"fr_12_makaylapresserpalmer",NA,"Makayla Presser-Palmer","Arizona Wildcats","12","newcomer","none",NA
"5312664","5312664","Molly Ladwig","Arizona Wildcats","12","stats","id",NA
"fr_12_priyankaponnam",NA,"Priyanka Ponnam","Arizona Wildcats","12","newcomer","none",NA
"5177875","5177875","Sumayah Sugapong","Arizona Wildcats","12","stats","id",NA
"fr_2029_alayiahprice",NA,"Alayiah Price","Arkansas-Pine Bluff Golden Lions","2029","newcomer","none",NA
"fr_8_adrianareijnen",NA,"Adriana Reijnen","Arkansas Razorbacks","8","newcomer","none",NA
"fr_8_allannahorsby",NA,"Allannah Orsby","Arkansas Razorbacks","8","newcomer","none",NA
"fr_8_ayiannajohnson",NA,"Ayianna Johnson","Arkansas Razorbacks","8","newcomer","none",NA
"5312732","5312732","Beautiful Waheed","Arkansas Razorbacks","8","stats","id",NA
"5174418","5174418","D'Asia Thomas-Harris","Arkansas Razorbacks","8","stats","id",NA
"5312667","5312667","Daniah Trammell","Arkansas Razorbacks","8","stats","id",NA
"5178475","5178475","Emily Robinson","Arkansas Razorbacks","8","stats","id",NA
"5311855","5311855","Grace McCallop","Arkansas Razorbacks","8","stats","id",NA
"5177806","5177806","Jianna Morris","Arkansas Razorbacks","8","stats","id",NA
"fr_8_julijamatic",NA,"Julija Matic","Arkansas Razorbacks","8","newcomer","none",NA
"4433418","4433418","Kateri Poole","Arkansas Razorbacks","8","stats","id",NA
"fr_8_kyiahprestridge",NA,"Kyiah Prestridge","Arkansas Razorbacks","8","newcomer","none",NA
"fr_8_whitleyrogers",NA,"Whitley Rogers","Arkansas Razorbacks","8","newcomer","none",NA
"5315035","5315035","Allyson Ferguson","Arkansas State Red Wolves","2032","stats","id",NA
"5175837","5175837","Amina Gray","Arkansas State Red Wolves","2032","stats","id",NA
"5315202","5315202","Angela Carroll","Arkansas State Red Wolves","2032","stats","id",NA
"5315034","5315034","Aniyah Ruddock","Arkansas State Red Wolves","2032","stats","id",NA
"5312747","5312747","Audreonia Benson","Arkansas State Red Wolves","2032","stats","id",NA
"5174718","5174718","Crislyn Rose","Arkansas State Red Wolves","2032","stats","id",NA
"fr_2032_jaidynelam",NA,"Jaidyn Elam","Arkansas State Red Wolves","2032","newcomer","none",NA
"5315233","5315233","Jasmine Jordan","Arkansas State Red Wolves","2032","stats","id",NA
"5178014","5178014","Jermesha Frierson","Arkansas State Red Wolves","2032","stats","id",NA
"5177871","5177871","Maya Chocano","Arkansas State Red Wolves","2032","stats","id",NA
"5174366","5174366","Monica Marsh","Arkansas State Red Wolves","2032","stats","id",NA
"fr_2032_taniyahdavis",NA,"Ta'Niyah Davis","Arkansas State Red Wolves","2032","newcomer","none",NA
"fr_349_addisonainsworth","5109189","Addison Ainsworth","Army Black Knights","349","history","name",NA
"fr_349_allieswindell",NA,"Allie Swindell","Army Black Knights","349","newcomer","none",NA
"5242711","5242711","Audrey Annee","Army Black Knights","349","stats","id",NA
"5242712","5242712","Brooke Wilson","Army Black Knights","349","stats","id",NA
"5176898","5176898","Camryn Tade","Army Black Knights","349","stats","id",NA
"fr_349_danielamaletsky",NA,"Daniela Maletsky","Army Black Knights","349","newcomer","none",NA
"5176901","5176901","Fiona Hastick","Army Black Knights","349","stats","id",NA
"5315263","5315263","Jane Preston","Army Black Knights","349","stats","id",NA
"fr_349_janerape",NA,"Jane Rape","Army Black Knights","349","newcomer","none",NA
"fr_349_juliasedora",NA,"Julia Sedora","Army Black Knights","349","newcomer","none",NA
"5315262","5315262","Kelly Cramer","Army Black Knights","349","stats","id",NA
"5176900","5176900","Kya Smith","Army Black Knights","349","stats","id",NA
"5315264","5315264","Landry Sherrer","Army Black Knights","349","stats","id",NA
"fr_349_lillythoman",NA,"Lilly Thoman","Army Black Knights","349","newcomer","none",NA
"fr_349_nakiaollivierre",NA,"Nakia Ollivierre","Army Black Knights","349","newcomer","none",NA
"5315261","5315261","Reganne Reardon","Army Black Knights","349","stats","id",NA
"5242713","5242713","Stella Chartrand","Army Black Knights","349","stats","id",NA
"5176899","5176899","Taylor Wilson","Army Black Knights","349","stats","id",NA
"fr_2_ashleyknox",NA,"Ashley Knox","Auburn Tigers","2","newcomer","none",NA
"5312394","5312394","Danielle Osho","Auburn Tigers","2","stats","id",NA
"5326631","5326631","Eva Garabadian","Auburn Tigers","2","stats","id",NA
"5106156","5106156","Ja'Mia Harris","Auburn Tigers","2","stats","id",NA
"4900570","4900570","Jessica Peterson","Auburn Tigers","2","stats","id",NA
"5105396","5105396","Kaitlyn Duhon","Auburn Tigers","2","stats","id",NA
"5239065","5239065","Phoenix Stotijn","Auburn Tigers","2","stats","id",NA
"5174272","5174272","Quanirah Montague","Auburn Tigers","2","stats","id",NA
"5311714","5311714","Sania Richardson","Auburn Tigers","2","stats","id",NA
"5174258","5174258","Savannah Scott","Auburn Tigers","2","stats","id",NA
"5239095","5239095","Sira Thienou","Auburn Tigers","2","stats","id",NA
"5239067","5239067","Syriah Daniels","Auburn Tigers","2","stats","id",NA
"5312725","5312725","Zahara Bishop","Auburn Tigers","2","stats","id",NA
"fr_2_zaniyahwilliams",NA,"Zaniyah Williams","Auburn Tigers","2","newcomer","none",NA
"5315818","5315818","Clearia Peterson","Austin Peay Governors","2046","stats","id",NA
"5240654","5240654","Destiny Jones","Austin Peay Governors","2046","stats","id",NA
"5314790","5314790","Jade Rucker","Austin Peay Governors","2046","stats","id",NA
"5314792","5314792","Jim'Miyah Branton","Austin Peay Governors","2046","stats","id",NA
"5314794","5314794","Lameria Thomas","Austin Peay Governors","2046","stats","id",NA
"5314793","5314793","McKenzie Neal","Austin Peay Governors","2046","stats","id",NA
"5325353","5325353","Peighton Jambor","Austin Peay Governors","2046","stats","none",NA
"5175460","5175460","Veronaye Charlton","Austin Peay Governors","2046","stats","id",NA
"5320183","5320183","Aniss Tagayi","Ball State Cardinals","2050","stats","id",NA
"5240289","5240289","Faith Walker","Ball State Cardinals","2050","stats","id",NA
"5320181","5320181","Giorgia Gorini","Ball State Cardinals","2050","stats","id",NA
"5241924","5241924","Grace Kingery","Ball State Cardinals","2050","stats","id",NA
"5240190","5240190","Helen Holley","Ball State Cardinals","2050","stats","id",NA
"5175045","5175045","Karsyn Norman","Ball State Cardinals","2050","stats","id",NA
"fr_2050_klaskemiedema",NA,"Klaske Miedema","Ball State Cardinals","2050","newcomer","none",NA
"fr_2050_lillibarnes",NA,"Lilli Barnes","Ball State Cardinals","2050","newcomer","none",NA
"5108549","5108549","Tessa Towers","Ball State Cardinals","2050","stats","id",NA
"5320178","5320178","Zhen Verburgt","Ball State Cardinals","2050","stats","id",NA
"5107570","5107570","Ella Brow","Baylor Bears","239","stats","id",NA
"5239451","5239451","Ines Goryanova","Baylor Bears","239","stats","id",NA
"5238305","5238305","Kate Koval","Baylor Bears","239","stats","id",NA
"5239453","5239453","Kayla Nelms","Baylor Bears","239","stats","id",NA
"5106146","5106146","Kyla Abraham","Baylor Bears","239","stats","id",NA
"5238299","5238299","Lorena Awou","Baylor Bears","239","stats","id",NA
"5313586","5313586","Marcayla Johnson","Baylor Bears","239","stats","id",NA
"5175964","5175964","Reese Ross","Baylor Bears","239","stats","id",NA
"5175869","5175869","Skylar Jones","Baylor Bears","239","stats","id",NA
"5174251","5174251","Taliah Scott","Baylor Bears","239","stats","id",NA
"5238286","5238286","Tianna Thompson","Baylor Bears","239","stats","id",NA
"5239073","5239073","Trinity Turner","Baylor Bears","239","stats","id",NA
"5331723","5331723","Coumba Keita","Bellarmine Knights","91","stats","id",NA
"5315249","5315249","Haya Abdel Aal","Bellarmine Knights","91","stats","id",NA
"5240572","5240572","Kayce Hyman","Bellarmine Knights","91","stats","id",NA
"5330840","5330840","Olivia Pifer","Bellarmine Knights","91","stats","id",NA
"5178429","5178429","Triniti Ralston","Bellarmine Knights","91","stats","id",NA
"fr_2057_chelbyjordan",NA,"Chelby Jordan","Belmont Bruins","2057","newcomer","none",NA
"5314845","5314845","Kate McGinnis","Belmont Bruins","2057","stats","id",NA
"5175461","5175461","Katie Criswell","Belmont Bruins","2057","stats","id",NA
"5106838","5106838","Kenley McCarn","Belmont Bruins","2057","stats","id",NA
"5108596","5108596","KK Brodie","Belmont Bruins","2057","stats","id",NA
"5174429","5174429","Lauren Rust","Belmont Bruins","2057","stats","id",NA
"5314848","5314848","Leah West","Belmont Bruins","2057","stats","id",NA
"5241990","5241990","Quinn Eubank","Belmont Bruins","2057","stats","id",NA
"fr_2057_samiyajones",NA,"Samiya Jones","Belmont Bruins","2057","newcomer","none",NA
"5311950","5311950","Akilah Shelton","Bethune-Cookman Wildcats","2065","stats","id",NA
"fr_2065_alannahnerocker",NA,"Alannah Nerocker","Bethune-Cookman Wildcats","2065","newcomer","none",NA
"fr_2065_allyzeeverdan",NA,"Allyzee Verdan","Bethune-Cookman Wildcats","2065","newcomer","none",NA
"5175947","5175947","Amiyah Ferguson","Bethune-Cookman Wildcats","2065","stats","id",NA
"5315537","5315537","Jarahle Daniels","Bethune-Cookman Wildcats","2065","stats","id",NA
"fr_2065_jazminthornton",NA,"Jazmin Thornton","Bethune-Cookman Wildcats","2065","newcomer","none",NA
"5261801","5261801","Kayla Lee","Bethune-Cookman Wildcats","2065","stats","none",NA
"5315667","5315667","Keiara Gregory","Bethune-Cookman Wildcats","2065","stats","id",NA
"fr_2065_kieraneal",NA,"Kiera Neal","Bethune-Cookman Wildcats","2065","newcomer","none",NA
"fr_2065_marleybell",NA,"Marley Bell","Bethune-Cookman Wildcats","2065","newcomer","none",NA
"5242955","5242955","Mya Johnson","Bethune-Cookman Wildcats","2065","stats","id",NA
"fr_2065_tahjaehawes",NA,"Tahjae Hawes","Bethune-Cookman Wildcats","2065","newcomer","none",NA
"5312946","5312946","Ashley Redd","Binghamton Bearcats","2066","stats","id",NA
"5174513","5174513","Bella Pucci","Binghamton Bearcats","2066","stats","id",NA
"fr_2066_camgaudreau",NA,"Cam Gaudreau","Binghamton Bearcats","2066","newcomer","none",NA
"5312944","5312944","Carletta Bennett","Binghamton Bearcats","2066","stats","id",NA
"5312948","5312948","Daysha Salgado","Binghamton Bearcats","2066","stats","id",NA
"5240694","5240694","Emma Hákonardóttir","Binghamton Bearcats","2066","stats","id",NA
"5178221","5178221","Kaia Goode","Binghamton Bearcats","2066","stats","id",NA
"5174511","5174511","Kendall Bennett","Binghamton Bearcats","2066","stats","id",NA
"5312943","5312943","Klarissa Goode","Binghamton Bearcats","2066","stats","id",NA
"5312947","5312947","Leah Fowler","Binghamton Bearcats","2066","stats","id",NA
"fr_2066_sophieelzinarene",NA,"Sophie Elzina René","Binghamton Bearcats","2066","newcomer","none",NA
"5174510","5174510","Yanniah Boyd","Binghamton Bearcats","2066","stats","id",NA
"fr_68_emersonmccrea",NA,"Emerson McCrea","Boise State Broncos","68","newcomer","none",NA
"5239482","5239482","Grace Foster","Boise State Broncos","68","stats","id",NA
"5314996","5314996","Izzie Harms","Boise State Broncos","68","stats","id",NA
"5314999","5314999","Jayda Lewis","Boise State Broncos","68","stats","id",NA
"5315000","5315000","Keirra Thompson","Boise State Broncos","68","stats","id",NA
"5314998","5314998","Kenna Garza","Boise State Broncos","68","stats","id",NA
"5242247","5242247","Libby Hutton","Boise State Broncos","68","stats","id",NA
"5314997","5314997","Mason Borcherding","Boise State Broncos","68","stats","id",NA
"fr_68_masonquinn",NA,"Mason Quinn","Boise State Broncos","68","newcomer","none",NA
"5314995","5314995","Morgan Maldonado","Boise State Broncos","68","stats","id",NA
"fr_68_paigegilpatrick",NA,"Paige Gilpatrick","Boise State Broncos","68","newcomer","none",NA
"fr_68_ziadayeanderson",NA,"Zia-Daye Anderson","Boise State Broncos","68","newcomer","none",NA
"5238272","5238272","Athena Tomlinson","Boston College Eagles","103","stats","id",NA
"fr_103_danielepaunksnyte",NA,"Daniele Paunksnyte","Boston College Eagles","103","newcomer","none",NA
"5311825","5311825","Eleanor Trout","Boston College Eagles","103","stats","id",NA
"fr_103_euniciasalgado",NA,"Eunicia Salgado","Boston College Eagles","103","newcomer","none",NA
"fr_103_gabrielabernalortellado",NA,"Gabriela Bernal Ortellado","Boston College Eagles","103","newcomer","none",NA
"5239459","5239459","Grace Oliver","Boston College Eagles","103","stats","id",NA
"5311820","5311820","Jocelyne Grier","Boston College Eagles","103","stats","id",NA
"5312409","5312409","Megan Hollingsworth","Boston College Eagles","103","stats","id",NA
"5312724","5312724","Natalia Hall-Rosa","Boston College Eagles","103","stats","id",NA
"fr_103_noraarozena",NA,"Nora Arozena","Boston College Eagles","103","newcomer","none",NA
"fr_103_nuriaausaverri",NA,"Nuria Ausaverri","Boston College Eagles","103","newcomer","none",NA
"fr_103_samanthadavis",NA,"Samantha Davis","Boston College Eagles","103","newcomer","none",NA
"5242722","5242722","Allison Schwertner","Boston University Terriers","104","stats","id",NA
"5176887","5176887","Aoibhe Gormley","Boston University Terriers","104","stats","id",NA
"5174968","5174968","Bella McLaughlin","Boston University Terriers","104","stats","id",NA
"5176889","5176889","Inés Monteagudo Pardo","Boston University Terriers","104","stats","id",NA
"5242721","5242721","Inez Gallegos","Boston University Terriers","104","stats","id",NA
"5315266","5315266","Kate Allard","Boston University Terriers","104","stats","id",NA
"5240567","5240567","Rose Azmoudeh","Boston University Terriers","104","stats","id",NA
"5242717","5242717","Taylor Williams","Boston University Terriers","104","stats","id",NA
"5243563","5243563","Yael Maayan","Boston University Terriers","104","stats","id",NA
"fr_189_aurelievanderstraeten",NA,"Aurelie Vanderstraeten","Bowling Green Falcons","189","newcomer","none",NA
"fr_189_carolinasilva",NA,"Carolina Silva","Bowling Green Falcons","189","newcomer","none",NA
"fr_189_eugeniangungo",NA,"Eugenia Ngungo","Bowling Green Falcons","189","newcomer","none",NA
"5174736","5174736","Jaedyn Cook","Bowling Green Falcons","189","stats","id",NA
"5174944","5174944","Joniyah Bland-Fitzpatrick","Bowling Green Falcons","189","stats","id",NA
"fr_189_kaylastidham",NA,"Kayla Stidham","Bowling Green Falcons","189","newcomer","none",NA
"5314710","5314710","Ky'Aira Miller","Bowling Green Falcons","189","stats","id",NA
"5241952","5241952","Lauren Gerken","Bowling Green Falcons","189","stats","id",NA
"fr_189_mafaldamonteiro",NA,"Mafalda Monteiro","Bowling Green Falcons","189","newcomer","none",NA
"fr_189_marsegura",NA,"Mar Segura","Bowling Green Falcons","189","newcomer","none",NA
"fr_189_saracaetano",NA,"Sara Caetano","Bowling Green Falcons","189","newcomer","none",NA
"fr_189_soldepetris",NA,"Sol Depetris","Bowling Green Falcons","189","newcomer","none",NA
"fr_189_sophiealexander",NA,"Sophie Alexander","Bowling Green Falcons","189","newcomer","none",NA
"5191987","5191987","Amani Abuhatab","Bradley Braves","71","stats","none",NA
"5242002","5242002","Caitlin Washington","Bradley Braves","71","stats","id",NA
"5106192","5106192","Charia Smith","Bradley Braves","71","stats","id",NA
"5177986","5177986","Claire McDougall","Bradley Braves","71","stats","id",NA
"5241999","5241999","Ellie McDermid","Bradley Braves","71","stats","id",NA
"5314922","5314922","Kali Fortson","Bradley Braves","71","stats","id",NA
"5242001","5242001","Lila Posthuma","Bradley Braves","71","stats","id",NA
"5240590","5240590","Mya Wardle","Bradley Braves","71","stats","id",NA
"5241572","5241572","Aima Ofunrein","Brown Bears","225","stats","id",NA
"fr_225_caitlynkramer",NA,"Caitlyn Kramer","Brown Bears","225","newcomer","none",NA
"5313290","5313290","Charlotte Adams-Lopez","Brown Bears","225","stats","id",NA
"5177257","5177257","Charlotte Climenhage","Brown Bears","225","stats","id",NA
"fr_225_erinreid",NA,"Erin Reid","Brown Bears","225","newcomer","none",NA
"5241569","5241569","Gia Powell","Brown Bears","225","stats","id",NA
"5313287","5313287","Isabella Wesley","Brown Bears","225","stats","id",NA
"5313286","5313286","Lindsay Harzich","Brown Bears","225","stats","id",NA
"5313288","5313288","Monet Witherspoon","Brown Bears","225","stats","id",NA
"5313289","5313289","Morgan Ross","Brown Bears","225","stats","id",NA
"fr_225_nalahsmith",NA,"Nalah Smith","Brown Bears","225","newcomer","none",NA
"5176328","5176328","Olivia Young","Brown Bears","225","stats","id",NA
"5241570","5241570","Sela Klein","Brown Bears","225","stats","id",NA
"fr_225_sophiaeastman",NA,"Sophia Eastman","Brown Bears","225","newcomer","none",NA
"fr_225_sravyajanapati",NA,"Sravya Janapati","Brown Bears","225","newcomer","none",NA
"fr_225_summerlee",NA,"Summer Lee","Brown Bears","225","newcomer","none",NA
"fr_2803_aliyahbrame",NA,"Aliyah Brame","Bryant Bulldogs","2803","newcomer","none",NA
"5175411","5175411","Genevive Wedemeyer","Bryant Bulldogs","2803","stats","id",NA
"5312952","5312952","Izzy Adams","Bryant Bulldogs","2803","stats","id",NA
"5312949","5312949","Jaida Guerra","Bryant Bulldogs","2803","stats","id",NA
"5174518","5174518","Martina Boba","Bryant Bulldogs","2803","stats","id",NA
"5174514","5174514","Mia Mancini","Bryant Bulldogs","2803","stats","id",NA
"fr_2803_nataliechisi",NA,"Natalie Chisi","Bryant Bulldogs","2803","newcomer","none",NA
"5239920","5239920","Ndate Ndiaye","Bryant Bulldogs","2803","stats","id",NA
"fr_2803_ndeyeastoundiaye",NA,"Ndeye Astou Ndiaye","Bryant Bulldogs","2803","newcomer","none",NA
"5174519","5174519","Nia Scott","Bryant Bulldogs","2803","stats","id",NA
"5240671","5240671","Olivia Fernandez","Bryant Bulldogs","2803","stats","id",NA
"fr_2803_sammiesullivan",NA,"Sammie Sullivan","Bryant Bulldogs","2803","newcomer","none",NA
"fr_2083_alainadadzie",NA,"Alaina Dadzie","Bucknell Bison","2083","newcomer","none",NA
"5179306","5179306","Anna Kunzwiler","Bucknell Bison","2083","stats","id",NA
"5242728","5242728","Elana Weisman","Bucknell Bison","2083","stats","id",NA
"5315279","5315279","Ella Kreuzer","Bucknell Bison","2083","stats","id",NA
"fr_2083_gracefeeney",NA,"Grace Feeney","Bucknell Bison","2083","newcomer","none",NA
"5242723","5242723","Isabella Casey","Bucknell Bison","2083","stats","id",NA
"5315276","5315276","Kaila Richards","Bucknell Bison","2083","stats","id",NA
"5315278","5315278","Mariah Hardy","Bucknell Bison","2083","stats","id",NA
"5240663","5240663","Marisa Smith","Bucknell Bison","2083","stats","id",NA
"5315329","5315329","Peyton Musial","Bucknell Bison","2083","stats","id",NA
"5242727","5242727","Reese Zemitis","Bucknell Bison","2083","stats","id",NA
"fr_2083_tessaliggio",NA,"Tessa Liggio","Bucknell Bison","2083","newcomer","none",NA
"5241964","5241964","Aniya Rowe","Buffalo Bulls","2084","stats","id",NA
"fr_2084_annabelleday",NA,"Annabelle Day","Buffalo Bulls","2084","newcomer","none",NA
"5315315","5315315","Asia Wilson","Buffalo Bulls","2084","stats","id",NA
"fr_2084_avalamonica",NA,"Ava Lamonica","Buffalo Bulls","2084","newcomer","none",NA
"fr_2084_brianayoung",NA,"Briana Young","Buffalo Bulls","2084","newcomer","none",NA
"5313770","5313770","Deana Thompson","Buffalo Bulls","2084","stats","id",NA
"5313772","5313772","Diann Jackson","Buffalo Bulls","2084","stats","id",NA
"5313771","5313771","Ella Corry","Buffalo Bulls","2084","stats","id",NA
"fr_2084_ellawickstrom",NA,"Ella Wickstrom","Buffalo Bulls","2084","newcomer","none",NA
"fr_2084_jadeahmarshall",NA,"Jadeah Marshall","Buffalo Bulls","2084","newcomer","none",NA
"fr_2084_laylahearne",NA,"Layla Hearne","Buffalo Bulls","2084","newcomer","none",NA
"5313773","5313773","Meg Lucas","Buffalo Bulls","2084","stats","id",NA
"fr_2084_nataviaalber",NA,"Natavia Alber","Buffalo Bulls","2084","newcomer","none",NA
"fr_2084_oyinkansolasoetan",NA,"Oyinkansola Soetan","Buffalo Bulls","2084","newcomer","none",NA
"5313104","5313104","Destiny Macharia","Butler Bulldogs","2086","stats","id",NA
"5174751","5174751","Judit Valero","Butler Bulldogs","2086","stats","id",NA
"5313065","5313065","Karina Bystry","Butler Bulldogs","2086","stats","id",NA
"fr_2086_laniahwills",NA,"Laniah Wills","Butler Bulldogs","2086","newcomer","none",NA
"fr_2086_lexibaer",NA,"Lexi Baer","Butler Bulldogs","2086","newcomer","none",NA
"5174340","5174340","Lili Krasovec","Butler Bulldogs","2086","stats","id",NA
"5178547","5178547","Nevaeh Jackson","Butler Bulldogs","2086","stats","id",NA
"fr_2086_oliviahastings",NA,"Olivia Hastings","Butler Bulldogs","2086","newcomer","none",NA
"fr_2086_sagemiskel",NA,"Sage Miskel","Butler Bulldogs","2086","newcomer","none",NA
"5178548","5178548","Saniya Jackson","Butler Bulldogs","2086","stats","id",NA
"5242180","5242180","Tamar Singer","Butler Bulldogs","2086","stats","id",NA
"5178179","5178179","Taya Ellis","Butler Bulldogs","2086","stats","id",NA
"5313623","5313623","Bolanle Yussuf","BYU Cougars","252","stats","id",NA
"5239449","5239449","Brinley Cannon","BYU Cougars","252","stats","id",NA
"5239446","5239446","Delaney Gibb","BYU Cougars","252","stats","id",NA
"fr_252_kaileywoolston","5175477","Kailey Woolston","BYU Cougars","252","history","name",NA
"5239447","5239447","Kambree Barber","BYU Cougars","252","stats","id",NA
"fr_252_kambreebarbertaylor",NA,"Kambree Barber Taylor","BYU Cougars","252","newcomer","none",NA
"5312401","5312401","Liza Astakhova","BYU Cougars","252","stats","id",NA
"5313626","5313626","Mariam Traore","BYU Cougars","252","stats","id",NA
"5313624","5313624","Olivia Hamlin","BYU Cougars","252","stats","id",NA
"fr_252_prasayusnotoa",NA,"Prasayus Notoa","BYU Cougars","252","newcomer","none",NA
"fr_252_stellasakalas",NA,"Stella Sakalas","BYU Cougars","252","newcomer","none",NA
"5313622","5313622","Sydney Benally","BYU Cougars","252","stats","id",NA
"fr_252_vahayliahseumanutafa",NA,"Vahayliah Seumanutafa","BYU Cougars","252","newcomer","none",NA
"fr_13_atlantabasssulpizio",NA,"Atlanta Bass-Sulpizio","Cal Poly Mustangs","13","newcomer","none",NA
"5240712","5240712","Avery Knapp","Cal Poly Mustangs","13","stats","id",NA
"fr_13_biancaslone",NA,"Bianca Slone","Cal Poly Mustangs","13","newcomer","none",NA
"fr_13_dessiulmer",NA,"Dessi Ulmer","Cal Poly Mustangs","13","newcomer","none",NA
"5312908","5312908","Dulci Vail","Cal Poly Mustangs","13","stats","id",NA
"5312906","5312906","Ella Skrzyniarz","Cal Poly Mustangs","13","stats","id",NA
"5240710","5240710","Gabby Robinson","Cal Poly Mustangs","13","stats","id",NA
"5175902","5175902","Jordan Billing","Cal Poly Mustangs","13","stats","id",NA
"5312907","5312907","Katie Peiffer","Cal Poly Mustangs","13","stats","id",NA
"fr_13_lenamost",NA,"Lena Most","Cal Poly Mustangs","13","newcomer","none",NA
"5240722","5240722","Maddy Tauro","Cal Poly Mustangs","13","stats","id",NA
"5107728","5107728","Madison Butcher","Cal Poly Mustangs","13","stats","id",NA
"5242474","5242474","Mecca Alexander","Cal Poly Mustangs","13","stats","id",NA
"5248633","5248633","Nora Perez","Cal Poly Mustangs","13","stats","id",NA
"5175040","5175040","Sumer Lee","Cal Poly Mustangs","13","stats","id",NA
"5314929","5314929","Ysabella Von Seipler","Cal Poly Mustangs","13","stats","id",NA
"5242460","5242460","Aloni Oliver","Cal State Bakersfield Roadrunners","2934","stats","id",NA
"fr_2934_djkendrick",NA,"DJ Kendrick","Cal State Bakersfield Roadrunners","2934","newcomer","none",NA
"5240813","5240813","Dresha Moore","Cal State Bakersfield Roadrunners","2934","stats","id",NA
"fr_2934_elizabethjohnson",NA,"Elizabeth Johnson","Cal State Bakersfield Roadrunners","2934","newcomer","none",NA
"fr_2934_elysemitchell",NA,"Elyse Mitchell","Cal State Bakersfield Roadrunners","2934","newcomer","none",NA
"5240997","5240997","Faith Curry","Cal State Bakersfield Roadrunners","2934","stats","id",NA
"fr_2934_giannaghio",NA,"Gianna Ghio","Cal State Bakersfield Roadrunners","2934","newcomer","none",NA
"fr_2934_hunterhudson",NA,"Hunter Hudson","Cal State Bakersfield Roadrunners","2934","newcomer","none",NA
"5321503","5321503","Madi Johnson","Cal State Bakersfield Roadrunners","2934","stats","none",NA
"fr_2934_malohniwarren",NA,"Malohni Warren","Cal State Bakersfield Roadrunners","2934","newcomer","none",NA
"fr_2934_mydreamoore",NA,"Mydrea Moore","Cal State Bakersfield Roadrunners","2934","newcomer","none",NA
"5108715","5108715","Nseije Ortiz","Cal State Bakersfield Roadrunners","2934","stats","id",NA
"fr_2934_silvanamaldonado",NA,"Silvana Maldonado","Cal State Bakersfield Roadrunners","2934","newcomer","none",NA
"fr_2934_sofiaahmed",NA,"Sofia Ahmed","Cal State Bakersfield Roadrunners","2934","newcomer","none",NA
"fr_2239_alexisprice",NA,"Alexis Price","Cal State Fullerton Titans","2239","newcomer","none",NA
"fr_2239_alyssadreessen",NA,"Alyssa Dreessen","Cal State Fullerton Titans","2239","newcomer","none",NA
"fr_2239_anasiawilcox",NA,"Anasia Wilcox","Cal State Fullerton Titans","2239","newcomer","none",NA
"fr_2239_asharicassell",NA,"Ashari Cassell","Cal State Fullerton Titans","2239","newcomer","none",NA
"fr_2239_bernadettecarranza",NA,"Bernadette Carranza","Cal State Fullerton Titans","2239","newcomer","none",NA
"5312880","5312880","Dylan Swindle","Cal State Fullerton Titans","2239","stats","id",NA
"5240723","5240723","Jana Falsdottir","Cal State Fullerton Titans","2239","stats","id",NA
"fr_2239_jenniferhawkins",NA,"Jennifer Hawkins","Cal State Fullerton Titans","2239","newcomer","none",NA
"fr_2239_julianaaragon",NA,"Juliana Aragon","Cal State Fullerton Titans","2239","newcomer","none",NA
"5312879","5312879","Maxine Sutisna","Cal State Fullerton Titans","2239","stats","id",NA
"5312878","5312878","Mimi Moon","Cal State Fullerton Titans","2239","stats","id",NA
"fr_2239_shadelffrench",NA,"Shadel Ffrench","Cal State Fullerton Titans","2239","newcomer","none",NA
"5182302","5182302","Talia Maxwell","Cal State Fullerton Titans","2239","stats","id",NA
"5312871","5312871","Amya Moody","Cal State Northridge Matadors","2463","stats","id",NA
"fr_2463_carlottacocuzza",NA,"Carlotta Cocuzza","Cal State Northridge Matadors","2463","newcomer","none",NA
"5315197","5315197","Hodaya Kabada","Cal State Northridge Matadors","2463","stats","id",NA
"5312875","5312875","Jana Canadell","Cal State Northridge Matadors","2463","stats","id",NA
"5312876","5312876","Maya Contreras","Cal State Northridge Matadors","2463","stats","id",NA
"5175075","5175075","Nadia Bernard","Cal State Northridge Matadors","2463","stats","id",NA
"5241095","5241095","Princess Okafor Nweze","Cal State Northridge Matadors","2463","stats","id",NA
"5240401","5240401","Rita Nazario","Cal State Northridge Matadors","2463","stats","id",NA
"5312872","5312872","Saray White","Cal State Northridge Matadors","2463","stats","id",NA
"5242755","5242755","Sibelle Zambie","Cal State Northridge Matadors","2463","stats","id",NA
"fr_2463_sophiadignadice",NA,"Sophia Dignadice","Cal State Northridge Matadors","2463","newcomer","none",NA
"fr_2856_bellaklages",NA,"Bella Klages","California Baptist Lancers","2856","newcomer","none",NA
"5175966","5175966","Chloe Briggs","California Baptist Lancers","2856","stats","id",NA
"fr_2856_ellalinder",NA,"Ella Linder","California Baptist Lancers","2856","newcomer","none",NA
"fr_2856_josieagnew",NA,"Josie Agnew","California Baptist Lancers","2856","newcomer","none",NA
"5315736","5315736","Lauren Olsen","California Baptist Lancers","2856","stats","id",NA
"5315738","5315738","Marta De La Fuente","California Baptist Lancers","2856","stats","id",NA
"fr_2856_mckinleywillardson",NA,"McKinley Willardson","California Baptist Lancers","2856","newcomer","none",NA
"fr_2856_novellemcquiston",NA,"Novelle McQuiston","California Baptist Lancers","2856","newcomer","none",NA
"5176487","5176487","Paula Haw","California Baptist Lancers","2856","stats","id",NA
"5315735","5315735","Reyleigh Hess","California Baptist Lancers","2856","stats","id",NA
"5314909","5314909","Sienna Grieger","California Baptist Lancers","2856","stats","id",NA
"5176490","5176490","Sofia Alonso","California Baptist Lancers","2856","stats","id",NA
"5312435","5312435","Spela Brecelj","California Baptist Lancers","2856","stats","id",NA
"5240390","5240390","Albina Syla","California Golden Bears","25","stats","id",NA
"5178591","5178591","Anastasia Drosouni","California Golden Bears","25","stats","id",NA
"fr_25_annalagonikaki",NA,"Anna Lagonikaki","California Golden Bears","25","newcomer","none",NA
"5312418","5312418","Carly Amborn","California Golden Bears","25","stats","id",NA
"5124078","5124078","Gisella Maul","California Golden Bears","25","stats","id",NA
"fr_25_jovanajevtovic",NA,"Jovana Jevtovic","California Golden Bears","25","newcomer","none",NA
"5178589","5178589","Lulu Twidale","California Golden Bears","25","stats","id",NA
"5174270","5174270","Mjracle Sheppard","California Golden Bears","25","stats","id",NA
"5105749","5105749","Naya Ojukwu","California Golden Bears","25","stats","id",NA
"fr_25_rubyperkins",NA,"Ruby Perkins","California Golden Bears","25","newcomer","none",NA
"5178275","5178275","Shannon Dowell","California Golden Bears","25","stats","id",NA
"5239498","5239498","Sofia Bowes","California Golden Bears","25","stats","id",NA
"5311853","5311853","Taylor Barnes","California Golden Bears","25","stats","id",NA
"fr_25_zararussell",NA,"Zara Russell","California Golden Bears","25","newcomer","none",NA
"fr_2097_amitarieli",NA,"Amit Arieli","Campbell Fighting Camels","2097","newcomer","none",NA
"fr_2097_claracomas",NA,"Clara Comas","Campbell Fighting Camels","2097","newcomer","none",NA
"fr_2097_durusahbilen",NA,"Durusah Bilen","Campbell Fighting Camels","2097","newcomer","none",NA
"5239383","5239383","Emerson Thompson","Campbell Fighting Camels","2097","stats","id",NA
"fr_2097_emmacarter",NA,"Emma Carter","Campbell Fighting Camels","2097","newcomer","none",NA
"fr_2097_genesisschneeberg",NA,"Genesis Schneeberg","Campbell Fighting Camels","2097","newcomer","none",NA
"fr_2097_hanapredojevic",NA,"Hana Predojevic","Campbell Fighting Camels","2097","newcomer","none",NA
"5239386","5239386","Jasmine Felton","Campbell Fighting Camels","2097","stats","id",NA
"5177745","5177745","Jessica Woods","Campbell Fighting Camels","2097","stats","id",NA
"fr_2097_kiayadavis",NA,"Kiaya Davis","Campbell Fighting Camels","2097","newcomer","none",NA
"fr_2097_lauramartin",NA,"Laura Martín","Campbell Fighting Camels","2097","newcomer","none",NA
"5239382","5239382","Mikayla Taborn","Campbell Fighting Camels","2097","stats","id",NA
"5177748","5177748","Peris Smith","Campbell Fighting Camels","2097","stats","id",NA
"5241762","5241762","Alex Moses","Canisius Golden Griffins","2099","stats","id",NA
"5241761","5241761","Ari Parker","Canisius Golden Griffins","2099","stats","id",NA
"fr_2099_aubreehupp",NA,"Aubree Hupp","Canisius Golden Griffins","2099","newcomer","none",NA
"fr_2099_celenagrant",NA,"Celena Grant","Canisius Golden Griffins","2099","newcomer","none",NA
"5241763","5241763","Corniya Clay","Canisius Golden Griffins","2099","stats","id",NA
"5243541","5243541","Jania Akins","Canisius Golden Griffins","2099","stats","none",NA
"5313571","5313571","Kelsey Bess","Canisius Golden Griffins","2099","stats","id",NA
"5239428","5239428","Maria Sanchez Pitarch","Canisius Golden Griffins","2099","stats","id",NA
"5176851","5176851","Mary Copple","Canisius Golden Griffins","2099","stats","id",NA
"5313573","5313573","Molly Mescall","Canisius Golden Griffins","2099","stats","id",NA
"5176850","5176850","Saige Randolph","Canisius Golden Griffins","2099","stats","id",NA
"5184818","5184818","Shariah Gailes","Canisius Golden Griffins","2099","stats","id",NA
"fr_2099_sofiavitucci",NA,"Sofia Vitucci","Canisius Golden Griffins","2099","newcomer","none",NA
"fr_2099_suzanewembandjonga",NA,"Suzane Wembandjonga","Canisius Golden Griffins","2099","newcomer","none",NA
"5241767","5241767","Yasmine Djibril","Canisius Golden Griffins","2099","stats","id",NA
"5315241","5315241","Alexis Cox","Central Arkansas Sugar Bears","2110","stats","id",NA
"5315242","5315242","Alivia Cox","Central Arkansas Sugar Bears","2110","stats","id",NA
"fr_2110_averymier",NA,"Avery Mier","Central Arkansas Sugar Bears","2110","newcomer","none",NA
"5175432","5175432","Cheyanne Kemp","Central Arkansas Sugar Bears","2110","stats","id",NA
"5315239","5315239","Emerie Bohanon","Central Arkansas Sugar Bears","2110","stats","id",NA
"fr_2110_faithmccallop",NA,"Faith McCallop","Central Arkansas Sugar Bears","2110","newcomer","none",NA
"5240581","5240581","Jenna Cook","Central Arkansas Sugar Bears","2110","stats","id",NA
"5315155","5315155","Layla-J Cameron","Central Arkansas Sugar Bears","2110","stats","id",NA
"5315240","5315240","Laylah Reese","Central Arkansas Sugar Bears","2110","stats","id",NA
"5242242","5242242","Linda Amaning","Central Arkansas Sugar Bears","2110","stats","id",NA
"fr_2110_loganyoung",NA,"Logan Young","Central Arkansas Sugar Bears","2110","newcomer","none",NA
"5240818","5240818","Paris Santacaterina","Central Arkansas Sugar Bears","2110","stats","id",NA
"fr_2110_samishaeffer",NA,"Sami Shaeffer","Central Arkansas Sugar Bears","2110","newcomer","none",NA
"5315776","5315776","Tiani Ellison","Central Arkansas Sugar Bears","2110","stats","id",NA
"5315071","5315071","Christa Ramos","Central Connecticut Blue Devils","2115","stats","id",NA
"5315073","5315073","Jah'Nae Stevens","Central Connecticut Blue Devils","2115","stats","id",NA
"5242506","5242506","Jessica Farrell","Central Connecticut Blue Devils","2115","stats","id",NA
"5315072","5315072","Mathilda Toure","Central Connecticut Blue Devils","2115","stats","id",NA
"5315075","5315075","Nicora Patrick","Central Connecticut Blue Devils","2115","stats","id",NA
"fr_2117_audreyparker",NA,"Audrey Parker","Central Michigan Chippewas","2117","newcomer","none",NA
"5239075","5239075","Indya Davis","Central Michigan Chippewas","2117","stats","id",NA
"fr_2117_jailenngreen",NA,"Jailenn Green","Central Michigan Chippewas","2117","newcomer","none",NA
"fr_2117_jawelledaquin",NA,"Jawelle Daquin","Central Michigan Chippewas","2117","newcomer","none",NA
"5242153","5242153","Jayda Mosley","Central Michigan Chippewas","2117","stats","id",NA
"5313761","5313761","Lilah Turnbull","Central Michigan Chippewas","2117","stats","id",NA
"5242149","5242149","Riley Smith","Central Michigan Chippewas","2117","stats","id",NA
"5313763","5313763","Rylan Buschell","Central Michigan Chippewas","2117","stats","id",NA
"fr_2117_sarahbrown",NA,"Sarah Brown","Central Michigan Chippewas","2117","newcomer","none",NA
"5239074","5239074","Summer Davis","Central Michigan Chippewas","2117","stats","id",NA
"5242154","5242154","Taylor Johnson","Central Michigan Chippewas","2117","stats","id",NA
"5106213","5106213","Abby Jegede","Charleston Cougars","232","stats","id",NA
"5311877","5311877","Anilys Rolon","Charleston Cougars","232","stats","id",NA
"5311876","5311876","Aubrey Stevenson","Charleston Cougars","232","stats","id",NA
"5240349","5240349","Camila De Pool","Charleston Cougars","232","stats","id",NA
"fr_232_chanelndi",NA,"Chanel Ndi","Charleston Cougars","232","newcomer","none",NA
"fr_232_dakaramerthie",NA,"Dakara Merthie","Charleston Cougars","232","newcomer","none",NA
"fr_232_jannavogelaar",NA,"Janna Vogelaar","Charleston Cougars","232","newcomer","none",NA
"fr_232_maggiespell",NA,"Maggie Spell","Charleston Cougars","232","newcomer","none",NA
"5312781","5312781","Mia James","Charleston Cougars","232","stats","id",NA
"5177948","5177948","Tyja Beans","Charleston Cougars","232","stats","id",NA
"5175825","5175825","Alaina Nettles","Charleston Southern Buccaneers","2127","stats","id",NA
"fr_2127_anicaskrivan",NA,"Anica Skrivan","Charleston Southern Buccaneers","2127","newcomer","none",NA
"5311872","5311872","Ashleigh Battle","Charleston Southern Buccaneers","2127","stats","id",NA
"fr_2127_bayansalman",NA,"Bayan Salman","Charleston Southern Buccaneers","2127","newcomer","none",NA
"fr_2127_bertaoliveras",NA,"Berta Oliveras","Charleston Southern Buccaneers","2127","newcomer","none",NA
"fr_2127_celinavilcinskas",NA,"Celina Vilcinskas","Charleston Southern Buccaneers","2127","newcomer","none",NA
"fr_2127_happyarune",NA,"Happy Arune","Charleston Southern Buccaneers","2127","newcomer","none",NA
"fr_2127_ivacholakoska",NA,"Iva Cholakoska","Charleston Southern Buccaneers","2127","newcomer","none",NA
"5176540","5176540","Lauren Cummings","Charleston Southern Buccaneers","2127","stats","id",NA
"fr_2127_rochelleafomanuma",NA,"Rochelle Afo Manuma","Charleston Southern Buccaneers","2127","newcomer","none",NA
"fr_2127_selenaytanik",NA,"Selenay Tanik","Charleston Southern Buccaneers","2127","newcomer","none",NA
"5315582","5315582","Sofia Ekh","Charleston Southern Buccaneers","2127","stats","id",NA
"fr_2127_zarasestan",NA,"Zara Sestan","Charleston Southern Buccaneers","2127","newcomer","none",NA
"5105398","5105398","Audia Young","Charlotte 49ers","2429","stats","id",NA
"5174732","5174732","Caroline Thiel","Charlotte 49ers","2429","stats","id",NA
"5312910","5312910","Charish Thompson","Charlotte 49ers","2429","stats","id",NA
"5178568","5178568","Da'Brya Clark","Charlotte 49ers","2429","stats","id",NA
"5241975","5241975","Destinee Salgado","Charlotte 49ers","2429","stats","id",NA
"5311854","5311854","Isis Johnson-Musah","Charlotte 49ers","2429","stats","id",NA
"5315038","5315038","Ja'Navia Gage","Charlotte 49ers","2429","stats","id",NA
"5315040","5315040","McKenzie Graves","Charlotte 49ers","2429","stats","id",NA
"5315037","5315037","Taliah Cornish","Charlotte 49ers","2429","stats","id",NA
"5242673","5242673","Zoe Best","Charlotte 49ers","2429","stats","id",NA
"fr_236_aaliyahstory",NA,"Aaliyah Story","Chattanooga Mocs","236","newcomer","none",NA
"5243488","5243488","Ava Card","Chattanooga Mocs","236","stats","id",NA
"5109808","5109808","Caelan Ellis","Chattanooga Mocs","236","stats","id",NA
"5315351","5315351","Evie Bruce","Chattanooga Mocs","236","stats","id",NA
"5315353","5315353","Falon Bedke","Chattanooga Mocs","236","stats","id",NA
"5238285","5238285","Gabbie Grooms","Chattanooga Mocs","236","stats","id",NA
"5243485","5243485","Izzy McPherson","Chattanooga Mocs","236","stats","id",NA
"5315354","5315354","Kami Wilson","Chattanooga Mocs","236","stats","id",NA
"5315352","5315352","London Weaver","Chattanooga Mocs","236","stats","id",NA
"fr_236_lydialedford",NA,"Lydia Ledford","Chattanooga Mocs","236","newcomer","none",NA
"5315350","5315350","Sarah Owona","Chattanooga Mocs","236","stats","id",NA
"fr_236_sinaehill",NA,"Sinae Hill","Chattanooga Mocs","236","newcomer","none",NA
"5312245","5312245","TaTianna Stovall","Chattanooga Mocs","236","stats","id",NA
"5174359","5174359","Brianna Hill","Chicago State Cougars","2130","stats","id",NA
"5315100","5315100","Chloe Sisco","Chicago State Cougars","2130","stats","id",NA
"5315105","5315105","Elani Randall","Chicago State Cougars","2130","stats","id",NA
"5315102","5315102","Jade Hamilton-Gill","Chicago State Cougars","2130","stats","id",NA
"5177990","5177990","Kacelyn Urlacher","Chicago State Cougars","2130","stats","id",NA
"5242509","5242509","Keona McGee","Chicago State Cougars","2130","stats","id",NA
"5315101","5315101","Kitali Youmans","Chicago State Cougars","2130","stats","id",NA
"5242510","5242510","Kyara Champagne","Chicago State Cougars","2130","stats","id",NA
"5242508","5242508","Marisa Gant","Chicago State Cougars","2130","stats","id",NA
"5315103","5315103","Paris Bass","Chicago State Cougars","2130","stats","id",NA
"5174369","5174369","Amber Bullard","Cincinnati Bearcats","2132","stats","id",NA
"5313641","5313641","Caliyah DeVillasee","Cincinnati Bearcats","2132","stats","id",NA
"5313643","5313643","Dee Alexander","Cincinnati Bearcats","2132","stats","id",NA
"5314944","5314944","Jade Jones","Cincinnati Bearcats","2132","stats","id",NA
"fr_2132_jaidyngunter",NA,"Jaidyn Gunter","Cincinnati Bearcats","2132","newcomer","none",NA
"5313642","5313642","Joya Crawford","Cincinnati Bearcats","2132","stats","id",NA
"5313645","5313645","Kali Barrett","Cincinnati Bearcats","2132","stats","id",NA
"fr_2132_martafernandez",NA,"Marta Fernandez","Cincinnati Bearcats","2132","newcomer","none",NA
"5240739","5240739","Mary Carden","Cincinnati Bearcats","2132","stats","id",NA
"5311538","5311538","Naomi Benson","Cincinnati Bearcats","2132","stats","id",NA
"5313640","5313640","Paige Whitted","Cincinnati Bearcats","2132","stats","id",NA
"5175480","5175480","Reagan Jackson","Cincinnati Bearcats","2132","stats","id",NA
"5174286","5174286","Sahnya Jah","Cincinnati Bearcats","2132","stats","id",NA
"5242696","5242696","Yar Tong","Cincinnati Bearcats","2132","stats","id",NA
"fr_2132_zougarba",NA,"Zou Garba","Cincinnati Bearcats","2132","newcomer","none",NA
"5311958","5311958","Amaia Jackson","Clemson Tigers","228","stats","id",NA
"5240809","5240809","Edie Clarke","Clemson Tigers","228","stats","id",NA
"5311957","5311957","Holland Harris","Clemson Tigers","228","stats","id",NA
"5174254","5174254","Jenna Lawrence","Clemson Tigers","228","stats","id",NA
"fr_228_juliascott",NA,"Julia Scott","Clemson Tigers","228","newcomer","none",NA
"fr_228_kimorafields",NA,"Kimora Fields","Clemson Tigers","228","newcomer","none",NA
"5174438","5174438","Mackenzie Nelson","Clemson Tigers","228","stats","id",NA
"fr_228_meeyahgreen",NA,"Meeyah Green","Clemson Tigers","228","newcomer","none",NA
"5238275","5238275","Morgan Miller","Clemson Tigers","228","stats","id",NA
"5174417","5174417","Rusne Augustinaite","Clemson Tigers","228","stats","id",NA
"5312400","5312400","Taliyah Henderson","Clemson Tigers","228","stats","id",NA
"5174256","5174256","Yakiya Milton","Clemson Tigers","228","stats","id",NA
"5177991","5177991","Alexa Hocevar","Cleveland State Vikings","325","stats","id",NA
"4595282","4595282","Annika Corcoran","Cleveland State Vikings","325","stats","id",NA
"5315297","5315297","Brianna Barr-Buday","Cleveland State Vikings","325","stats","id",NA
"5174341","5174341","Chloe Oliver","Cleveland State Vikings","325","stats","id",NA
"5240290","5240290","Fatou Sane","Cleveland State Vikings","325","stats","id",NA
"5313022","5313022","Hanna Medina Kajevic","Cleveland State Vikings","325","stats","id",NA
"5109049","5109049","Macie Taylor","Cleveland State Vikings","325","stats","id",NA
"5241474","5241474","Paula Pique","Cleveland State Vikings","325","stats","id",NA
"5183555","5183555","Queen Ruffin","Cleveland State Vikings","325","stats","id",NA
"5241106","5241106","Sarah Hurley","Cleveland State Vikings","325","stats","id",NA
"5174516","5174516","Silvia Gonzalez","Cleveland State Vikings","325","stats","id",NA
"5313023","5313023","Sur Lozano","Cleveland State Vikings","325","stats","id",NA
"5318848","5318848","Tiyahna Trottier","Cleveland State Vikings","325","stats","none",NA
"fr_324_anjadjukic",NA,"Anja Djukic","Coastal Carolina Chanticleers","324","newcomer","none",NA
"fr_324_arnayshiagriffin",NA,"Ar'Nayshia Griffin","Coastal Carolina Chanticleers","324","newcomer","none",NA
"fr_324_asiapatin",NA,"Asia Patin","Coastal Carolina Chanticleers","324","newcomer","none",NA
"fr_324_audreybeyer",NA,"Audrey Beyer","Coastal Carolina Chanticleers","324","newcomer","none",NA
"5315041","5315041","Baylee Lowder","Coastal Carolina Chanticleers","324","stats","id",NA
"5258764","5258764","Caroline Mullins","Coastal Carolina Chanticleers","324","stats","none",NA
"5175735","5175735","D'Yanis Jimenez","Coastal Carolina Chanticleers","324","stats","id",NA
"5191991","5191991","Grace Lesko","Coastal Carolina Chanticleers","324","stats","none",NA
"5238316","5238316","Kamryn Kitchen","Coastal Carolina Chanticleers","324","stats","id",NA
"5315042","5315042","Olivia Klanac","Coastal Carolina Chanticleers","324","stats","id",NA
"5315043","5315043","Tateyoina Harris","Coastal Carolina Chanticleers","324","stats","id",NA
"5175734","5175734","Tessa Grady","Coastal Carolina Chanticleers","324","stats","id",NA
"5176904","5176904","Amarah Streiff","Colgate Raiders","2142","stats","id",NA
"5242729","5242729","Ella Mahaffey","Colgate Raiders","2142","stats","id",NA
"5176905","5176905","Ella Meabon","Colgate Raiders","2142","stats","id",NA
"5315293","5315293","Ellie Cronin","Colgate Raiders","2142","stats","id",NA
"fr_2142_fleurgamal",NA,"Fleur Gamal","Colgate Raiders","2142","newcomer","none",NA
"fr_2142_kailafrancis",NA,"Kaila Francis","Colgate Raiders","2142","newcomer","none",NA
"5240772","5240772","Karena Eberts","Colgate Raiders","2142","stats","id",NA
"fr_2142_kendallkonigsberg",NA,"Kendall Konigsberg","Colgate Raiders","2142","newcomer","none",NA
"5315292","5315292","Kennedy Parrott","Colgate Raiders","2142","stats","id",NA
"5242730","5242730","Laila Hankerson","Colgate Raiders","2142","stats","id",NA
"5176906","5176906","Maryan Eniafe","Colgate Raiders","2142","stats","id",NA
"fr_2142_miabrockmeyer",NA,"Mia Brockmeyer","Colgate Raiders","2142","newcomer","none",NA
"fr_2142_mollycorcoran",NA,"Molly Corcoran","Colgate Raiders","2142","newcomer","none",NA
"fr_2142_tmaeaeteuati",NA,"T'Maea Eteuati","Colgate Raiders","2142","newcomer","none",NA
"5242731","5242731","Taye Matthews","Colgate Raiders","2142","stats","id",NA
"5110057","5110057","Anete Adler","Colorado Buffaloes","38","stats","id",NA
"5312755","5312755","Aniya' Foy","Colorado Buffaloes","38","stats","id",NA
"5239480","5239480","Brooke Walker","Colorado Buffaloes","38","stats","id",NA
"fr_38_cailjahnke",NA,"Cail Jahnke","Colorado Buffaloes","38","newcomer","none",NA
"5174335","5174335","Claire O'Connor","Colorado Buffaloes","38","stats","id",NA
"5313648","5313648","Jade Crook","Colorado Buffaloes","38","stats","id",NA
"5175883","5175883","Kennedy Sanders","Colorado Buffaloes","38","stats","id",NA
"5315728","5315728","Kira Reynolds","Colorado Buffaloes","38","stats","id",NA
"fr_38_laurenharris",NA,"Lauren Harris","Colorado Buffaloes","38","newcomer","none",NA
"5313650","5313650","Logyn Greer","Colorado Buffaloes","38","stats","id",NA
"5106185","5106185","Maeve McErlane","Colorado Buffaloes","38","stats","id",NA
"5315055","5315055","Mecailin Marshall","Colorado Buffaloes","38","stats","id",NA
"5313651","5313651","Sophie Zadel","Colorado Buffaloes","38","stats","id",NA
"4565512","4565512","Zyanna Walker","Colorado Buffaloes","38","stats","id",NA
"5311971","5311971","Anna Wikstrom","Colorado State Rams","36","stats","id",NA
"5242457","5242457","Caitlin Kramer","Colorado State Rams","36","stats","id",NA
"5242013","5242013","Camryn Runner","Colorado State Rams","36","stats","id",NA
"fr_36_elsielarsen",NA,"Elsie Larsen","Colorado State Rams","36","newcomer","none",NA
"fr_36_emilieborgesmichaelsen",NA,"Emilie Borges-Michaelsen","Colorado State Rams","36","newcomer","none",NA
"5315003","5315003","Gianna Smith","Colorado State Rams","36","stats","id",NA
"5242490","5242490","Heidur Karlsdottir","Colorado State Rams","36","stats","id",NA
"5242454","5242454","Kloe Froebe","Colorado State Rams","36","stats","id",NA
"fr_36_kylahollier",NA,"Kyla Hollier","Colorado State Rams","36","newcomer","none",NA
"5174255","5174255","Maryn Archer","Colorado State Rams","36","stats","id",NA
"5242459","5242459","McKenna Murphy","Colorado State Rams","36","stats","id",NA
"5242458","5242458","Olivia Pawlicki","Colorado State Rams","36","stats","id",NA
"4898526","4898526","Sophie Sene","Colorado State Rams","36","stats","id",NA
"5313299","5313299","Alicia Mitchell","Columbia Lions","171","stats","id",NA
"5176369","5176369","Blau Tor","Columbia Lions","171","stats","id",NA
"fr_171_chloedix",NA,"Chloe Dix","Columbia Lions","171","newcomer","none",NA
"fr_171_chloevella",NA,"Chloe Vella","Columbia Lions","171","newcomer","none",NA
"5313300","5313300","Eirny Erinugha","Columbia Lions","171","stats","id",NA
"5176363","5176363","Fliss Henderson","Columbia Lions","171","stats","id",NA
"5174275","5174275","Hilke Feldrappe","Columbia Lions","171","stats","id",NA
"5174280","5174280","Marija Avlijas","Columbia Lions","171","stats","id",NA
"5241577","5241577","Marta Jaama","Columbia Lions","171","stats","id",NA
"5175723","5175723","Mary Ashley Stevenson","Columbia Lions","171","stats","id",NA
"fr_171_mathisdritz",NA,"Mathis Dritz","Columbia Lions","171","newcomer","none",NA
"5241574","5241574","Mia Broom","Columbia Lions","171","stats","id",NA
"5241575","5241575","Nasi Simmons","Columbia Lions","171","stats","id",NA
"5176366","5176366","Riley Weiss","Columbia Lions","171","stats","id",NA
"5246871","5246871","Amber Howard","Coppin State Eagles","2154","stats","id",NA
"5313747","5313747","Anya George","Coppin State Eagles","2154","stats","id",NA
"fr_2154_ariellefacyson",NA,"Arielle Facyson","Coppin State Eagles","2154","newcomer","none",NA
"fr_2154_arlyzapata",NA,"Arly Zapata","Coppin State Eagles","2154","newcomer","none",NA
"fr_2154_brayanamiles",NA,"Bray'ana Miles","Coppin State Eagles","2154","newcomer","none",NA
"fr_2154_cianiscott",NA,"Ciani Scott","Coppin State Eagles","2154","newcomer","none",NA
"5312024","5312024","Delaney Cooper","Coppin State Eagles","2154","stats","id",NA
"fr_2154_heavenreese",NA,"Heaven Reese","Coppin State Eagles","2154","newcomer","none",NA
"fr_2154_jayleenjones",NA,"Jayleen Jones","Coppin State Eagles","2154","newcomer","none",NA
"5315036","5315036","Karen Nimo","Coppin State Eagles","2154","stats","id",NA
"5314807","5314807","Kylie Wells","Coppin State Eagles","2154","stats","id",NA
"5315330","5315330","Samari Taylor","Coppin State Eagles","2154","stats","id",NA
"5243326","5243326","Shanaii Gamble","Coppin State Eagles","2154","stats","id",NA
"5241810","5241810","Alana Andrews","Cornell Big Red","172","stats","id",NA
"5313307","5313307","Ally Pape","Cornell Big Red","172","stats","id",NA
"5313304","5313304","Ashley Childers","Cornell Big Red","172","stats","id",NA
"5241811","5241811","Audrey Chen","Cornell Big Red","172","stats","id",NA
"fr_172_brookenunnallygardner",NA,"Brooke Nunnally-Gardner","Cornell Big Red","172","newcomer","none",NA
"5176410","5176410","Clarke Jackson","Cornell Big Red","172","stats","id",NA
"fr_172_emmaobrien",NA,"Emma O'Brien","Cornell Big Red","172","newcomer","none",NA
"5313305","5313305","Grace Renners","Cornell Big Red","172","stats","id",NA
"fr_172_katieleonard",NA,"Katie Leonard","Cornell Big Red","172","newcomer","none",NA
"5241812","5241812","Kelsey Langston","Cornell Big Red","172","stats","id",NA
"5241809","5241809","Paige Engels","Cornell Big Red","172","stats","id",NA
"5176408","5176408","Rachel Kaus","Cornell Big Red","172","stats","id",NA
"fr_172_rhylinfehrenbach",NA,"Rhylin Fehrenbach","Cornell Big Red","172","newcomer","none",NA
"fr_172_simonerichmond",NA,"Simone Richmond","Cornell Big Red","172","newcomer","none",NA
"5313303","5313303","Trinity Jones","Cornell Big Red","172","stats","id",NA
"5313306","5313306","Willa Chinn","Cornell Big Red","172","stats","id",NA
"5240221","5240221","Allison Heathcock","Creighton Bluejays","156","stats","id",NA
"5312680","5312680","Ava Zediker","Creighton Bluejays","156","stats","id",NA
"fr_156_jaylawilliams",NA,"Jayla Williams","Creighton Bluejays","156","newcomer","none",NA
"fr_156_kateamelotte",NA,"Kate Amelotte","Creighton Bluejays","156","newcomer","none",NA
"5312676","5312676","Kendall McGee","Creighton Bluejays","156","stats","id",NA
"5312679","5312679","Neleigh Gessert","Creighton Bluejays","156","stats","id",NA
"5108516","5108516","Niamya Holloway","Creighton Bluejays","156","stats","id",NA
"5312681","5312681","Norah Gessert","Creighton Bluejays","156","stats","id",NA
"5312677","5312677","Tara Dacic","Creighton Bluejays","156","stats","id",NA
"5180453","5180453","Alexandra Eldredge","Dartmouth Big Green","159","stats","id",NA
"fr_159_annabeischer",NA,"Anna Beischer","Dartmouth Big Green","159","newcomer","none",NA
"5176429","5176429","Cate MacDonald","Dartmouth Big Green","159","stats","id",NA
"5313312","5313312","Debra Hill","Dartmouth Big Green","159","stats","id",NA
"5241814","5241814","Ellie Cerf","Dartmouth Big Green","159","stats","id",NA
"5313309","5313309","Emma Olausson","Dartmouth Big Green","159","stats","id",NA
"fr_159_evejungman",NA,"Eve Jungman","Dartmouth Big Green","159","newcomer","none",NA
"fr_159_izzycruz",NA,"Izzy Cruz","Dartmouth Big Green","159","newcomer","none",NA
"5313310","5313310","Jacalyn Myrthil","Dartmouth Big Green","159","stats","id",NA
"fr_159_mayashifrin",NA,"Maya Shifrin","Dartmouth Big Green","159","newcomer","none",NA
"5241815","5241815","Olivia Austin","Dartmouth Big Green","159","stats","id",NA
"fr_159_peytonhoblock",NA,"Peyton Hoblock","Dartmouth Big Green","159","newcomer","none",NA
"5176431","5176431","Sierra Carson","Dartmouth Big Green","159","stats","id",NA
"5241813","5241813","Tahira Muhammad","Dartmouth Big Green","159","stats","id",NA
"5313311","5313311","Yufei Zou","Dartmouth Big Green","159","stats","none",NA
"5241816","5241816","Zeynep Ozel","Dartmouth Big Green","159","stats","id",NA
"5312760","5312760","Asha Nightingale","Davidson Wildcats","2166","stats","id",NA
"5312758","5312758","Elena Alvarez Castellanos","Davidson Wildcats","2166","stats","id",NA
"5174342","5174342","Eliza Buerk","Davidson Wildcats","2166","stats","id",NA
"5240309","5240309","Emilie Bessell","Davidson Wildcats","2166","stats","id",NA
"5314927","5314927","Georgia Ferguson","Davidson Wildcats","2166","stats","id",NA
"5312759","5312759","Ines Garcia Monje","Davidson Wildcats","2166","stats","id",NA
"5174428","5174428","Jasmine Timmerson","Davidson Wildcats","2166","stats","id",NA
"5125384","5125384","Katie Donovan","Davidson Wildcats","2166","stats","id",NA
"5240305","5240305","Kyra Bruyndoncx","Davidson Wildcats","2166","stats","id",NA
"fr_2166_lillionnela",NA,"Lilli Onnela","Davidson Wildcats","2166","newcomer","none",NA
"fr_2166_sharnireisinger",NA,"Sharni Reisinger","Davidson Wildcats","2166","newcomer","none",NA
"fr_2166_svevabernasconi",NA,"Sveva Bernasconi","Davidson Wildcats","2166","newcomer","none",NA
"5174343","5174343","Sylvie Jackson","Davidson Wildcats","2166","stats","id",NA
"5175698","5175698","Ajok Madol","Dayton Flyers","2168","stats","id",NA
"fr_2168_brookemcleod",NA,"Brooke McLeod","Dayton Flyers","2168","newcomer","none",NA
"5175678","5175678","Cori Allen","Dayton Flyers","2168","stats","id",NA
"5178458","5178458","Fatima Ibrahim","Dayton Flyers","2168","stats","id",NA
"5174339","5174339","Jayda Johnson","Dayton Flyers","2168","stats","id",NA
"5240038","5240038","Jordyn Poole","Dayton Flyers","2168","stats","id",NA
"fr_2168_londonjohnson",NA,"London Johnson","Dayton Flyers","2168","newcomer","none",NA
"5312765","5312765","M.G. Talle","Dayton Flyers","2168","stats","id",NA
"fr_2168_mileesmith",NA,"Milee Smith","Dayton Flyers","2168","newcomer","none",NA
"5240300","5240300","Molly O'Riordan","Dayton Flyers","2168","stats","id",NA
"5240298","5240298","Olivia Leung","Dayton Flyers","2168","stats","id",NA
"5175725","5175725","Sophie Swanson","Dayton Flyers","2168","stats","id",NA
"fr_48_amaliafruchtman",NA,"Amalia Fruchtman","Delaware Blue Hens","48","newcomer","none",NA
"5312791","5312791","Daniella Matus","Delaware Blue Hens","48","stats","id",NA
"fr_48_emarychtecka",NA,"Ema Rychtecka","Delaware Blue Hens","48","newcomer","none",NA
"5175879","5175879","Frances Ulysse","Delaware Blue Hens","48","stats","id",NA
"5239401","5239401","Gianna Johnson","Delaware Blue Hens","48","stats","id",NA
"5315743","5315743","Jordyn Coleman","Delaware Blue Hens","48","stats","id",NA
"5241032","5241032","Kendall Scott","Delaware Blue Hens","48","stats","id",NA
"5175682","5175682","Kennise Johnson","Delaware Blue Hens","48","stats","id",NA
"fr_48_londoncaldwell",NA,"London Caldwell","Delaware Blue Hens","48","newcomer","none",NA
"fr_48_milenabigovic",NA,"Milena Bigovic","Delaware Blue Hens","48","newcomer","none",NA
"fr_48_reginadonanu",NA,"Regina Donanu","Delaware Blue Hens","48","newcomer","none",NA
"5186462","5186462","Safi Kolliegbo","Delaware Blue Hens","48","stats","id",NA
"5312773","5312773","Sanyiah Littlejohn","Delaware Blue Hens","48","stats","id",NA
"5320185","5320185","Amya Scott","Delaware State Hornets","2169","stats","id",NA
"5320186","5320186","Anise Geiger","Delaware State Hornets","2169","stats","id",NA
"5318400","5318400","Autumn Simon","Delaware State Hornets","2169","stats","none",NA
"5174757","5174757","Channing Williams","Delaware State Hornets","2169","stats","id",NA
"5174395","5174395","Dallas Pierce","Delaware State Hornets","2169","stats","id",NA
"fr_2169_eniyahstinnette",NA,"Eniyah Stinnette","Delaware State Hornets","2169","newcomer","none",NA
"fr_2169_jadeajohnson",NA,"Jadea' Johnson","Delaware State Hornets","2169","newcomer","none",NA
"fr_2169_jaidahelm",NA,"Jaida Helm","Delaware State Hornets","2169","newcomer","none",NA
"5178459","5178459","Mahogany Cottingham","Delaware State Hornets","2169","stats","id",NA
"fr_2169_mariahjones",NA,"Mariah Jones","Delaware State Hornets","2169","newcomer","none",NA
"5315361","5315361","Maya McCorkle","Delaware State Hornets","2169","stats","id",NA
"fr_2169_nylaprice",NA,"Nyla Price","Delaware State Hornets","2169","newcomer","none",NA
"fr_2169_skyepepp",NA,"Skye Pepp","Delaware State Hornets","2169","newcomer","none",NA
"fr_2169_skylahkemp",NA,"Skylah Kemp","Delaware State Hornets","2169","newcomer","none",NA
"5242229","5242229","Ana Conde","Denver Pioneers","2172","stats","id",NA
"5239531","5239531","Anna Rosenberger","Denver Pioneers","2172","stats","id",NA
"5176504","5176504","Brooke Murrell","Denver Pioneers","2172","stats","id",NA
"fr_2172_emmahart",NA,"Emma Hart","Denver Pioneers","2172","newcomer","none",NA
"5314599","5314599","Karolina Padilla","Denver Pioneers","2172","stats","id",NA
"5174372","5174372","Laia Monclova","Denver Pioneers","2172","stats","id",NA
"5314595","5314595","Lexi Pletschette","Denver Pioneers","2172","stats","id",NA
"5239534","5239534","Lily Esparza","Denver Pioneers","2172","stats","id",NA
"5177962","5177962","Mallory McQuietor","Denver Pioneers","2172","stats","id",NA
"fr_2172_safiyahsugapong",NA,"Safiyah Sugapong","Denver Pioneers","2172","newcomer","none",NA
"5314596","5314596","Tori Baker","Denver Pioneers","2172","stats","id",NA
"5240227","5240227","Ally Timm","DePaul Blue Demons","305","stats","id",NA
"5240901","5240901","Devin Hagemann","DePaul Blue Demons","305","stats","id",NA
"fr_305_doyinsolalijirin",NA,"Doyinsola Lijirin","DePaul Blue Demons","305","newcomer","none",NA
"fr_305_emilybojan",NA,"Emily Bojan","DePaul Blue Demons","305","newcomer","none",NA
"5312682","5312682","Gina Davorija","DePaul Blue Demons","305","stats","id",NA
"5178153","5178153","Kaliyah Dillard","DePaul Blue Demons","305","stats","id",NA
"4682567","4682567","Kate Clarke","DePaul Blue Demons","305","stats","id",NA
"5107682","5107682","Keira Hanson","DePaul Blue Demons","305","stats","id",NA
"5178274","5178274","Lijirin Doyinsola Modesayor","DePaul Blue Demons","305","stats","id",NA
"5178530","5178530","Louis Volker","DePaul Blue Demons","305","stats","id",NA
"fr_305_mikaialitza",NA,"Mikaia Litza","DePaul Blue Demons","305","newcomer","none",NA
"5174332","5174332","Nyah Lowery","DePaul Blue Demons","305","stats","id",NA
"5176871","5176871","Zoey Ward","DePaul Blue Demons","305","stats","id",NA
"5241111","5241111","Addisen Mastriano","Detroit Mercy Titans","2174","stats","id",NA
"fr_2174_alonnadivine",NA,"Alonna Divine","Detroit Mercy Titans","2174","newcomer","none",NA
"5241107","5241107","Anna Lassan","Detroit Mercy Titans","2174","stats","id",NA
"fr_2174_audreytchakotchako",NA,"Audrey Tchako Tchako","Detroit Mercy Titans","2174","newcomer","none",NA
"5177883","5177883","Makayla Jackson","Detroit Mercy Titans","2174","stats","id",NA
"fr_2174_mariannajones",NA,"Marianna Jones","Detroit Mercy Titans","2174","newcomer","none",NA
"5255112","5255112","Marie Outlay","Detroit Mercy Titans","2174","stats","none",NA
"5241108","5241108","Maya Anderson","Detroit Mercy Titans","2174","stats","id",NA
"5313025","5313025","Naima Diawara","Detroit Mercy Titans","2174","stats","id",NA
"fr_2174_ninarodriguez",NA,"Nina Rodriguez","Detroit Mercy Titans","2174","newcomer","none",NA
"5178189","5178189","Paula Lopez","Detroit Mercy Titans","2174","stats","id",NA
"5243542","5243542","Stephanie Utomi","Detroit Mercy Titans","2174","stats","id",NA
"fr_2181_alexcouch",NA,"Alex Couch","Drake Bulldogs","2181","newcomer","none",NA
"5315734","5315734","Allie Myers","Drake Bulldogs","2181","stats","id",NA
"5314925","5314925","Anna Becker","Drake Bulldogs","2181","stats","id",NA
"5178013","5178013","Brooklin Dailey","Drake Bulldogs","2181","stats","id",NA
"fr_2181_gracefincham",NA,"Grace Fincham","Drake Bulldogs","2181","newcomer","none",NA
"5242003","5242003","Grace Knutson","Drake Bulldogs","2181","stats","id",NA
"fr_2181_karisfinley",NA,"Karis Finley","Drake Bulldogs","2181","newcomer","none",NA
"5242196","5242196","Lexi Carlsen","Drake Bulldogs","2181","stats","id",NA
"5242005","5242005","Maggie Taylor","Drake Bulldogs","2181","stats","id",NA
"5242004","5242004","Peyton McCabe","Drake Bulldogs","2181","stats","id",NA
"5314926","5314926","Quinn Vice","Drake Bulldogs","2181","stats","id",NA
"5109169","5109169","Taedyn Gray","Drake Bulldogs","2181","stats","id",NA
"4898545","4898545","Aisha Dabo","Drexel Dragons","2182","stats","id",NA
"fr_2182_avafajardo",NA,"Ava Fajardo","Drexel Dragons","2182","newcomer","none",NA
"5311881","5311881","Bria Watkins","Drexel Dragons","2182","stats","id",NA
"5239404","5239404","Emilee Jones","Drexel Dragons","2182","stats","id",NA
"fr_2182_emmamontanari",NA,"Emma Montanari","Drexel Dragons","2182","newcomer","none",NA
"5174773","5174773","Julia Garcia Roig","Drexel Dragons","2182","stats","id",NA
"5177761","5177761","Laine McGurk","Drexel Dragons","2182","stats","id",NA
"5239402","5239402","Mariah Watkins","Drexel Dragons","2182","stats","id",NA
"fr_2182_meganrullo",NA,"Megan Rullo","Drexel Dragons","2182","newcomer","none",NA
"fr_2182_mileymalcolm",NA,"Miley Malcolm","Drexel Dragons","2182","newcomer","none",NA
"5109188","5109188","Molly Lavin","Drexel Dragons","2182","stats","id",NA
"5311880","5311880","Molly Rullo","Drexel Dragons","2182","stats","id",NA
"5311568","5311568","Aaliyah Crump","Duke Blue Devils","150","stats","id",NA
"5238276","5238276","Arianna Roberson","Duke Blue Devils","150","stats","id",NA
"fr_150_autumnfleary",NA,"Autumn Fleary","Duke Blue Devils","150","newcomer","none",NA
"fr_150_bellaflemings",NA,"Bella Flemings","Duke Blue Devils","150","newcomer","none",NA
"5174409","5174409","Delaney Thomas","Duke Blue Devils","150","stats","id",NA
"5311970","5311970","Emilee Skinner","Duke Blue Devils","150","stats","id",NA
"5174407","5174407","Jadyn Donovan","Duke Blue Devils","150","stats","id",NA
"5174410","5174410","Jordan Wood","Duke Blue Devils","150","stats","id",NA
"5195636","5195636","Olivia Martin","Duke Blue Devils","150","stats","id",NA
"4894357","4894357","Riley Nelson","Duke Blue Devils","150","stats","id",NA
"fr_150_sanaigreen",NA,"Sanai Green","Duke Blue Devils","150","newcomer","none",NA
"fr_150_taylorsofilkanich",NA,"Taylor Sofilkanich","Duke Blue Devils","150","newcomer","none",NA
"5238277","5238277","Toby Fournier","Duke Blue Devils","150","stats","id",NA
"fr_2184_amayarobinson",NA,"Amaya Robinson","Duquesne Dukes","2184","newcomer","none",NA
"fr_2184_ayalaoren",NA,"Ayala Oren","Duquesne Dukes","2184","newcomer","none",NA
"5311507","5311507","Bakhaw Seye","Duquesne Dukes","2184","stats","none",NA
"5174412","5174412","Carla Viegas","Duquesne Dukes","2184","stats","id",NA
"fr_2184_dalmagrets",NA,"Dalma Grets","Duquesne Dukes","2184","newcomer","none",NA
"5242241","5242241","De'Naya Rippey","Duquesne Dukes","2184","stats","id",NA
"fr_2184_dieymariediouf",NA,"Dieymarie Diouf","Duquesne Dukes","2184","newcomer","none",NA
"5177892","5177892","Dunja Zecevic","Duquesne Dukes","2184","stats","id",NA
"5174348","5174348","Gabby Grantham-Medley","Duquesne Dukes","2184","stats","id",NA
"5240294","5240294","Kellie McConnell","Duquesne Dukes","2184","stats","id",NA
"5241031","5241031","Maja Rohkohl","Duquesne Dukes","2184","stats","id",NA
"5240295","5240295","Nadia Moore","Duquesne Dukes","2184","stats","id",NA
"5311509","5311509","Raevin Washington","Duquesne Dukes","2184","stats","id",NA
"fr_151_avarush",NA,"Ava Rush","East Carolina Pirates","151","newcomer","none",NA
"fr_151_chelseadike",NA,"Chelsea Dike","East Carolina Pirates","151","newcomer","none",NA
"5178389","5178389","Georgia Cox","East Carolina Pirates","151","stats","id",NA
"fr_151_irieannasmoot",NA,"Irieanna Smoot","East Carolina Pirates","151","newcomer","none",NA
"5175515","5175515","Jayda Holiman","East Carolina Pirates","151","stats","id",NA
"5107548","5107548","Jayla Hearp","East Carolina Pirates","151","stats","id",NA
"5240941","5240941","Kendall Sneed","East Carolina Pirates","151","stats","id",NA
"5314200","5314200","Mildred Dibua","East Carolina Pirates","151","stats","id",NA
"5314197","5314197","Olivia Hilliard","East Carolina Pirates","151","stats","id",NA
"fr_151_ryliehite",NA,"Rylie Hite","East Carolina Pirates","151","newcomer","none",NA
"5312778","5312778","Sara Blair","East Carolina Pirates","151","stats","id",NA
"fr_151_tristanrickenbacker",NA,"Tristan Rickenbacker","East Carolina Pirates","151","newcomer","none",NA
"5178099","5178099","Tuana Coskun","East Carolina Pirates","151","stats","id",NA
"5314201","5314201","Zaniah Zellous","East Carolina Pirates","151","stats","id",NA
"fr_2193_alannatatum",NA,"Alanna Tatum","East Tennessee State Bucs","2193","newcomer","none",NA
"fr_2193_carleyssiawallace",NA,"Carleyssia Wallace","East Tennessee State Bucs","2193","newcomer","none",NA
"5243537","5243537","Carmen Richardson","East Tennessee State Bucs","2193","stats","id",NA
"5174776","5174776","Daniela López","East Tennessee State Bucs","2193","stats","id",NA
"5315365","5315365","Emmah McAmis","East Tennessee State Bucs","2193","stats","id",NA
"5243538","5243538","Jaidyn Harper","East Tennessee State Bucs","2193","stats","id",NA
"fr_2193_lovelygabriel",NA,"Lovely Gabriel","East Tennessee State Bucs","2193","newcomer","none",NA
"5315364","5315364","Lucia France","East Tennessee State Bucs","2193","stats","id",NA
"5243534","5243534","Lucy Hood","East Tennessee State Bucs","2193","stats","id",NA
"5315360","5315360","SaBreya Monsanto","East Tennessee State Bucs","2193","stats","id",NA
"5106121","5106121","Sydney-James Desroches","East Tennessee State Bucs","2193","stats","id",NA
"5178256","5178256","Yanessa Boyd","East Tennessee State Bucs","2193","stats","id",NA
"fr_2837_blaykebrackens",NA,"Blayke Brackens","East Texas A&M Lions","2837","newcomer","none",NA
"5313014","5313014","Brooklyn Terry","East Texas A&M Lions","2837","stats","id",NA
"5178029","5178029","Cora Horvath","East Texas A&M Lions","2837","stats","id",NA
"5109386","5109386","Jadyn Fife","East Texas A&M Lions","2837","stats","id",NA
"5175519","5175519","Keiori Lee","East Texas A&M Lions","2837","stats","id",NA
"fr_2837_makenziewhite",NA,"MaKenzie White","East Texas A&M Lions","2837","newcomer","none",NA
"5177947","5177947","Nina Horvath","East Texas A&M Lions","2837","stats","id",NA
"5315775","5315775","Rezia Castillo","East Texas A&M Lions","2837","stats","id",NA
"5314967","5314967","Samantha Serrano","East Texas A&M Lions","2837","stats","id",NA
"5315777","5315777","Terrayah McCoy","East Texas A&M Lions","2837","stats","id",NA
"5178035","5178035","Torie Sevier","East Texas A&M Lions","2837","stats","id",NA
"fr_2837_zoeemitchell",NA,"Zoee Mitchell","East Texas A&M Lions","2837","newcomer","none",NA
"5175793","5175793","Abbie Boutilier","Eastern Illinois Panthers","2197","stats","id",NA
"5178387","5178387","Adriana Arroyo","Eastern Illinois Panthers","2197","stats","id",NA
"fr_2197_alahnnasimpson",NA,"Alahnna Simpson","Eastern Illinois Panthers","2197","newcomer","none",NA
"5242649","5242649","Alanna Phillipo","Eastern Illinois Panthers","2197","stats","id",NA
"5178419","5178419","Ava Stoller","Eastern Illinois Panthers","2197","stats","id",NA
"5176547","5176547","Clara Glad","Eastern Illinois Panthers","2197","stats","id",NA
"fr_2197_daliagrandberry",NA,"Dalia Grandberry","Eastern Illinois Panthers","2197","newcomer","none",NA
"fr_2197_itxasnefernandezarguello",NA,"Itxasne Fernandez Arguello","Eastern Illinois Panthers","2197","newcomer","none",NA
"5178523","5178523","Janyah Bohanon","Eastern Illinois Panthers","2197","stats","id",NA
"5315209","5315209","Lana Koricanac","Eastern Illinois Panthers","2197","stats","id",NA
"5107342","5107342","Meioshe Mason","Eastern Illinois Panthers","2197","stats","id",NA
"fr_2197_mirandarodriguezsanchez",NA,"Miranda Rodríguez Sánchez","Eastern Illinois Panthers","2197","newcomer","none",NA
"5312790","5312790","Nevaeh Dickman","Eastern Illinois Panthers","2197","stats","id",NA
"5315523","5315523","Nyah Hardy","Eastern Illinois Panthers","2197","stats","id",NA
"fr_2198_elyseautrey",NA,"Elyse Autrey","Eastern Kentucky Colonels","2198","newcomer","none",NA
"5175440","5175440","Kailani Lindsey","Eastern Kentucky Colonels","2198","stats","id",NA
"5315230","5315230","Kenleigh Woods","Eastern Kentucky Colonels","2198","stats","id",NA
"fr_2198_kierahealy",NA,"Kiera Healy","Eastern Kentucky Colonels","2198","newcomer","none",NA
"5178188","5178188","Kirsten Lewis-Williams","Eastern Kentucky Colonels","2198","stats","id",NA
"5240592","5240592","Liz Freihofer","Eastern Kentucky Colonels","2198","stats","id",NA
"fr_2198_lunaueda",NA,"Luna Ueda","Eastern Kentucky Colonels","2198","newcomer","none",NA
"5178411","5178411","Michelle Ugwah","Eastern Kentucky Colonels","2198","stats","id",NA
"5311553","5311553","Nicole Fritea","Eastern Kentucky Colonels","2198","stats","id",NA
"5313745","5313745","Rylee Kalocay","Eastern Kentucky Colonels","2198","stats","id",NA
"5313735","5313735","Alli Zajac","Eastern Michigan Eagles","2199","stats","id",NA
"fr_2199_annahabra",NA,"Anna Habra","Eastern Michigan Eagles","2199","newcomer","none",NA
"5313739","5313739","Believe Tshibangu","Eastern Michigan Eagles","2199","stats","id",NA
"fr_2199_cheymcevans",NA,"Chey McEvans","Eastern Michigan Eagles","2199","newcomer","none",NA
"5106216","5106216","Fernanda Ovalle","Eastern Michigan Eagles","2199","stats","id",NA
"fr_2199_mollysisson",NA,"Molly Sisson","Eastern Michigan Eagles","2199","newcomer","none",NA
"5241902","5241902","Ni'Rah Clark","Eastern Michigan Eagles","2199","stats","id",NA
"5313738","5313738","Oliwia Pelka","Eastern Michigan Eagles","2199","stats","id",NA
"5313740","5313740","Paula Balada","Eastern Michigan Eagles","2199","stats","id",NA
"5313742","5313742","Peyton Hill","Eastern Michigan Eagles","2199","stats","id",NA
"5313736","5313736","Ruby Brannon","Eastern Michigan Eagles","2199","stats","id",NA
"5242223","5242223","Sarah Rekowski","Eastern Michigan Eagles","2199","stats","id",NA
"fr_2199_zoeguice",NA,"Zoe Guice","Eastern Michigan Eagles","2199","newcomer","none",NA
"5175989","5175989","Alyse Aby","Eastern Washington Eagles","331","stats","id",NA
"5240729","5240729","Caitie Gingras","Eastern Washington Eagles","331","stats","id",NA
"fr_331_deetsparrish",NA,"Deets Parrish","Eastern Washington Eagles","331","newcomer","none",NA
"5315355","5315355","Elyn Bowers","Eastern Washington Eagles","331","stats","id",NA
"5240979","5240979","Emily McElmurry","Eastern Washington Eagles","331","stats","id",NA
"fr_331_gracedehoog",NA,"Grace DeHoog","Eastern Washington Eagles","331","newcomer","none",NA
"fr_331_jadadavis",NA,"Jada Davis","Eastern Washington Eagles","331","newcomer","none",NA
"5240975","5240975","Jaecy Eggers","Eastern Washington Eagles","331","stats","id",NA
"5240978","5240978","Kourtney Grossman","Eastern Washington Eagles","331","stats","id",NA
"5315356","5315356","Madeline Gibbs","Eastern Washington Eagles","331","stats","id",NA
"fr_331_martinagelabertblanco",NA,"Martina Gelabert Blanco","Eastern Washington Eagles","331","newcomer","none",NA
"5311882","5311882","Ashanti Fox","Elon Phoenix","2210","stats","id",NA
"5239409","5239409","Ashlee Shaw","Elon Phoenix","2210","stats","id",NA
"5239406","5239406","Jayda Angel","Elon Phoenix","2210","stats","id",NA
"4899564","4899564","Kamryn Doty","Elon Phoenix","2210","stats","id",NA
"5239407","5239407","Kierra Morrow","Elon Phoenix","2210","stats","id",NA
"5239416","5239416","LaNae' Corbett","Elon Phoenix","2210","stats","id",NA
"fr_2210_macaylaaskew",NA,"Macayla Askew","Elon Phoenix","2210","newcomer","none",NA
"fr_2210_norahfuld",NA,"Norah Fuld","Elon Phoenix","2210","newcomer","none",NA
"5239408","5239408","Samira Khalil","Elon Phoenix","2210","stats","id",NA
"fr_2210_savannahwhitley",NA,"Savannah Whitley","Elon Phoenix","2210","newcomer","none",NA
"fr_2210_sidneysmith",NA,"Sidney Smith","Elon Phoenix","2210","newcomer","none",NA
"fr_2210_skylarbolden",NA,"Skylar Bolden","Elon Phoenix","2210","newcomer","none",NA
"5311883","5311883","Tamia Watkins","Elon Phoenix","2210","stats","id",NA
"5109716","5109716","Tyana Walker","Elon Phoenix","2210","stats","id",NA
"5242009","5242009","Avery Kelley","Evansville Purple Aces","339","stats","id",NA
"fr_339_caseyoconnell",NA,"Casey O'Connell","Evansville Purple Aces","339","newcomer","none",NA
"5314933","5314933","Daniela Llavero","Evansville Purple Aces","339","stats","id",NA
"fr_339_jaydenscott",NA,"Jayden Scott","Evansville Purple Aces","339","newcomer","none",NA
"fr_339_jordanscott",NA,"Jordan Scott","Evansville Purple Aces","339","newcomer","none",NA
"5242010","5242010","Kaiden Kreinhagen","Evansville Purple Aces","339","stats","id",NA
"fr_339_kelynjohnson",NA,"Kelyn Johnson","Evansville Purple Aces","339","newcomer","none",NA
"fr_339_mariaserrano",NA,"Maria Serrano","Evansville Purple Aces","339","newcomer","none",NA
"5178260","5178260","Marina Artero","Evansville Purple Aces","339","stats","id",NA
"5314932","5314932","Mireia Mustaros","Evansville Purple Aces","339","stats","id",NA
"fr_339_norijamison",NA,"Nori Jamison","Evansville Purple Aces","339","newcomer","none",NA
"fr_339_sienamcnitt",NA,"Siena McNitt","Evansville Purple Aces","339","newcomer","none",NA
"fr_2217_addisonrhodes",NA,"Addison Rhodes","Fairfield Stags","2217","newcomer","none",NA
"5176865","5176865","Casey Prior","Fairfield Stags","2217","stats","id",NA
"fr_2217_caterinaravosa",NA,"Caterina Ravosa","Fairfield Stags","2217","newcomer","none",NA
"5241769","5241769","Cyanne Coe","Fairfield Stags","2217","stats","id",NA
"fr_2217_emmarogers",NA,"Emma Rogers","Fairfield Stags","2217","newcomer","none",NA
"fr_2217_gabriellevaughn",NA,"Gabrielle Vaughn","Fairfield Stags","2217","newcomer","none",NA
"5175729","5175729","Jillian Huerter","Fairfield Stags","2217","stats","id",NA
"5176861","5176861","Kaety L'Amoreaux","Fairfield Stags","2217","stats","id",NA
"5264834","5264834","Keyarah Gregory","Fairfield Stags","2217","stats","id",NA
"5240041","5240041","Lana McCarthy","Fairfield Stags","2217","stats","id",NA
"5176862","5176862","Meghan Andersen","Fairfield Stags","2217","stats","id",NA
"5313585","5313585","Milou van Vliet","Fairfield Stags","2217","stats","id",NA
"5242442","5242442","Nia Green","Fairfield Stags","2217","stats","id",NA
"5178180","5178180","Paige Kohler","Fairfield Stags","2217","stats","id",NA
"fr_161_allykaminski",NA,"Ally Kaminski","Fairleigh Dickinson Knights","161","newcomer","none",NA
"fr_161_analyseintenzo",NA,"Analyse Intenzo","Fairleigh Dickinson Knights","161","newcomer","none",NA
"5318371","5318371","Ane Valle","Fairleigh Dickinson Knights","161","stats","none",NA
"5239403","5239403","Iriona Gravley","Fairleigh Dickinson Knights","161","stats","id",NA
"5178219","5178219","Jada Elston","Fairleigh Dickinson Knights","161","stats","id",NA
"fr_161_jordisreisner",NA,"Jordis Reisner","Fairleigh Dickinson Knights","161","newcomer","none",NA
"5315130","5315130","Leah Crosby","Fairleigh Dickinson Knights","161","stats","id",NA
"fr_161_maggiebishopp",NA,"Maggie Bishopp","Fairleigh Dickinson Knights","161","newcomer","none",NA
"fr_161_meganngo",NA,"Megan Ngo","Fairleigh Dickinson Knights","161","newcomer","none",NA
"fr_161_ophirweintraub",NA,"Ophir Weintraub","Fairleigh Dickinson Knights","161","newcomer","none",NA
"5178218","5178218","Rebecca Osei-Owusu","Fairleigh Dickinson Knights","161","stats","id",NA
"5315132","5315132","Reese Downey","Fairleigh Dickinson Knights","161","stats","id",NA
"fr_161_ryanprunzik",NA,"Ryan Prunzik","Fairleigh Dickinson Knights","161","newcomer","none",NA
"fr_161_sofiatavarez",NA,"Sofia Tavarez","Fairleigh Dickinson Knights","161","newcomer","none",NA
"5177911","5177911","April Hooks","Florida A&M Rattlers","50","stats","id",NA
"5256453","5256453","Breasia Coit","Florida A&M Rattlers","50","stats","none",NA
"4899949","4899949","Breazia Robinson","Florida A&M Rattlers","50","stats","id",NA
"5315785","5315785","Brooklyn Swann","Florida A&M Rattlers","50","stats","id",NA
"5315783","5315783","Cornelia Ellington","Florida A&M Rattlers","50","stats","id",NA
"5240563","5240563","Jordan Boddie","Florida A&M Rattlers","50","stats","id",NA
"5240299","5240299","Kamryn Grant","Florida A&M Rattlers","50","stats","id",NA
"5174350","5174350","Miya Giles-Jones","Florida A&M Rattlers","50","stats","id",NA
"5315784","5315784","Niah Rhodes","Florida A&M Rattlers","50","stats","id",NA
"5241081","5241081","Persais Williams","Florida A&M Rattlers","50","stats","id",NA
"5315248","5315248","Rose Jamison","Florida A&M Rattlers","50","stats","id",NA
"5315789","5315789","Shaniyah McCarthy","Florida A&M Rattlers","50","stats","id",NA
"5243374","5243374","Tahnyjia Purifoy","Florida A&M Rattlers","50","stats","id",NA
"5315788","5315788","Thailan Payne","Florida A&M Rattlers","50","stats","id",NA
"5315790","5315790","Zana Justice","Florida A&M Rattlers","50","stats","id",NA
"5240911","5240911","Erin Rodgers","Florida Atlantic Owls","2226","stats","id",NA
"5175038","5175038","Grace Carstensen","Florida Atlantic Owls","2226","stats","id",NA
"5106184","5106184","Haley Walker","Florida Atlantic Owls","2226","stats","id",NA
"fr_2226_jaelynnhousey",NA,"Jaelynn Housey","Florida Atlantic Owls","2226","newcomer","none",NA
"fr_2226_janiahsuprius",NA,"Janiah Suprius","Florida Atlantic Owls","2226","newcomer","none",NA
"5312411","5312411","Jazzy Gipson","Florida Atlantic Owls","2226","stats","id",NA
"fr_2226_jujuleroux",NA,"Juju Leroux","Florida Atlantic Owls","2226","newcomer","none",NA
"fr_2226_kekebutler",NA,"Keke Butler","Florida Atlantic Owls","2226","newcomer","none",NA
"5239977","5239977","Madi Gewirtz","Florida Atlantic Owls","2226","stats","id",NA
"fr_2226_manipiljevic",NA,"Mani Piljevic","Florida Atlantic Owls","2226","newcomer","none",NA
"5313063","5313063","Mia Jordan","Florida Atlantic Owls","2226","stats","id",NA
"5316854","5316854","Vivian Onugha","Florida Atlantic Owls","2226","stats","id",NA
"5177810","5177810","Zahira Arizmendi","Florida Atlantic Owls","2226","stats","id",NA
"5174421","5174421","Aurora Almón","Florida Gators","57","stats","id",NA
"fr_57_baileyharris",NA,"Bailey Harris","Florida Gators","57","newcomer","none",NA
"fr_57_janiyabroome",NA,"Ja'Niya Broome","Florida Gators","57","newcomer","none",NA
"5175413","5175413","Jade Weathersby","Florida Gators","57","stats","id",NA
"5240037","5240037","Kiyomi McMiller","Florida Gators","57","stats","id",NA
"fr_57_majabigovic",NA,"Maja Bigovic","Florida Gators","57","newcomer","none",NA
"5175875","5175875","Mallory Miller","Florida Gators","57","stats","id",NA
"5132644","5132644","Moriah Murray","Florida Gators","57","stats","id",NA
"4588297","4588297","Skye Owen","Florida Gators","57","stats","id",NA
"5239106","5239106","Taliyah Parker","Florida Gators","57","stats","id",NA
"5312795","5312795","Vanessa Harris","Florida Gators","57","stats","id",NA
"5239661","5239661","Vivian Iwuchukwu","Florida Gators","57","stats","id",NA
"5242528","5242528","Airah Lavy","Florida Gulf Coast Eagles","526","stats","id",NA
"5241884","5241884","Amelia Hobson","Florida Gulf Coast Eagles","526","stats","id",NA
"fr_526_ariturla",NA,"Ari Turla","Florida Gulf Coast Eagles","526","newcomer","none",NA
"5107402","5107402","Cerina Rolle","Florida Gulf Coast Eagles","526","stats","id",NA
"5174344","5174344","Denika Lightbourne","Florida Gulf Coast Eagles","526","stats","id",NA
"fr_526_ellemcculloch",NA,"Elle McCulloch","Florida Gulf Coast Eagles","526","newcomer","none",NA
"5243377","5243377","Eve Alexander","Florida Gulf Coast Eagles","526","stats","id",NA
"fr_526_gracabarbosa",NA,"Graça Barbosa","Florida Gulf Coast Eagles","526","newcomer","none",NA
"5315178","5315178","Jalei Pillow","Florida Gulf Coast Eagles","526","stats","id",NA
"5174734","5174734","Karina Gordon","Florida Gulf Coast Eagles","526","stats","id",NA
"5240217","5240217","Lily Zeinstra","Florida Gulf Coast Eagles","526","stats","id",NA
"5315179","5315179","Shameir Quimby","Florida Gulf Coast Eagles","526","stats","id",NA
"5240189","5240189","Sinai Douglas","Florida Gulf Coast Eagles","526","stats","id",NA
"5312238","5312238","Adama Badjie Coly","Florida International Panthers","2229","stats","id",NA
"5314930","5314930","BreAunna Ward","Florida International Panthers","2229","stats","id",NA
"5314904","5314904","Chloe Emanga","Florida International Panthers","2229","stats","id",NA
"5177057","5177057","Fantasia James","Florida International Panthers","2229","stats","id",NA
"5107909","5107909","Frode Flos van der Schans","Florida International Panthers","2229","stats","id",NA
"5312236","5312236","Grecia Ferrer Leal","Florida International Panthers","2229","stats","id",NA
"fr_2229_mabledoumbia",NA,"Mable Doumbia","Florida International Panthers","2229","newcomer","none",NA
"fr_2229_madussoubamba",NA,"Madussou Bamba","Florida International Panthers","2229","newcomer","none",NA
"5174302","5174302","Malia Tharpe","Florida International Panthers","2229","stats","id",NA
"5313760","5313760","Mio Sakano","Florida International Panthers","2229","stats","id",NA
"fr_2229_paulaacin",NA,"Paula Acin","Florida International Panthers","2229","newcomer","none",NA
"5312235","5312235","Riley Burd","Florida International Panthers","2229","stats","id",NA
"5315022","5315022","Shorna Preston","Florida International Panthers","2229","stats","id",NA
"5174311","5174311","Aga Makurat","Florida State Seminoles","52","stats","id",NA
"fr_52_asialee",NA,"Asia Lee","Florida State Seminoles","52","newcomer","none",NA
"5174414","5174414","Avery Treadwell","Florida State Seminoles","52","stats","id",NA
"fr_52_chamiahfrancis",NA,"Chamiah Francis","Florida State Seminoles","52","newcomer","none",NA
"5174673","5174673","Emma Risch","Florida State Seminoles","52","stats","id",NA
"5106202","5106202","Ice Brady","Florida State Seminoles","52","stats","id",NA
"5311875","5311875","Jasmine Nivar","Florida State Seminoles","52","stats","id",NA
"5311724","5311724","Joy Egbuna","Florida State Seminoles","52","stats","id",NA
"fr_52_kennedyloux",NA,"Kennedy Loux","Florida State Seminoles","52","newcomer","none",NA
"5311989","5311989","Mari Gerton","Florida State Seminoles","52","stats","id",NA
"fr_52_missyodom",NA,"Missy Odom","Florida State Seminoles","52","newcomer","none",NA
"fr_52_morganstewart",NA,"Morgan Stewart","Florida State Seminoles","52","newcomer","none",NA
"4705138","4705138","Savannah Henderson","Florida State Seminoles","52","stats","id",NA
"5174305","5174305","Sole Williams","Florida State Seminoles","52","stats","id",NA
"5238274","5238274","Tatum Greene","Florida State Seminoles","52","stats","id",NA
"5107543","5107543","Timaya Lewis-Eutsey","Florida State Seminoles","52","stats","id",NA
"5240350","5240350","Anastasija Veljovic","Fordham Rams","2230","stats","id",NA
"5312768","5312768","Carryn Easley","Fordham Rams","2230","stats","id",NA
"fr_2230_ellaaverill",NA,"Ella Averill","Fordham Rams","2230","newcomer","none",NA
"fr_2230_joyosigwe",NA,"Joy Osigwe","Fordham Rams","2230","newcomer","none",NA
"fr_2230_kholemoye",NA,"Khole Moye","Fordham Rams","2230","newcomer","none",NA
"5178498","5178498","Lakresha Edwards","Fordham Rams","2230","stats","id",NA
"5312769","5312769","London Liley","Fordham Rams","2230","stats","id",NA
"5240683","5240683","Olivia Kulyk","Fordham Rams","2230","stats","id",NA
"5240351","5240351","Precious Omoshola","Fordham Rams","2230","stats","id",NA
"5174967","5174967","Ugne Sirtautaite","Fordham Rams","2230","stats","id",NA
"fr_2230_zalazrot",NA,"Zala Zrot","Fordham Rams","2230","newcomer","none",NA
"5256487","5256487","Ashlyn Rean","Fresno State Bulldogs","278","stats","id",NA
"5315007","5315007","Ava Marr","Fresno State Bulldogs","278","stats","id",NA
"5315008","5315008","Briana Webb","Fresno State Bulldogs","278","stats","id",NA
"fr_278_ellabarmentloo",NA,"Ella Barmentloo","Fresno State Bulldogs","278","newcomer","none",NA
"fr_278_latishawilson",NA,"Latisha Wilson","Fresno State Bulldogs","278","newcomer","none",NA
"5239495","5239495","Lola Donez","Fresno State Bulldogs","278","stats","id",NA
"fr_278_mylaenanorton",NA,"Mylaena Norton","Fresno State Bulldogs","278","newcomer","none",NA
"fr_278_ryleighschoonover",NA,"Ryleigh Schoonover","Fresno State Bulldogs","278","newcomer","none",NA
"fr_278_siennaclark",NA,"Sienna Clark","Fresno State Bulldogs","278","newcomer","none",NA
"5239405","5239405","Alyssa Ervin","Furman Paladins","231","stats","id",NA
"5241053","5241053","Ava Sawi","Furman Paladins","231","stats","id",NA
"5239387","5239387","Ciara Alexander","Furman Paladins","231","stats","id",NA
"5243587","5243587","Clare Coyle","Furman Paladins","231","stats","id",NA
"fr_231_emmabriggs",NA,"Emma Briggs","Furman Paladins","231","newcomer","none",NA
"5243591","5243591","Hilary Englert","Furman Paladins","231","stats","id",NA
"fr_231_keeganmorris",NA,"Keegan Morris","Furman Paladins","231","newcomer","none",NA
"5240313","5240313","Kyraha Parnell","Furman Paladins","231","stats","id",NA
"5175838","5175838","Lauren Bailey","Furman Paladins","231","stats","id",NA
"fr_231_nariahnelson",NA,"Nariah Nelson","Furman Paladins","231","newcomer","none",NA
"5243588","5243588","Raina McGowens","Furman Paladins","231","stats","id",NA
"5315366","5315366","Sophia Pearl","Furman Paladins","231","stats","id",NA
"5315367","5315367","Tyriana Berry","Furman Paladins","231","stats","id",NA
"5178524","5178524","Amira Ofunniyin","Gardner-Webb Runnin' Bulldogs","2241","stats","id",NA
"fr_2241_brookewilliams",NA,"Brooke Williams","Gardner-Webb Runnin' Bulldogs","2241","newcomer","none",NA
"fr_2241_cassidylane",NA,"Cassidy Lane","Gardner-Webb Runnin' Bulldogs","2241","newcomer","none",NA
"5177178","5177178","Circe Rubio Remolar","Gardner-Webb Runnin' Bulldogs","2241","stats","id",NA
"5315717","5315717","Danaya Stokes","Gardner-Webb Runnin' Bulldogs","2241","stats","id",NA
"5242952","5242952","Jordan Brooks","Gardner-Webb Runnin' Bulldogs","2241","stats","id",NA
"5175836","5175836","Kayla Martin","Gardner-Webb Runnin' Bulldogs","2241","stats","id",NA
"fr_2241_lailatull",NA,"Laila Tull","Gardner-Webb Runnin' Bulldogs","2241","newcomer","none",NA
"5313810","5313810","Makayla Legette","Gardner-Webb Runnin' Bulldogs","2241","stats","id",NA
"fr_2241_maliagraham",NA,"Malia Graham","Gardner-Webb Runnin' Bulldogs","2241","newcomer","none",NA
"5313813","5313813","Sara Menendez","Gardner-Webb Runnin' Bulldogs","2241","stats","id",NA
"fr_2241_shiriahharris",NA,"Shiriah Harris","Gardner-Webb Runnin' Bulldogs","2241","newcomer","none",NA
"fr_2241_tarynthompson",NA,"Taryn Thompson","Gardner-Webb Runnin' Bulldogs","2241","newcomer","none",NA
"fr_2241_tiabryant",NA,"Tia Bryant","Gardner-Webb Runnin' Bulldogs","2241","newcomer","none",NA
"5240564","5240564","Anovia Sheals","George Mason Patriots","2244","stats","id",NA
"5242724","5242724","Desirae Ashton","George Mason Patriots","2244","stats","id",NA
"5312774","5312774","Kayla Johnson","George Mason Patriots","2244","stats","id",NA
"5311723","5311723","Lourdes Da Silva Costa","George Mason Patriots","2244","stats","id",NA
"5240391","5240391","Mary-Kate Tshibuabua","George Mason Patriots","2244","stats","id",NA
"5312775","5312775","Mary Amoateng","George Mason Patriots","2244","stats","id",NA
"5240372","5240372","Roisin Grandberry","George Mason Patriots","2244","stats","id",NA
"5239476","5239476","Summer Yancy","George Mason Patriots","2244","stats","id",NA
"5239432","5239432","Tia Dobson","George Mason Patriots","2244","stats","id",NA
"5174360","5174360","Trinity Massenburg","George Mason Patriots","2244","stats","id",NA
"5240395","5240395","Alicia Newell","George Washington Revolutionaries","45","stats","id",NA
"5175881","5175881","Amor Harris","George Washington Revolutionaries","45","stats","id",NA
"5108960","5108960","Anne Bair","George Washington Revolutionaries","45","stats","id",NA
"fr_45_aylahabbal",NA,"Ayla Habbal","George Washington Revolutionaries","45","newcomer","none",NA
"fr_45_belacucuta",NA,"Bela Cucuta","George Washington Revolutionaries","45","newcomer","none",NA
"5240204","5240204","Cam Rust","George Washington Revolutionaries","45","stats","id",NA
"fr_45_camryngunter",NA,"Camryn Gunter","George Washington Revolutionaries","45","newcomer","none",NA
"5240311","5240311","Gabby Reynolds","George Washington Revolutionaries","45","stats","id",NA
"5240230","5240230","Jaeda Wilson","George Washington Revolutionaries","45","stats","id",NA
"5174365","5174365","Kamari Sims","George Washington Revolutionaries","45","stats","id",NA
"5311874","5311874","N'na Konate","George Washington Revolutionaries","45","stats","id",NA
"5174364","5174364","Sara Lewis","George Washington Revolutionaries","45","stats","id",NA
"5239078","5239078","Tanah Becker","George Washington Revolutionaries","45","stats","id",NA
"5240234","5240234","Amanda Ajobiewe","Georgetown Hoyas","46","stats","id",NA
"fr_46_bofrost",NA,"Bo Frost","Georgetown Hoyas","46","newcomer","none",NA
"5175482","5175482","Brianna Byars","Georgetown Hoyas","46","stats","id",NA
"5243319","5243319","Clarence Djuela","Georgetown Hoyas","46","stats","id",NA
"5239483","5239483","Destiny Agubata","Georgetown Hoyas","46","stats","id",NA
"5315676","5315676","J'Bionna Robinson","Georgetown Hoyas","46","stats","id",NA
"5241949","5241949","Johnea Donahue","Georgetown Hoyas","46","stats","id",NA
"fr_46_kendallperry",NA,"Kendall Perry","Georgetown Hoyas","46","newcomer","none",NA
"5174735","5174735","Khia Miller","Georgetown Hoyas","46","stats","id",NA
"fr_46_stellalockhart",NA,"Stella Lockhart","Georgetown Hoyas","46","newcomer","none",NA
"5246880","5246880","Winner Bartholomew","Georgetown Hoyas","46","stats","id",NA
"fr_61_alannabeckham",NA,"Alanna Beckham","Georgia Lady Bulldogs","61","newcomer","none",NA
"5311703","5311703","Aubrey Beckham","Georgia Lady Bulldogs","61","stats","id",NA
"5312666","5312666","Blessing Adebanjo","Georgia Lady Bulldogs","61","stats","id",NA
"5315766","5315766","Dakota Howard","Georgia Lady Bulldogs","61","stats","id",NA
"5239429","5239429","Faith Wylder","Georgia Lady Bulldogs","61","stats","id",NA
"5311716","5311716","Harmonie Ware","Georgia Lady Bulldogs","61","stats","id",NA
"5177982","5177982","Jailyn Banks","Georgia Lady Bulldogs","61","stats","id",NA
"5239485","5239485","Jordan Thomas","Georgia Lady Bulldogs","61","stats","id",NA
"5106168","5106168","Jordana Codio","Georgia Lady Bulldogs","61","stats","id",NA
"5312439","5312439","Milan Brown","Georgia Lady Bulldogs","61","stats","id",NA
"5243531","5243531","Nya Smith","Georgia Lady Bulldogs","61","stats","id",NA
"5243330","5243330","Tyreona Sibley","Georgia Lady Bulldogs","61","stats","id",NA
"5239062","5239062","Vera Ojenuwa","Georgia Lady Bulldogs","61","stats","id",NA
"fr_290_haileychiles",NA,"Hailey Chiles","Georgia Southern Eagles","290","newcomer","none",NA
"fr_290_jailynwilliams",NA,"Jailyn Williams","Georgia Southern Eagles","290","newcomer","none",NA
"5240832","5240832","Jamiria Jones","Georgia Southern Eagles","290","stats","id",NA
"5315112","5315112","Kayla Cleaveland","Georgia Southern Eagles","290","stats","id",NA
"fr_290_kiaraanderson",NA,"Kiara Anderson","Georgia Southern Eagles","290","newcomer","none",NA
"5241049","5241049","Kishyah Anderson","Georgia Southern Eagles","290","stats","id",NA
"5315070","5315070","Kiyah Lewis","Georgia Southern Eagles","290","stats","id",NA
"5178572","5178572","Kyla Bryant","Georgia Southern Eagles","290","stats","id",NA
"5314791","5314791","Kyra Perkins","Georgia Southern Eagles","290","stats","id",NA
"5175896","5175896","Laney Scoggins","Georgia Southern Eagles","290","stats","id",NA
"5187706","5187706","Lia Anderson","Georgia Southern Eagles","290","stats","id",NA
"fr_290_markaylaholland",NA,"Markayla Holland","Georgia Southern Eagles","290","newcomer","none",NA
"5315108","5315108","Nevaeh Brown","Georgia Southern Eagles","290","stats","id",NA
"fr_290_tamiriajones","5240831","Tamiria Jones","Georgia Southern Eagles","290","history","name",NA
"fr_290_uniquehorton",NA,"Unique Horton","Georgia Southern Eagles","290","newcomer","none",NA
"fr_2247_aaliyahbaldwin",NA,"Aaliyah Baldwin","Georgia State Panthers","2247","newcomer","none",NA
"fr_2247_aikateriniyfantopoulou",NA,"Aikaterini Yfantopoulou","Georgia State Panthers","2247","newcomer","none",NA
"fr_2247_anaoliveriadias",NA,"Ana Oliveria Dias","Georgia State Panthers","2247","newcomer","none",NA
"5240236","5240236","Aryelle Stevens","Georgia State Panthers","2247","stats","id",NA
"fr_2247_danaejaromeroahsam",NA,"Danaeja Romero Ah Sam","Georgia State Panthers","2247","newcomer","none",NA
"5240804","5240804","Dawson Jemerson","Georgia State Panthers","2247","stats","id",NA
"5240842","5240842","Frankee Payne","Georgia State Panthers","2247","stats","none",NA
"5315123","5315123","Grace Lanier","Georgia State Panthers","2247","stats","id",NA
"5242692","5242692","Jada Collins","Georgia State Panthers","2247","stats","id",NA
"5241038","5241038","Kenaya Klintman","Georgia State Panthers","2247","stats","id",NA
"fr_2247_makennahalexis",NA,"Makennah Alexis","Georgia State Panthers","2247","newcomer","none",NA
"5241927","5241927","Mariah Knight","Georgia State Panthers","2247","stats","id",NA
"5174743","5174743","Nikole Thomas","Georgia State Panthers","2247","stats","id",NA
"5260216","5260216","Anna Conza","Georgia Tech Yellow Jackets","59","stats","none",NA
"4682755","4682755","Antonia Bates","Georgia Tech Yellow Jackets","59","stats","id",NA
"5174416","5174416","Ariadna Termis","Georgia Tech Yellow Jackets","59","stats","id",NA
"fr_59_autumnwashington",NA,"Autumn Washington","Georgia Tech Yellow Jackets","59","newcomer","none",NA
"5174303","5174303","Erica Moon","Georgia Tech Yellow Jackets","59","stats","id",NA
"fr_59_inesnoguero","5107699","Ines Noguero","Georgia Tech Yellow Jackets","59","history","name",NA
"rp_59_jordanode",NA,"Jordan Ode","Georgia Tech Yellow Jackets","59","newcomer","none",NA
"5240180","5240180","Kyndal Walker","Georgia Tech Yellow Jackets","59","stats","id",NA
"5175428","5175428","La'Nya Foster","Georgia Tech Yellow Jackets","59","stats","id",NA
"5312742","5312742","Penda Dieng","Georgia Tech Yellow Jackets","59","stats","id",NA
"5315331","5315331","Sofia Munoz","Georgia Tech Yellow Jackets","59","stats","id",NA
"5240208","5240208","Talayah Walker","Georgia Tech Yellow Jackets","59","stats","id",NA
"5240787","5240787","Allie Turner","Gonzaga Bulldogs","2250","stats","id",NA
"5240788","5240788","Christabel Osarobo","Gonzaga Bulldogs","2250","stats","id",NA
"5242251","5242251","Emmy Roach","Gonzaga Bulldogs","2250","stats","id",NA
"5315507","5315507","Jaiden Haile","Gonzaga Bulldogs","2250","stats","id",NA
"5314600","5314600","Jocelyn Medina","Gonzaga Bulldogs","2250","stats","id",NA
"5315506","5315506","Julia Wilson","Gonzaga Bulldogs","2250","stats","id",NA
"5204742","5204742","Lauren Whittaker","Gonzaga Bulldogs","2250","stats","id",NA
"5175702","5175702","McKynnlie Dalan","Gonzaga Bulldogs","2250","stats","id",NA
"5176502","5176502","Taylor Smith","Gonzaga Bulldogs","2250","stats","id",NA
"5242246","5242246","Teryn Gardner","Gonzaga Bulldogs","2250","stats","id",NA
"5240786","5240786","Vera Gunaydin","Gonzaga Bulldogs","2250","stats","id",NA
"5240811","5240811","Zeryhia Aokuso","Gonzaga Bulldogs","2250","stats","id",NA
"fr_2755_aerismacon",NA,"Aeris Macon","Grambling Lady Tigers","2755","newcomer","none",NA
"5315812","5315812","Angel Wilkinson","Grambling Lady Tigers","2755","stats","id",NA
"fr_2755_azaliahoover",NA,"Azalia Hoover","Grambling Lady Tigers","2755","newcomer","none",NA
"fr_2755_danayaross",NA,"Da'Naya Ross","Grambling Lady Tigers","2755","newcomer","none",NA
"fr_2755_destinylewis",NA,"Destiny Lewis","Grambling Lady Tigers","2755","newcomer","none",NA
"5313595","5313595","Johlana Tatum","Grambling Lady Tigers","2755","stats","id",NA
"fr_2755_kinsleyjames",NA,"Kinsley James","Grambling Lady Tigers","2755","newcomer","none",NA
"5178386","5178386","Lalani Ellis","Grambling Lady Tigers","2755","stats","id",NA
"5189956","5189956","Madison Holden","Grambling Lady Tigers","2755","stats","id",NA
"fr_2755_mariamalowonle",NA,"Mariam Alowonle","Grambling Lady Tigers","2755","newcomer","none",NA
"fr_2755_sophiagoncalves",NA,"Sophia Goncalves","Grambling Lady Tigers","2755","newcomer","none",NA
"fr_2755_synarieasnow",NA,"Sy'Nariea Snow","Grambling Lady Tigers","2755","newcomer","none",NA
"fr_2755_tylissahenderson",NA,"Tylissa Henderson","Grambling Lady Tigers","2755","newcomer","none",NA
"5311718","5311718","Ashlynn Chlarson","Grand Canyon Lopes","2253","stats","id",NA
"5239454","5239454","Chloe Mann","Grand Canyon Lopes","2253","stats","id",NA
"fr_2253_corabennett",NA,"Cora Bennett","Grand Canyon Lopes","2253","newcomer","none",NA
"5311597","5311597","Dasha Biriuk","Grand Canyon Lopes","2253","stats","id",NA
"5315010","5315010","Diamond Wright","Grand Canyon Lopes","2253","stats","id",NA
"5315014","5315014","Ines Zounia","Grand Canyon Lopes","2253","stats","id",NA
"5174742","5174742","Jana Sallman","Grand Canyon Lopes","2253","stats","id",NA
"5175950","5175950","Kaitlyn Elsholz","Grand Canyon Lopes","2253","stats","id",NA
"5242539","5242539","Keana Foz","Grand Canyon Lopes","2253","stats","id",NA
"fr_2253_kjmcnealy",NA,"KJ McNealy","Grand Canyon Lopes","2253","newcomer","none",NA
"fr_2253_lanellewright",NA,"Lanelle Wright","Grand Canyon Lopes","2253","newcomer","none",NA
"5314921","5314921","Maya Foz","Grand Canyon Lopes","2253","stats","id",NA
"5311709","5311709","Nyadieng Yiech","Grand Canyon Lopes","2253","stats","id",NA
"fr_2253_sifaineza",NA,"Sifa Ineza","Grand Canyon Lopes","2253","newcomer","none",NA
"5106223","5106223","T'yana Todd","Grand Canyon Lopes","2253","stats","id",NA
"fr_2253_yasmeenschmidt",NA,"Yasmeen Schmidt","Grand Canyon Lopes","2253","newcomer","none",NA
"fr_2739_adyketterhagen",NA,"Ady Ketterhagen","Green Bay Phoenix","2739","newcomer","none",NA
"5109410","5109410","Elisa Mevius","Green Bay Phoenix","2739","stats","id",NA
"5240015","5240015","Gracie Grzesk","Green Bay Phoenix","2739","stats","id",NA
"5178005","5178005","Jorey Buwalda","Green Bay Phoenix","2739","stats","id",NA
"5178552","5178552","Julianna Ouimette","Green Bay Phoenix","2739","stats","id",NA
"5241121","5241121","Kallie Peppler","Green Bay Phoenix","2739","stats","id",NA
"5108672","5108672","Kamy Peppler","Green Bay Phoenix","2739","stats","id",NA
"5313029","5313029","Kristina Ouimette","Green Bay Phoenix","2739","stats","id",NA
"fr_2739_kyrinlile",NA,"Kyrin Lile","Green Bay Phoenix","2739","newcomer","none",NA
"fr_2739_lilliejohnson",NA,"Lillie Johnson","Green Bay Phoenix","2739","newcomer","none",NA
"5313028","5313028","Madison Hoffmann","Green Bay Phoenix","2739","stats","id",NA
"5177900","5177900","Maren Westin","Green Bay Phoenix","2739","stats","id",NA
"5195177","5195177","McKenna Johnson","Green Bay Phoenix","2739","stats","id",NA
"5177902","5177902","Meghan Schultz","Green Bay Phoenix","2739","stats","id",NA
"fr_2739_rileyketterhagen",NA,"Riley Ketterhagen","Green Bay Phoenix","2739","newcomer","none",NA
"5174427","5174427","Aaryn Battle","Hampton Lady Pirates","2261","stats","id",NA
"5240676","5240676","Amiyah Donaldson","Hampton Lady Pirates","2261","stats","id",NA
"fr_2261_anjanavcheska",NA,"Anja Navcheska","Hampton Lady Pirates","2261","newcomer","none",NA
"5177765","5177765","Arlisha Boston","Hampton Lady Pirates","2261","stats","id",NA
"5174769","5174769","Eghosa Obasuyi","Hampton Lady Pirates","2261","stats","id",NA
"5311949","5311949","Janaye Walker","Hampton Lady Pirates","2261","stats","id",NA
"fr_2261_jeniyahbowers",NA,"Jeniyah Bowers","Hampton Lady Pirates","2261","newcomer","none",NA
"5312422","5312422","Justus Fitzgerald","Hampton Lady Pirates","2261","stats","id",NA
"5106221","5106221","Kayla Lezama","Hampton Lady Pirates","2261","stats","id",NA
"5311824","5311824","Kennedy Hall","Hampton Lady Pirates","2261","stats","id",NA
"5177177","5177177","Kiki McElrath","Hampton Lady Pirates","2261","stats","id",NA
"5242445","5242445","Maya Woodson","Hampton Lady Pirates","2261","stats","id",NA
"fr_2261_nilahrivera",NA,"Nilah Rivera","Hampton Lady Pirates","2261","newcomer","none",NA
"5315603","5315603","Zoey Rixter","Hampton Lady Pirates","2261","stats","id",NA
"5176435","5176435","Abigail Wright","Harvard Crimson","108","stats","id",NA
"fr_108_adyrarajan",NA,"Adyra Rajan","Harvard Crimson","108","newcomer","none",NA
"5241851","5241851","Alayna Rocco","Harvard Crimson","108","stats","id",NA
"5241849","5241849","Asani Ceaser","Harvard Crimson","108","stats","id",NA
"5315683","5315683","Aubrey Shaw","Harvard Crimson","108","stats","id",NA
"5315685","5315685","Ava Krumwiede","Harvard Crimson","108","stats","id",NA
"5241852","5241852","Hana Belibi","Harvard Crimson","108","stats","id",NA
"5176433","5176433","Karlee White","Harvard Crimson","108","stats","id",NA
"5241850","5241850","Lydia Chatira","Harvard Crimson","108","stats","id",NA
"5176434","5176434","Mary Hollensteiner","Harvard Crimson","108","stats","id",NA
"5315684","5315684","Maya Nahar","Harvard Crimson","108","stats","id",NA
"5241853","5241853","Nina Emnace","Harvard Crimson","108","stats","id",NA
"5315682","5315682","Olivia Jones","Harvard Crimson","108","stats","id",NA
"5315686","5315686","Sam Wills","Harvard Crimson","108","stats","id",NA
"fr_108_sierrawoolhouse",NA,"Sierra Woolhouse","Harvard Crimson","108","newcomer","none",NA
"fr_108_sophiesmith",NA,"Sophie Smith","Harvard Crimson","108","newcomer","none",NA
"5312866","5312866","Bailey Flavell","Hawai'i Rainbow Wahine","62","stats","id",NA
"5312870","5312870","Fiamma Serra","Hawai'i Rainbow Wahine","62","stats","id",NA
"5176506","5176506","Jade Peacock","Hawai'i Rainbow Wahine","62","stats","id",NA
"5108732","5108732","Jovi Lefotu","Hawai'i Rainbow Wahine","62","stats","id",NA
"5312867","5312867","Kyra Webb","Hawai'i Rainbow Wahine","62","stats","id",NA
"fr_62_lizudeze",NA,"Liz Udeze","Hawai'i Rainbow Wahine","62","newcomer","none",NA
"fr_62_paytonmills",NA,"Payton Mills","Hawai'i Rainbow Wahine","62","newcomer","none",NA
"5240717","5240717","Rebecca Moors","Hawai'i Rainbow Wahine","62","stats","id",NA
"5240720","5240720","Ritorya Tamilo","Hawai'i Rainbow Wahine","62","stats","id",NA
"fr_62_tarynbond",NA,"Taryn Bond","Hawai'i Rainbow Wahine","62","newcomer","none",NA
"5312865","5312865","Teyahna Bond","Hawai'i Rainbow Wahine","62","stats","id",NA
"5242232","5242232","Zyriah Price","Hawai'i Rainbow Wahine","62","stats","id",NA
"5176515","5176515","Brecken Snotherly","High Point Panthers","2272","stats","id",NA
"5241034","5241034","Chana Paxixe","High Point Panthers","2272","stats","id",NA
"5313815","5313815","Cheyenne Brand","High Point Panthers","2272","stats","id",NA
"5241035","5241035","Dakota Phillips","High Point Panthers","2272","stats","id",NA
"fr_2272_gabbymorash",NA,"Gabby Morash","High Point Panthers","2272","newcomer","none",NA
"5240192","5240192","Juliann Woodard","High Point Panthers","2272","stats","id",NA
"5175541","5175541","Khloe Lemon","High Point Panthers","2272","stats","id",NA
"5312396","5312396","Meredith Tippner","High Point Panthers","2272","stats","id",NA
"5175848","5175848","Peyton Gerdes","High Point Panthers","2272","stats","id",NA
"5313102","5313102","Rylee Bess","High Point Panthers","2272","stats","id",NA
"5313818","5313818","Sky Donaie","High Point Panthers","2272","stats","id",NA
"5107710","5107710","Taylor Feldman","High Point Panthers","2272","stats","id",NA
"fr_2275_alliebroadus",NA,"Allie Broadus","Hofstra Pride","2275","newcomer","none",NA
"5109408","5109408","Angel Jones","Hofstra Pride","2275","stats","id",NA
"fr_2275_audrianawilliams",NA,"Audriana Williams","Hofstra Pride","2275","newcomer","none",NA
"fr_2275_ceylonebrooks",NA,"Ceylone Brooks","Hofstra Pride","2275","newcomer","none",NA
"5241926","5241926","Comari Mitchell","Hofstra Pride","2275","stats","id",NA
"5239417","5239417","Ema Karim","Hofstra Pride","2275","stats","id",NA
"5240930","5240930","Felicia Jacobs","Hofstra Pride","2275","stats","id",NA
"5240929","5240929","Kelian Cedano","Hofstra Pride","2275","stats","id",NA
"5311953","5311953","Kiyanna Blacks-Stewart","Hofstra Pride","2275","stats","id",NA
"5239418","5239418","Michaela Hodge","Hofstra Pride","2275","stats","id",NA
"fr_2275_monetedwards",NA,"Mone't Edwards","Hofstra Pride","2275","newcomer","none",NA
"5311952","5311952","Olivia VanPatten","Hofstra Pride","2275","stats","id",NA
"5178246","5178246","Paloma Garcia","Hofstra Pride","2275","stats","id",NA
"fr_2275_palomagarciarosado",NA,"Paloma Garcia Rosado","Hofstra Pride","2275","newcomer","none",NA
"fr_107_abigailcasper",NA,"Abigail Casper","Holy Cross Crusaders","107","newcomer","none",NA
"5315314","5315314","Brianna McDermott","Holy Cross Crusaders","107","stats","id",NA
"fr_107_camdenepstein",NA,"Camden Epstein","Holy Cross Crusaders","107","newcomer","none",NA
"5312782","5312782","Colleen Phiri","Holy Cross Crusaders","107","stats","id",NA
"5242254","5242254","Emma Lizotte","Holy Cross Crusaders","107","stats","id",NA
"5178587","5178587","Hannah Griffin","Holy Cross Crusaders","107","stats","id",NA
"5178585","5178585","Janie Bachmann","Holy Cross Crusaders","107","stats","id",NA
"5174969","5174969","Kendall Eddy","Holy Cross Crusaders","107","stats","id",NA
"5315316","5315316","Mackenzie Teevan","Holy Cross Crusaders","107","stats","id",NA
"fr_107_maddieprovost",NA,"Maddie Provost","Holy Cross Crusaders","107","newcomer","none",NA
"5315317","5315317","Megan Roche","Holy Cross Crusaders","107","stats","id",NA
"5178586","5178586","Simone Lewis","Holy Cross Crusaders","107","stats","id",NA
"5242732","5242732","Stella Gougoufkas","Holy Cross Crusaders","107","stats","id",NA
"5312883","5312883","Basak Orhan","Houston Christian Huskies","2277","stats","id",NA
"5315781","5315781","Dasia Hyams","Houston Christian Huskies","2277","stats","id",NA
"5177956","5177956","Hannah Fields","Houston Christian Huskies","2277","stats","id",NA
"5175424","5175424","Jordan Jackson","Houston Christian Huskies","2277","stats","id",NA
"5243224","5243224","Madelyne Davis","Houston Christian Huskies","2277","stats","id",NA
"5315782","5315782","Madison Hurta","Houston Christian Huskies","2277","stats","id",NA
"5312984","5312984","Nikki Stanic","Houston Christian Huskies","2277","stats","id",NA
"5315779","5315779","Sidney Carr","Houston Christian Huskies","2277","stats","id",NA
"5178114","5178114","Tessa Engelman","Houston Christian Huskies","2277","stats","id",NA
"5177957","5177957","Tove Caesar","Houston Christian Huskies","2277","stats","id",NA
"5242666","5242666","Veronika Korchagina","Houston Christian Huskies","2277","stats","id",NA
"fr_248_alyviamccorkle",NA,"Alyvia McCorkle","Houston Cougars","248","newcomer","none",NA
"5323969","5323969","Elodie Lutbert","Houston Cougars","248","stats","id",NA
"fr_248_esmeraldaenriquez",NA,"Esmeralda Enriquez","Houston Cougars","248","newcomer","none",NA
"5311616","5311616","Janiyah Williams","Houston Cougars","248","stats","id",NA
"5174327","5174327","Jorynn Ross","Houston Cougars","248","stats","id",NA
"5239105","5239105","Justice Carlton","Houston Cougars","248","stats","id",NA
"5242470","5242470","Kaelyn Hamilton","Houston Cougars","248","stats","id",NA
"5314945","5314945","Kayla King","Houston Cougars","248","stats","id",NA
"fr_248_madisoncarlton",NA,"Madison Carlton","Houston Cougars","248","newcomer","none",NA
"fr_248_martallompart",NA,"Marta Llompart","Houston Cougars","248","newcomer","none",NA
"5178451","5178451","Raegan McCowan","Houston Cougars","248","stats","id",NA
"fr_248_tamiaking",NA,"Tamia King","Houston Cougars","248","newcomer","none",NA
"5242433","5242433","April Edwards","Howard Bison","47","stats","id",NA
"5314824","5314824","Ariella Henigan","Howard Bison","47","stats","id",NA
"5177793","5177793","Dally Moreno","Howard Bison","47","stats","id",NA
"5314825","5314825","Destiny Bynum Johnson","Howard Bison","47","stats","id",NA
"5314823","5314823","Dylan Watson","Howard Bison","47","stats","id",NA
"5314826","5314826","Emma Nuquay","Howard Bison","47","stats","id",NA
"fr_47_indiahhutchinson",NA,"Indiah Hutchinson","Howard Bison","47","newcomer","none",NA
"5314827","5314827","Jada Kendrick","Howard Bison","47","stats","id",NA
"5243443","5243443","Kearra Jones","Howard Bison","47","stats","id",NA
"fr_47_kennedydeese",NA,"Kennedy Deese","Howard Bison","47","newcomer","none",NA
"5174538","5174538","Rayne Durant","Howard Bison","47","stats","id",NA
"5178520","5178520","Sa'lah Hemingway","Howard Bison","47","stats","id",NA
"5109361","5109361","Zoe Stewart","Howard Bison","47","stats","id",NA
"5315589","5315589","Asa Wolfram","Idaho State Bengals","304","stats","id",NA
"5175985","5175985","Aspen Caldwell","Idaho State Bengals","304","stats","id",NA
"fr_304_azilizleguen",NA,"Aziliz Le Guen","Idaho State Bengals","304","newcomer","none",NA
"5240771","5240771","Bojana Radnjic","Idaho State Bengals","304","stats","id",NA
"fr_304_clarevalentine",NA,"Clare Valentine","Idaho State Bengals","304","newcomer","none",NA
"fr_304_emmabryant",NA,"Emma Bryant","Idaho State Bengals","304","newcomer","none",NA
"fr_304_giavukona",NA,"Gia Vukona","Idaho State Bengals","304","newcomer","none",NA
"fr_304_jazzywilkerson",NA,"Jazzy Wilkerson","Idaho State Bengals","304","newcomer","none",NA
"fr_304_krystalarnason",NA,"Krystal Arnason","Idaho State Bengals","304","newcomer","none",NA
"5315590","5315590","Maeva Gauffrenet","Idaho State Bengals","304","stats","id",NA
"5117473","5117473","Maggie Hutka","Idaho State Bengals","304","stats","id",NA
"fr_304_skyliebarker",NA,"Skylie Barker","Idaho State Bengals","304","newcomer","none",NA
"fr_304_taylinserlen",NA,"Taylin Serlen","Idaho State Bengals","304","newcomer","none",NA
"fr_70_addisonwellsmorrison",NA,"Addison Wells-Morrison","Idaho Vandals","70","newcomer","none",NA
"5240232","5240232","Alexia Araujo-Dagba","Idaho Vandals","70","stats","id",NA
"fr_70_alexiadagba",NA,"Alexia Dagba","Idaho Vandals","70","newcomer","none",NA
"5240984","5240984","Ana Beatriz Passos Alves da Silva","Idaho Vandals","70","stats","id",NA
"5240985","5240985","Ana Pinheiro","Idaho Vandals","70","stats","id",NA
"fr_70_aniyahriddell",NA,"Aniyah Riddell","Idaho Vandals","70","newcomer","none",NA
"fr_70_baileynettleton",NA,"Bailey Nettleton","Idaho Vandals","70","newcomer","none",NA
"5312809","5312809","Brynna Pukis","Idaho Vandals","70","stats","id",NA
"5240983","5240983","Ella Uriarte","Idaho Vandals","70","stats","id",NA
"5239097","5239097","Fatumata Djalo","Idaho Vandals","70","stats","id",NA
"5175930","5175930","Hope Hassmann","Idaho Vandals","70","stats","id",NA
"fr_70_jaceyboesel",NA,"Jacey Boesel","Idaho Vandals","70","newcomer","none",NA
"5315583","5315583","Katlin Kangur","Idaho Vandals","70","stats","id",NA
"5315663","5315663","Keanna Salave'a","Idaho Vandals","70","stats","id",NA
"5240176","5240176","Aaliyah Guyton","Illinois Fighting Illini","356","stats","id",NA
"5240169","5240169","Berry Wallace","Illinois Fighting Illini","356","stats","id",NA
"5311539","5311539","Cearah Parchment","Illinois Fighting Illini","356","stats","id",NA
"5311535","5311535","Destiny Jackson","Illinois Fighting Illini","356","stats","id",NA
"5311613","5311613","Divine Bourrage","Illinois Fighting Illini","356","stats","id",NA
"5175679","5175679","Gretchen Dolan","Illinois Fighting Illini","356","stats","id",NA
"5240167","5240167","Irene Noya Catoira","Illinois Fighting Illini","356","stats","id",NA
"5174271","5174271","Jasmine Brown-Hagger","Illinois Fighting Illini","356","stats","id",NA
"fr_356_lanabrenjo",NA,"Lana Brenjo","Illinois Fighting Illini","356","newcomer","none",NA
"5175473","5175473","Lety Vasconcelos","Illinois Fighting Illini","356","stats","id",NA
"5174765","5174765","Maddie Webber","Illinois Fighting Illini","356","stats","id",NA
"rp_356_manuellaalvesfernandez",NA,"Manuella Alves-Fernandez","Illinois Fighting Illini","356","newcomer","none",NA
"5240168","5240168","Mia Zenere","Illinois Fighting Illini","356","stats","id",NA
"fr_356_morganbaptist",NA,"Morgan Baptist","Illinois Fighting Illini","356","newcomer","none",NA
"fr_356_onariopedre",NA,"Ona Riopedre","Illinois Fighting Illini","356","newcomer","none",NA
"5239057","5239057","Chloe Spreen","Illinois State Redbirds","2287","stats","id",NA
"fr_2287_christinakoppel",NA,"Christina Köppel","Illinois State Redbirds","2287","newcomer","none",NA
"fr_2287_danyellamporokoso",NA,"Danyella Mporokoso","Illinois State Redbirds","2287","newcomer","none",NA
"fr_2287_ellamason",NA,"Ella Mason","Illinois State Redbirds","2287","newcomer","none",NA
"5242019","5242019","Grace Nelson","Illinois State Redbirds","2287","stats","id",NA
"5315680","5315680","Hannah Chicken","Illinois State Redbirds","2287","stats","id",NA
"5314938","5314938","Jaeden Pratt","Illinois State Redbirds","2287","stats","id",NA
"fr_2287_kennedystowers",NA,"Kennedy Stowers","Illinois State Redbirds","2287","newcomer","none",NA
"5314939","5314939","Madison Austin","Illinois State Redbirds","2287","stats","id",NA
"fr_2287_madisonyoung",NA,"Madison Young","Illinois State Redbirds","2287","newcomer","none",NA
"5242016","5242016","Morgan Bruno","Illinois State Redbirds","2287","stats","id",NA
"5178237","5178237","Nevaeh Thomas","Illinois State Redbirds","2287","stats","id",NA
"5242017","5242017","Trista Fayta","Illinois State Redbirds","2287","stats","id",NA
"5314942","5314942","Zanyra Adams","Illinois State Redbirds","2287","stats","id",NA
"5314687","5314687","A'Maya Holton","Incarnate Word Cardinals","2916","stats","id",NA
"5177963","5177963","Destiny Whitaker","Incarnate Word Cardinals","2916","stats","id",NA
"fr_2916_endiastigall",NA,"Endia Stigall","Incarnate Word Cardinals","2916","newcomer","none",NA
"5240918","5240918","Gwendlyn McGrew","Incarnate Word Cardinals","2916","stats","id",NA
"5238308","5238308","Kayanna Cox","Incarnate Word Cardinals","2916","stats","id",NA
"5239091","5239091","Londyn Oliphant","Incarnate Word Cardinals","2916","stats","id",NA
"5177932","5177932","Lucia Lara","Incarnate Word Cardinals","2916","stats","id",NA
"5312986","5312986","Lucia Lara","Incarnate Word Cardinals","2916","stats","id",NA
"5316859","5316859","Madison Williams","Incarnate Word Cardinals","2916","stats","id",NA
"5315706","5315706","Mariah Hart","Incarnate Word Cardinals","2916","stats","id",NA
"fr_2916_martinamontonmartinez",NA,"Martina Monton Martinez","Incarnate Word Cardinals","2916","newcomer","none",NA
"5178445","5178445","Morgan Borgstadt","Incarnate Word Cardinals","2916","stats","id",NA
"fr_2916_nkiyahburge",NA,"N'Kiyah Burge","Incarnate Word Cardinals","2916","newcomer","none",NA
"5313807","5313807","Nevaeh Jones","Incarnate Word Cardinals","2916","stats","id",NA
"fr_2916_zaviyanamadison",NA,"Zaviyana Madison","Incarnate Word Cardinals","2916","newcomer","none",NA
"fr_84_addynyemchek",NA,"Addy Nyemchek","Indiana Hoosiers","84","newcomer","none",NA
"5105443","5105443","Alisa Williams","Indiana Hoosiers","84","stats","id",NA
"fr_84_ashlinnjames",NA,"Ashlinn James","Indiana Hoosiers","84","newcomer","none",NA
"fr_84_ashlynanderson",NA,"Ashlyn Anderson","Indiana Hoosiers","84","newcomer","none",NA
"fr_84_camillepangonis",NA,"Camille Pangonis","Indiana Hoosiers","84","newcomer","none",NA
"fr_84_gigibattle",NA,"GiGi Battle","Indiana Hoosiers","84","newcomer","none",NA
"5175709","5175709","Jessica Petrie","Indiana Hoosiers","84","stats","id",NA
"5106193","5106193","Kenzie Hare","Indiana Hoosiers","84","stats","id",NA
"5175680","5175680","Lenée Beaumont","Indiana Hoosiers","84","stats","id",NA
"5175945","5175945","Malia Samuels","Indiana Hoosiers","84","stats","id",NA
"5311541","5311541","Maya Makalusky","Indiana Hoosiers","84","stats","id",NA
"5239703","5239703","Zania Socka-Nguemen","Indiana Hoosiers","84","stats","id",NA
"fr_282_aaliyahyoungblood",NA,"Aaliyah Youngblood","Indiana State Sycamores","282","newcomer","none",NA
"fr_282_allisonmcgill",NA,"Allison McGill","Indiana State Sycamores","282","newcomer","none",NA
"5314951","5314951","Amerie Flowers","Indiana State Sycamores","282","stats","id",NA
"fr_282_arianapeagler",NA,"Ariana Peagler","Indiana State Sycamores","282","newcomer","none",NA
"fr_282_ashleysinghateh",NA,"Ashley Singhateh","Indiana State Sycamores","282","newcomer","none",NA
"5243455","5243455","Crystal Schultz","Indiana State Sycamores","282","stats","id",NA
"fr_282_eanaedagons",NA,"Eanae Dagons","Indiana State Sycamores","282","newcomer","none",NA
"fr_282_heavenshockley",NA,"Heaven Shockley","Indiana State Sycamores","282","newcomer","none",NA
"5314948","5314948","Jayci Allen","Indiana State Sycamores","282","stats","id",NA
"fr_282_jazelleyoung",NA,"Jazelle Young","Indiana State Sycamores","282","newcomer","none",NA
"fr_282_karsenmarshall",NA,"Karsen Marshall","Indiana State Sycamores","282","newcomer","none",NA
"5313856","5313856","Kristen McMillan","Indiana State Sycamores","282","stats","id",NA
"5315104","5315104","Natalia Williams","Indiana State Sycamores","282","stats","id",NA
"fr_282_saroiyaajomale",NA,"Saroiya Ajomale","Indiana State Sycamores","282","newcomer","none",NA
"fr_282_zoedispennette",NA,"Zoë Dispennette","Indiana State Sycamores","282","newcomer","none",NA
"5241974","5241974","Adrianna Gonzalez","Iona Gaels","314","stats","id",NA
"fr_314_alanawells",NA,"Alana Wells","Iona Gaels","314","newcomer","none",NA
"fr_314_anylaherbert",NA,"Anyla Herbert","Iona Gaels","314","newcomer","none",NA
"5332359","5332359","Arianna Davis","Iona Gaels","314","stats","id",NA
"5241972","5241972","Chloe Vasquez","Iona Gaels","314","stats","id",NA
"5175539","5175539","Claudia Fiel","Iona Gaels","314","stats","id",NA
"fr_314_gisellegrant",NA,"Giselle Grant","Iona Gaels","314","newcomer","none",NA
"5313588","5313588","Johanna Flores","Iona Gaels","314","stats","id",NA
"fr_314_kaitlynnkenna",NA,"Kaitlynn Kenna","Iona Gaels","314","newcomer","none",NA
"5176869","5176869","Mya Zaccagnini","Iona Gaels","314","stats","id",NA
"5241973","5241973","Nevaeh Stone","Iona Gaels","314","stats","id",NA
"fr_314_sophiahickey",NA,"Sophia Hickey","Iona Gaels","314","newcomer","none",NA
"5313587","5313587","Wilma Tuomi","Iona Gaels","314","stats","none",NA
"5175474","5175474","Amari Whiting","Iowa Hawkeyes","2294","stats","id",NA
"5240175","5240175","Ava Heiden","Iowa Hawkeyes","2294","stats","id",NA
"fr_2294_briamedina",NA,"Bria Medina","Iowa Hawkeyes","2294","newcomer","none",NA
"5238283","5238283","Chazadi Wright","Iowa Hawkeyes","2294","stats","id",NA
"5238284","5238284","Dani Carnegie","Iowa Hawkeyes","2294","stats","id",NA
"fr_2294_ellastromdahl",NA,"Ella Strömdahl","Iowa Hawkeyes","2294","newcomer","none",NA
"5311701","5311701","Jocelyn Faison","Iowa Hawkeyes","2294","stats","id",NA
"5311544","5311544","Journey Houston","Iowa Hawkeyes","2294","stats","id",NA
"5311545","5311545","Layla Hays","Iowa Hawkeyes","2294","stats","id",NA
"fr_2294_mckennawoliczko",NA,"McKenna Woliczko","Iowa Hawkeyes","2294","newcomer","none",NA
"5240174","5240174","Taylor Stremlow","Iowa Hawkeyes","2294","stats","id",NA
"5312789","5312789","Alex-Anne Bessette","Iowa State Cyclones","66","stats","id",NA
"5175488","5175488","Arianna Jackson","Iowa State Cyclones","66","stats","id",NA
"5110060","5110060","Ashleigh Connor","Iowa State Cyclones","66","stats","id",NA
"5311710","5311710","Emilija Dakic","Iowa State Cyclones","66","stats","id",NA
"5177952","5177952","Evangelia Paulk","Iowa State Cyclones","66","stats","id",NA
"5314956","5314956","Freya Jensen","Iowa State Cyclones","66","stats","id",NA
"5311712","5311712","Gift Ezekiel","Iowa State Cyclones","66","stats","id",NA
"fr_66_macycomito",NA,"Macy Comito","Iowa State Cyclones","66","newcomer","none",NA
"5178496","5178496","Mya Babbitt","Iowa State Cyclones","66","stats","id",NA
"fr_66_reggispotts",NA,"Reggi Spotts","Iowa State Cyclones","66","newcomer","none",NA
"5311758","5311758","Sienna Harvey","Iowa State Cyclones","66","stats","id",NA
"fr_66_tjasaturnsek",NA,"Tjaša Turnšek","Iowa State Cyclones","66","newcomer","none",NA
"fr_66_xiaozhang",NA,"Xiao Zhang","Iowa State Cyclones","66","newcomer","none",NA
"5240207","5240207","Ariana Williams","IU Indianapolis Jaguars","85","stats","id",NA
"5241117","5241117","Destini Craig","IU Indianapolis Jaguars","85","stats","id",NA
"5313038","5313038","E'Zaria Adams","IU Indianapolis Jaguars","85","stats","id",NA
"5180434","5180434","Hailey Smith","IU Indianapolis Jaguars","85","stats","id",NA
"5313040","5313040","Julia Hall","IU Indianapolis Jaguars","85","stats","id",NA
"5240648","5240648","Kamara Mills","IU Indianapolis Jaguars","85","stats","id",NA
"5177994","5177994","Kaylin Moorehead","IU Indianapolis Jaguars","85","stats","id",NA
"5314785","5314785","Olivia Flynn","IU Indianapolis Jaguars","85","stats","id",NA
"5180435","5180435","Olivia Smith","IU Indianapolis Jaguars","85","stats","id",NA
"5242256","5242256","Reagan Sipla","IU Indianapolis Jaguars","85","stats","id",NA
"fr_85_swynnjackson",NA,"Swynn Jackson","IU Indianapolis Jaguars","85","newcomer","none",NA
"5315811","5315811","Camryn O'Neil","Jackson State Lady Tigers","2296","stats","id",NA
"fr_2296_cassidygladney",NA,"Cassidy Gladney","Jackson State Lady Tigers","2296","newcomer","none",NA
"5242516","5242516","Joi Johnson","Jackson State Lady Tigers","2296","stats","id",NA
"fr_2296_justinetcheuhchoua",NA,"Justine Tcheuhchoua","Jackson State Lady Tigers","2296","newcomer","none",NA
"5315813","5315813","Laila Grant","Jackson State Lady Tigers","2296","stats","id",NA
"fr_2296_madisoneddings",NA,"Madison Eddings","Jackson State Lady Tigers","2296","newcomer","none",NA
"fr_2296_nevaehbuntley",NA,"Ne'Vaeh Buntley","Jackson State Lady Tigers","2296","newcomer","none",NA
"5315814","5315814","Pierre-Noelle Tcheuhchoua","Jackson State Lady Tigers","2296","stats","id",NA
"fr_2296_rhiannabattles",NA,"Rhianna Battles","Jackson State Lady Tigers","2296","newcomer","none",NA
"5314873","5314873","Selina Gutierrez","Jackson State Lady Tigers","2296","stats","id",NA
"5315820","5315820","Shamya Reid","Jackson State Lady Tigers","2296","stats","id",NA
"fr_2296_sierratuliau",NA,"Sierra Tuliau","Jackson State Lady Tigers","2296","newcomer","none",NA
"5243522","5243522","Taj Hunter","Jackson State Lady Tigers","2296","stats","id",NA
"fr_2296_talerthornton",NA,"Taler Thornton","Jackson State Lady Tigers","2296","newcomer","none",NA
"fr_2296_valajahjackson",NA,"Valajah Jackson","Jackson State Lady Tigers","2296","newcomer","none",NA
"5315767","5315767","A'Yiana Flemings","Jacksonville Dolphins","294","stats","id",NA
"5177820","5177820","Kelis Grant","Jacksonville Dolphins","294","stats","id",NA
"fr_55_annaskog",NA,"Anna Skog","Jacksonville State Gamecocks","55","newcomer","none",NA
"fr_55_camdenward",NA,"Camden Ward","Jacksonville State Gamecocks","55","newcomer","none",NA
"5175724","5175724","Emily Monson","Jacksonville State Gamecocks","55","stats","id",NA
"fr_55_gabbymorales",NA,"Gabby Morales","Jacksonville State Gamecocks","55","newcomer","none",NA
"fr_55_kamryncorporan",NA,"Kamryn Corporan","Jacksonville State Gamecocks","55","newcomer","none",NA
"fr_55_kaynachnina",NA,"Kayna Chnina","Jacksonville State Gamecocks","55","newcomer","none",NA
"5239915","5239915","Kyera Thornsbury","Jacksonville State Gamecocks","55","stats","id",NA
"fr_55_lillianjackson",NA,"Lillian Jackson","Jacksonville State Gamecocks","55","newcomer","none",NA
"5312746","5312746","Meja Hänsel","Jacksonville State Gamecocks","55","stats","id",NA
"5312241","5312241","Mina Djurdjevic","Jacksonville State Gamecocks","55","stats","id",NA
"fr_55_nahiafernandez",NA,"Nahia Fernandez","Jacksonville State Gamecocks","55","newcomer","none",NA
"5196381","5196381","Rocio Jimenez","Jacksonville State Gamecocks","55","stats","id",NA
"fr_55_solenejackson",NA,"Solene Jackson","Jacksonville State Gamecocks","55","newcomer","none",NA
"5175694","5175694","Bree Robinson","James Madison Dukes","256","stats","id",NA
"5105726","5105726","Brianna McLeod","James Madison Dukes","256","stats","id",NA
"5315125","5315125","Delilah Soltys","James Madison Dukes","256","stats","id",NA
"fr_256_demigilliam",NA,"Demi Gilliam","James Madison Dukes","256","newcomer","none",NA
"5315128","5315128","Grace McDonough","James Madison Dukes","256","stats","id",NA
"5240763","5240763","JaQuoia Jones-Brown","James Madison Dukes","256","stats","id",NA
"5315126","5315126","Jemma Eleby","James Madison Dukes","256","stats","id",NA
"fr_256_kinleylewis",NA,"Kinley Lewis","James Madison Dukes","256","newcomer","none",NA
"fr_256_maddieleach",NA,"Maddie Leach","James Madison Dukes","256","newcomer","none",NA
"fr_256_reaganedsell",NA,"Reagan Edsell","James Madison Dukes","256","newcomer","none",NA
"fr_256_trinitymoore",NA,"Trinity Moore","James Madison Dukes","256","newcomer","none",NA
"5175452","5175452","Trynce Taylor","James Madison Dukes","256","stats","id",NA
"5174282","5174282","Zakiya Stephenson","James Madison Dukes","256","stats","id",NA
"5178394","5178394","Alyssa Nielsen","Kansas City Roos","140","stats","id",NA
"fr_140_averymarchino",NA,"Avery Marchino","Kansas City Roos","140","newcomer","none",NA
"fr_140_averystricklandhurst",NA,"Avery Strickland Hurst","Kansas City Roos","140","newcomer","none",NA
"5314686","5314686","Bella Edwards","Kansas City Roos","140","stats","id",NA
"5242660","5242660","Chrishawn Coleman","Kansas City Roos","140","stats","id",NA
"5178434","5178434","Elauni Bennett","Kansas City Roos","140","stats","id",NA
"5178432","5178432","Emani Bennett","Kansas City Roos","140","stats","id",NA
"fr_140_jaylalewis",NA,"Jayla Lewis","Kansas City Roos","140","newcomer","none",NA
"5315156","5315156","Josie Megehee","Kansas City Roos","140","stats","none",NA
"fr_140_kimorafagan",NA,"Kimora Fagan","Kansas City Roos","140","newcomer","none",NA
"fr_140_liliszabo",NA,"Lili Szabo","Kansas City Roos","140","newcomer","none",NA
"5177774","5177774","Micaela Carter","Kansas City Roos","140","stats","id",NA
"5315533","5315533","Remi-Hope Drantmann","Kansas City Roos","140","stats","id",NA
"fr_140_shilohkalenga",NA,"Shiloh Kalenga","Kansas City Roos","140","newcomer","none",NA
"fr_140_talasiathomas",NA,"Talasia Thomas","Kansas City Roos","140","newcomer","none",NA
"fr_2305_annagooden",NA,"Anna Gooden","Kansas Jayhawks","2305","newcomer","none",NA
"5106181","5106181","Brittany Harshaw","Kansas Jayhawks","2305","stats","id",NA
"fr_2305_brooklynnrenn",NA,"Brooklynn Renn","Kansas Jayhawks","2305","newcomer","none",NA
"fr_2305_cydneebryant",NA,"Cydnee Bryant","Kansas Jayhawks","2305","newcomer","none",NA
"5313647","5313647","Erianna Gooden","Kansas Jayhawks","2305","stats","id",NA
"5312764","5312764","Jaliya Davis","Kansas Jayhawks","2305","stats","id",NA
"5312762","5312762","Libby Fandel","Kansas Jayhawks","2305","stats","id",NA
"5174281","5174281","Mariyah Noel","Kansas Jayhawks","2305","stats","id",NA
"fr_2305_mollieernstes",NA,"Mollie Ernstes","Kansas Jayhawks","2305","newcomer","none",NA
"5178396","5178396","Mykayla Cunningham","Kansas Jayhawks","2305","stats","id",NA
"5239467","5239467","Regan Williams","Kansas Jayhawks","2305","stats","id",NA
"5175749","5175749","S'Mya Nichols","Kansas Jayhawks","2305","stats","id",NA
"5312763","5312763","Tatyonna Brown","Kansas Jayhawks","2305","stats","id",NA
"5312753","5312753","Brandie Harrod","Kansas State Wildcats","2306","stats","id",NA
"fr_2306_cristinaosazuwa",NA,"Cristina Osazuwa","Kansas State Wildcats","2306","newcomer","none",NA
"5312756","5312756","Gina Garcia","Kansas State Wildcats","2306","stats","id",NA
"5329951","5329951","Ivona Scekic","Kansas State Wildcats","2306","stats","id",NA
"5106157","5106157","Mikayla Parks","Kansas State Wildcats","2306","stats","id",NA
"5312754","5312754","Nastja Claessens","Kansas State Wildcats","2306","stats","id",NA
"5238321","5238321","Ramiya White","Kansas State Wildcats","2306","stats","id",NA
"fr_2306_sagehenry",NA,"Sage Henry","Kansas State Wildcats","2306","newcomer","none",NA
"fr_2306_shailande",NA,"Shaila Nde","Kansas State Wildcats","2306","newcomer","none",NA
"5175751","5175751","Taryn Sides","Kansas State Wildcats","2306","stats","id",NA
"5311698","5311698","Tea Cleante","Kansas State Wildcats","2306","stats","id",NA
"fr_2306_tzoanatampakou",NA,"Tzoana Tampakou","Kansas State Wildcats","2306","newcomer","none",NA
"fr_338_arissajenkins",NA,"Arissa Jenkins","Kennesaw State Owls","338","newcomer","none",NA
"fr_338_cameronwade",NA,"Cameron Wade","Kennesaw State Owls","338","newcomer","none",NA
"5315615","5315615","Camryn Register","Kennesaw State Owls","338","stats","id",NA
"5240915","5240915","Emaya Lewis","Kennesaw State Owls","338","stats","id",NA
"5240602","5240602","Kaelyn Flowers","Kennesaw State Owls","338","stats","id",NA
"5314979","5314979","Kayla Sullivan","Kennesaw State Owls","338","stats","id",NA
"fr_338_lamarahcleaves",NA,"Lamarah Cleaves","Kennesaw State Owls","338","newcomer","none",NA
"5312246","5312246","Madyson Elliott","Kennesaw State Owls","338","stats","id",NA
"fr_338_nyjaemalikaliel",NA,"Nyjae Malikali-El","Kennesaw State Owls","338","newcomer","none",NA
"5240951","5240951","Riley Talbert","Kennesaw State Owls","338","stats","id",NA
"5241118","5241118","Shania Nichols","Kennesaw State Owls","338","stats","id",NA
"5243519","5243519","Toni Warren","Kennesaw State Owls","338","stats","id",NA
"4898426","4898426","Tracey Bershers","Kennesaw State Owls","338","stats","id",NA
"fr_338_ulianakolesnyk",NA,"Uliana Kolesnyk","Kennesaw State Owls","338","newcomer","none",NA
"5313746","5313746","Anna Campanelli","Kent State Golden Flashes","2309","stats","id",NA
"5313744","5313744","Caitlyn Holmes","Kent State Golden Flashes","2309","stats","id",NA
"5109059","5109059","Corynne Hauser","Kent State Golden Flashes","2309","stats","id",NA
"5313118","5313118","Dania McClain","Kent State Golden Flashes","2309","stats","id",NA
"5240229","5240229","Emory Klatt","Kent State Golden Flashes","2309","stats","id",NA
"5178497","5178497","Janae Tyler","Kent State Golden Flashes","2309","stats","id",NA
"5242169","5242169","Journey Hildebrand","Kent State Golden Flashes","2309","stats","id",NA
"5174346","5174346","Riley Rismiller","Kent State Golden Flashes","2309","stats","id",NA
"5243546","5243546","Talia Harris","Kent State Golden Flashes","2309","stats","id",NA
"fr_96_ajsasivka",NA,"Ajsa Sivka","Kentucky Wildcats","96","newcomer","none",NA
"5177067","5177067","Asia Boone","Kentucky Wildcats","96","stats","id",NA
"5106203","5106203","Ayanna Patterson","Kentucky Wildcats","96","stats","id",NA
"5174442","5174442","Clara Strack","Kentucky Wildcats","96","stats","id",NA
"5175717","5175717","Diana Collins","Kentucky Wildcats","96","stats","id",NA
"rec_96_emilymcdonald",NA,"Emily McDonald","Kentucky Wildcats","96","newcomer","recruit",NA
"5174437","5174437","Gabby Brooks","Kentucky Wildcats","96","stats","id",NA
"5241017","5241017","Jemma Amoore","Kentucky Wildcats","96","stats","id",NA
"fr_96_maddyngreenway",NA,"Maddyn Greenway","Kentucky Wildcats","96","newcomer","none",NA
"5239070","5239070","Me'Arah O'Neal","Kentucky Wildcats","96","stats","id",NA
"fr_96_savvyswords",NA,"Savvy Swords","Kentucky Wildcats","96","newcomer","none",NA
"5312784","5312784","Amiya Moses","La Salle Explorers","2325","stats","id",NA
"5312788","5312788","Ava Hoy","La Salle Explorers","2325","stats","id",NA
"5312787","5312787","Charity Sawyer","La Salle Explorers","2325","stats","id",NA
"fr_2325_emiliacoleman",NA,"Emilia Coleman","La Salle Explorers","2325","newcomer","none",NA
"fr_2325_hassanaamadu",NA,"Hassana Amadu","La Salle Explorers","2325","newcomer","none",NA
"5312785","5312785","India Webb","La Salle Explorers","2325","stats","id",NA
"fr_2325_ioannasamanta",NA,"Ioanna Samanta","La Salle Explorers","2325","newcomer","none",NA
"5312783","5312783","Jana Mbambo Njoya","La Salle Explorers","2325","stats","id",NA
"5240363","5240363","Joan Quinn","La Salle Explorers","2325","stats","id",NA
"5238306","5238306","Kiara Williams","La Salle Explorers","2325","stats","id",NA
"5240357","5240357","Lauren Patnode","La Salle Explorers","2325","stats","id",NA
"fr_2325_olliostoni",NA,"Olli Ostoni","La Salle Explorers","2325","newcomer","none",NA
"fr_2325_sophihutchison",NA,"Sophi Hutchison","La Salle Explorers","2325","newcomer","none",NA
"fr_2325_tianathompson",NA,"Tiana Thompson","La Salle Explorers","2325","newcomer","none",NA
"fr_2325_zynayehenry",NA,"Zynaye Henry","La Salle Explorers","2325","newcomer","none",NA
"5178545","5178545","Brynn Beffert","Lafayette Leopards","322","stats","id",NA
"fr_322_carleyvoce",NA,"Carley Voce","Lafayette Leopards","322","newcomer","none",NA
"5315324","5315324","Emma Heaney","Lafayette Leopards","322","stats","id",NA
"5315321","5315321","Haley Poser","Lafayette Leopards","322","stats","id",NA
"5315322","5315322","Haylie Adamski","Lafayette Leopards","322","stats","id",NA
"fr_322_joharihall",NA,"Johari Hall","Lafayette Leopards","322","newcomer","none",NA
"5242754","5242754","Jordyn Mays","Lafayette Leopards","322","stats","id",NA
"5315323","5315323","Maddison Krug","Lafayette Leopards","322","stats","id",NA
"fr_322_neyiapickering",NA,"Neyia Pickering","Lafayette Leopards","322","newcomer","none",NA
"5176902","5176902","Rosie Scognamiglio","Lafayette Leopards","322","stats","id",NA
"5315325","5315325","Sofia Valente","Lafayette Leopards","322","stats","id",NA
"fr_322_sophiabrooks",NA,"Sophia Brooks","Lafayette Leopards","322","newcomer","none",NA
"5242753","5242753","Talia Zurinskas","Lafayette Leopards","322","stats","id",NA
"5178542","5178542","Tasha Chudy","Lafayette Leopards","322","stats","id",NA
"5178544","5178544","Teresa Kiewiet","Lafayette Leopards","322","stats","id",NA
"5240945","5240945","Brooklyn Alexander","Lamar Cardinals","2320","stats","id",NA
"fr_2320_eniyahholmes",NA,"E'Niyah Holmes","Lamar Cardinals","2320","newcomer","none",NA
"5177966","5177966","Jacei Denley","Lamar Cardinals","2320","stats","id",NA
"fr_2320_jadagraves",NA,"Jada Graves","Lamar Cardinals","2320","newcomer","none",NA
"fr_2320_jordanpete",NA,"Jordan Pete","Lamar Cardinals","2320","newcomer","none",NA
"5243227","5243227","Kamryn Wilson","Lamar Cardinals","2320","stats","id",NA
"5240947","5240947","Kennedi Alexander","Lamar Cardinals","2320","stats","id",NA
"5315768","5315768","Keyiona McDaniel","Lamar Cardinals","2320","stats","id",NA
"fr_2320_kiahgoynes",NA,"Kiah Goynes","Lamar Cardinals","2320","newcomer","none",NA
"fr_2320_kyndallroberts",NA,"Kyndall Roberts","Lamar Cardinals","2320","newcomer","none",NA
"fr_2320_larissahubbard",NA,"Larissa Hubbard","Lamar Cardinals","2320","newcomer","none",NA
"5315771","5315771","Molly Powell","Lamar Cardinals","2320","stats","id",NA
"5315773","5315773","Shaila Forman","Lamar Cardinals","2320","stats","id",NA
"5315770","5315770","Solenne Olenga","Lamar Cardinals","2320","stats","id",NA
"fr_2320_tesanigreen",NA,"Te'Sani Green","Lamar Cardinals","2320","newcomer","none",NA
"5315151","5315151","Ashley Buragas","Le Moyne Dolphins","2330","stats","id",NA
"fr_2330_avabluhm",NA,"Ava Bluhm","Le Moyne Dolphins","2330","newcomer","none",NA
"5315146","5315146","Ava Johnson","Le Moyne Dolphins","2330","stats","id",NA
"5242519","5242519","Eli Clark","Le Moyne Dolphins","2330","stats","id",NA
"fr_2330_giannanichols",NA,"Gianna Nichols","Le Moyne Dolphins","2330","newcomer","none",NA
"5178191","5178191","Jessica Wangolo","Le Moyne Dolphins","2330","stats","id",NA
"5315150","5315150","Kayden Clark","Le Moyne Dolphins","2330","stats","id",NA
"5315144","5315144","Peyton Dincher","Le Moyne Dolphins","2330","stats","id",NA
"5315148","5315148","Praise Matthews","Le Moyne Dolphins","2330","stats","id",NA
"5315147","5315147","Rachel Lynch","Le Moyne Dolphins","2330","stats","id",NA
"5315145","5315145","Sophia Bonnell","Le Moyne Dolphins","2330","stats","id",NA
"5178226","5178226","Sydney Postell","Le Moyne Dolphins","2330","stats","id",NA
"5315334","5315334","Alana Reddy","Lehigh Mountain Hawks","2329","stats","id",NA
"5242757","5242757","Belle Bramer","Lehigh Mountain Hawks","2329","stats","id",NA
"5315337","5315337","Ellie Mjaanes","Lehigh Mountain Hawks","2329","stats","id",NA
"5178555","5178555","Gracyn Lovette","Lehigh Mountain Hawks","2329","stats","id",NA
"5178554","5178554","Jessie Ozzauto","Lehigh Mountain Hawks","2329","stats","id",NA
"5315336","5315336","Leia Edwards","Lehigh Mountain Hawks","2329","stats","id",NA
"fr_2329_miawashington",NA,"Mia Washington","Lehigh Mountain Hawks","2329","newcomer","none",NA
"5315335","5315335","Myrto Lianoudi","Lehigh Mountain Hawks","2329","stats","id",NA
"fr_2329_oliviafleming",NA,"Olivia Fleming","Lehigh Mountain Hawks","2329","newcomer","none",NA
"fr_2329_oliviajohnston",NA,"Olivia Johnston","Lehigh Mountain Hawks","2329","newcomer","none",NA
"fr_2329_ryannjennings",NA,"Ryann Jennings","Lehigh Mountain Hawks","2329","newcomer","none",NA
"5178556","5178556","Whitney Lind","Lehigh Mountain Hawks","2329","stats","id",NA
"fr_2335_amariworsham",NA,"Amari Worsham","Liberty Flames","2335","newcomer","none",NA
"5177064","5177064","Claudia Acin","Liberty Flames","2335","stats","id",NA
"5177070","5177070","Elisabeth Aegisdottir","Liberty Flames","2335","stats","id",NA
"5312916","5312916","Emma Leon","Liberty Flames","2335","stats","id",NA
"5239909","5239909","Emmy Stout","Liberty Flames","2335","stats","id",NA
"5239907","5239907","Ify Nwaobi","Liberty Flames","2335","stats","id",NA
"5174338","5174338","JaKayla Thompson","Liberty Flames","2335","stats","id",NA
"fr_2335_kendylsmith",NA,"Kendyl Smith","Liberty Flames","2335","newcomer","none",NA
"fr_2335_laylascott",NA,"Layla Scott","Liberty Flames","2335","newcomer","none",NA
"5312918","5312918","Lynn Peters","Liberty Flames","2335","stats","id",NA
"5239908","5239908","Maleah Alexander","Liberty Flames","2335","stats","id",NA
"fr_2335_peaceashina",NA,"Peace Ashina","Liberty Flames","2335","newcomer","none",NA
"5241154","5241154","Sophia Gregory","Liberty Flames","2335","stats","id",NA
"fr_2335_trinityholsinger",NA,"Trinity Holsinger","Liberty Flames","2335","newcomer","none",NA
"5312917","5312917","Zeynep Avci","Liberty Flames","2335","stats","id",NA
"5315527","5315527","Anna McCarn","Lindenwood Lions","2815","stats","id",NA
"fr_2815_ariadnamartinez",NA,"Ariadna Martinez","Lindenwood Lions","2815","newcomer","none",NA
"5315142","5315142","Bianca Silva","Lindenwood Lions","2815","stats","id",NA
"fr_2815_brennarucker",NA,"Brenna Rucker","Lindenwood Lions","2815","newcomer","none",NA
"fr_2815_brynnowens",NA,"Brynn Owens","Lindenwood Lions","2815","newcomer","none",NA
"5178511","5178511","Cadence Dykstra","Lindenwood Lions","2815","stats","id",NA
"5314745","5314745","Elisha Dykstra","Lindenwood Lions","2815","stats","id",NA
"5314973","5314973","Jarius Powers","Lindenwood Lions","2815","stats","id",NA
"fr_2815_jazlynpowell",NA,"Jazlyn Powell","Lindenwood Lions","2815","newcomer","none",NA
"5315526","5315526","Justice Macon","Lindenwood Lions","2815","stats","id",NA
"5178095","5178095","Konstantina Mantziori","Lindenwood Lions","2815","stats","id",NA
"fr_2815_maciemcnece",NA,"Macie McNece","Lindenwood Lions","2815","newcomer","none",NA
"fr_2815_mariahdallas",NA,"Mariah Dallas","Lindenwood Lions","2815","newcomer","none",NA
"5178566","5178566","Violet McNece","Lindenwood Lions","2815","stats","id",NA
"fr_288_ccquigley",NA,"CC Quigley","Lipscomb Bisons","288","newcomer","none",NA
"5175457","5175457","Elena Bertrand","Lipscomb Bisons","288","stats","id",NA
"5240708","5240708","Hannah Richardson","Lipscomb Bisons","288","stats","id",NA
"5315136","5315136","Hope Counts","Lipscomb Bisons","288","stats","id",NA
"5314977","5314977","Kennedy Sproule","Lipscomb Bisons","288","stats","id",NA
"fr_288_lexiprimus",NA,"Lexi Primus","Lipscomb Bisons","288","newcomer","none",NA
"5315133","5315133","Maris Zurliene","Lipscomb Bisons","288","stats","id",NA
"5175044","5175044","McKayla Miller","Lipscomb Bisons","288","stats","id",NA
"fr_288_miasmith",NA,"Mia Smith","Lipscomb Bisons","288","newcomer","none",NA
"5315135","5315135","Olivia Vinson","Lipscomb Bisons","288","stats","id",NA
"fr_288_preslysamz",NA,"Presly Samz","Lipscomb Bisons","288","newcomer","none",NA
"fr_288_taliahlee",NA,"Taliah Lee","Lipscomb Bisons","288","newcomer","none",NA
"5240603","5240603","Taylor Holt","Lipscomb Bisons","288","stats","id",NA
"5315536","5315536","Aaliyah Taylor","Little Rock Trojans","2031","stats","id",NA
"5242656","5242656","Ashley Lester","Little Rock Trojans","2031","stats","id",NA
"5315539","5315539","Blessing Teamer","Little Rock Trojans","2031","stats","id",NA
"5242653","5242653","Brenna Burk","Little Rock Trojans","2031","stats","id",NA
"5315543","5315543","Lidia Belmonte Hurtado","Little Rock Trojans","2031","stats","id",NA
"5315542","5315542","Mya Cotto","Little Rock Trojans","2031","stats","id",NA
"5315540","5315540","Pearson McVay","Little Rock Trojans","2031","stats","id",NA
"5315541","5315541","Rakiya Nelson","Little Rock Trojans","2031","stats","id",NA
"5312987","5312987","Senoj Jones","Little Rock Trojans","2031","stats","id",NA
"5315538","5315538","Taelor Coxford","Little Rock Trojans","2031","stats","id",NA
"5315531","5315531","Talia Kemp","Little Rock Trojans","2031","stats","id",NA
"5240801","5240801","Tyla Fautua","Little Rock Trojans","2031","stats","id",NA
"fr_299_amberfurch",NA,"Amber Furch","Long Beach State Beach","299","newcomer","none",NA
"fr_299_aryannareyes",NA,"Aryanna Reyes","Long Beach State Beach","299","newcomer","none",NA
"fr_299_ashantidias",NA,"Ashanti Dias","Long Beach State Beach","299","newcomer","none",NA
"5240718","5240718","Danijela Kujovic","Long Beach State Beach","299","stats","id",NA
"fr_299_ebonytaylorsmith",NA,"Ebony Taylor-Smith","Long Beach State Beach","299","newcomer","none",NA
"fr_299_kailynberry",NA,"Kailyn Berry","Long Beach State Beach","299","newcomer","none",NA
"fr_299_laraperian",NA,"Lara Perian","Long Beach State Beach","299","newcomer","none",NA
"fr_299_luciachicofernandez",NA,"Lucia Chico Fernandez","Long Beach State Beach","299","newcomer","none",NA
"fr_299_maliatualani",NA,"Malia Tualani","Long Beach State Beach","299","newcomer","none",NA
"5312807","5312807","Rosie Akot","Long Beach State Beach","299","stats","id",NA
"5250835","5250835","Selene Romero","Long Beach State Beach","299","stats","id",NA
"fr_299_seleneromeroolvera",NA,"Selene Romero Olvera","Long Beach State Beach","299","newcomer","none",NA
"5252269","5252269","Kylie Morris","Long Island University Sharks","112358","stats","none",NA
"5178262","5178262","Alary Bell","Longwood Lancers","2344","stats","id",NA
"fr_2344_idaysiamercer",NA,"Idaysia Mercer","Longwood Lancers","2344","newcomer","none",NA
"fr_2344_ioanadavid",NA,"Ioana David","Longwood Lancers","2344","newcomer","none",NA
"5313827","5313827","Jesstynie Scott","Longwood Lancers","2344","stats","id",NA
"5313826","5313826","Kayla Washington","Longwood Lancers","2344","stats","id",NA
"fr_2344_laterriagreen",NA,"Laterria Green","Longwood Lancers","2344","newcomer","none",NA
"5241040","5241040","Lili Booker","Longwood Lancers","2344","stats","id",NA
"5313828","5313828","London Harvey","Longwood Lancers","2344","stats","id",NA
"fr_2344_maddylittle",NA,"Maddy Little","Longwood Lancers","2344","newcomer","none",NA
"5315111","5315111","McKayla Hosley","Longwood Lancers","2344","stats","id",NA
"fr_2344_mckennahoyt",NA,"McKenna Hoyt","Longwood Lancers","2344","newcomer","none",NA
"5312020","5312020","Nal'La Bennett","Longwood Lancers","2344","stats","id",NA
"5175880","5175880","Nalani Simmons","Longwood Lancers","2344","stats","id",NA
"fr_2344_samiasnead",NA,"Samia Snead","Longwood Lancers","2344","newcomer","none",NA
"fr_2344_shakiragresham",NA,"Shakira Gresham","Longwood Lancers","2344","newcomer","none",NA
"5315139","5315139","Amijah Price","Louisiana Ragin' Cajuns","309","stats","id",NA
"fr_309_aminatasowe",NA,"Aminata Sowe","Louisiana Ragin' Cajuns","309","newcomer","none",NA
"5315141","5315141","Arionna Patterson","Louisiana Ragin' Cajuns","309","stats","id",NA
"fr_309_baileytimmons",NA,"Bailey Timmons","Louisiana Ragin' Cajuns","309","newcomer","none",NA
"5315143","5315143","Imani Daniel","Louisiana Ragin' Cajuns","309","stats","id",NA
"fr_309_janjadragisic",NA,"Janja Dragisic","Louisiana Ragin' Cajuns","309","newcomer","none",NA
"5109868","5109868","Jazmyne Jackson","Louisiana Ragin' Cajuns","309","stats","id",NA
"fr_309_justysegeorge",NA,"Justyse George","Louisiana Ragin' Cajuns","309","newcomer","none",NA
"5315138","5315138","Kahlen Norris","Louisiana Ragin' Cajuns","309","stats","id",NA
"fr_309_kaylliswalker",NA,"Kayllis Walker","Louisiana Ragin' Cajuns","309","newcomer","none",NA
"fr_309_kelisdansby",NA,"Kelis Dansby","Louisiana Ragin' Cajuns","309","newcomer","none",NA
"fr_309_kennedijohnson",NA,"Kennedi Johnson","Louisiana Ragin' Cajuns","309","newcomer","none",NA
"fr_309_malayajones",NA,"Malaya Jones","Louisiana Ragin' Cajuns","309","newcomer","none",NA
"5176129","5176129","Mikaylah Manley","Louisiana Ragin' Cajuns","309","stats","id",NA
"fr_309_ndiobalo",NA,"Ndioba Lo","Louisiana Ragin' Cajuns","309","newcomer","none",NA
"fr_2348_alanaobianozie",NA,"Alana Obianozie","Louisiana Tech Lady Techsters","2348","newcomer","none",NA
"5312927","5312927","Alexia Weaver","Louisiana Tech Lady Techsters","2348","stats","id",NA
"5315636","5315636","Brittani Wells","Louisiana Tech Lady Techsters","2348","stats","id",NA
"fr_2348_emarrihajohnson",NA,"E'Marriha Johnson","Louisiana Tech Lady Techsters","2348","newcomer","none",NA
"5312928","5312928","Hillary Dawson","Louisiana Tech Lady Techsters","2348","stats","id",NA
"5239973","5239973","Isla Airey","Louisiana Tech Lady Techsters","2348","stats","id",NA
"5239972","5239972","Jordan Marshall","Louisiana Tech Lady Techsters","2348","stats","id",NA
"fr_2348_jordynmcneal",NA,"Jordyn McNeal","Louisiana Tech Lady Techsters","2348","newcomer","none",NA
"5174760","5174760","Joy Madison-Key","Louisiana Tech Lady Techsters","2348","stats","id",NA
"5312930","5312930","Kaleigh Thompson","Louisiana Tech Lady Techsters","2348","stats","id",NA
"fr_2348_pressleypowell",NA,"Pressley Powell","Louisiana Tech Lady Techsters","2348","newcomer","none",NA
"4565525","4565525","Amiya Joyner","Louisville Cardinals","97","stats","id",NA
"fr_97_ariyanacradle",NA,"Ariyana Cradle","Louisville Cardinals","97","newcomer","none",NA
"fr_97_aysemelekdemirer",NA,"Ayse Melek Demirer","Louisville Cardinals","97","newcomer","none",NA
"5174440","5174440","Carys Baker","Louisville Cardinals","97","stats","id",NA
"5311575","5311575","Deniya Prawl","Louisville Cardinals","97","stats","id",NA
"5174420","5174420","Elif Istanbulluoglu","Louisville Cardinals","97","stats","id",NA
"5312384","5312384","Grace Mbugua","Louisville Cardinals","97","stats","id",NA
"5238288","5238288","Imari Berry","Louisville Cardinals","97","stats","id",NA
"5238289","5238289","Mackenly Randolph","Louisville Cardinals","97","stats","id",NA
"fr_97_myahepps",NA,"Myah Epps","Louisville Cardinals","97","newcomer","none",NA
"5238293","5238293","Reagan Bender","Louisville Cardinals","97","stats","id",NA
"5238290","5238290","Rebekah Graves","Louisville Cardinals","97","stats","id",NA
"5238294","5238294","Tajianna Roberts","Louisville Cardinals","97","stats","id",NA
"5238300","5238300","Zamareya Jones","Louisville Cardinals","97","stats","id",NA
"5312408","5312408","Angela Le Faou","Loyola Chicago Ramblers","2350","stats","id",NA
"5174377","5174377","Audrey Deptula","Loyola Chicago Ramblers","2350","stats","id",NA
"5240376","5240376","Brooklyn Vaughn","Loyola Chicago Ramblers","2350","stats","id",NA
"5243582","5243582","Gabby Wilke","Loyola Chicago Ramblers","2350","stats","id",NA
"fr_2350_gemmawichmann",NA,"Gemma Wichmann","Loyola Chicago Ramblers","2350","newcomer","none",NA
"5108593","5108593","Hailey Johnson","Loyola Chicago Ramblers","2350","stats","id",NA
"fr_2350_jasmineperry",NA,"Jasmine Perry","Loyola Chicago Ramblers","2350","newcomer","none",NA
"5240375","5240375","Kendall Hendrix","Loyola Chicago Ramblers","2350","stats","id",NA
"5312734","5312734","MD Ntambue","Loyola Chicago Ramblers","2350","stats","id",NA
"5312665","5312665","Mireia Jurado","Loyola Chicago Ramblers","2350","stats","id",NA
"5177777","5177777","Rosalie Mercille","Loyola Chicago Ramblers","2350","stats","id",NA
"5313301","5313301","Vasiliki Cholopoulou","Loyola Chicago Ramblers","2350","stats","id",NA
"5312034","5312034","Aidan Langley","Loyola Maryland Greyhounds","2352","stats","id",NA
"fr_2352_allistercaretti",NA,"Allister Caretti","Loyola Maryland Greyhounds","2352","newcomer","none",NA
"5178562","5178562","Amandine Amorich","Loyola Maryland Greyhounds","2352","stats","id",NA
"fr_2352_avakopetskie",NA,"Ava Kopetskie","Loyola Maryland Greyhounds","2352","newcomer","none",NA
"5242767","5242767","Avery Simmons","Loyola Maryland Greyhounds","2352","stats","id",NA
"fr_2352_debrawilsonosuide",NA,"Debra Wilson-Osuide","Loyola Maryland Greyhounds","2352","newcomer","none",NA
"5242768","5242768","Gabby Betton","Loyola Maryland Greyhounds","2352","stats","id",NA
"5178561","5178561","Kailey Kalet","Loyola Maryland Greyhounds","2352","stats","id",NA
"fr_2352_kaitlintotaro",NA,"Kaitlin Totaro","Loyola Maryland Greyhounds","2352","newcomer","none",NA
"5315127","5315127","Maddie Oliver","Loyola Maryland Greyhounds","2352","stats","id",NA
"5315687","5315687","Olivia Shaughnessy","Loyola Maryland Greyhounds","2352","stats","id",NA
"5315688","5315688","Sydney Bass","Loyola Maryland Greyhounds","2352","stats","id",NA
"5241465","5241465","Takeira Ramey","Loyola Maryland Greyhounds","2352","stats","id",NA
"fr_2352_taliashumate",NA,"Talia Shumate","Loyola Maryland Greyhounds","2352","newcomer","none",NA
"5242517","5242517","Tyler Edwards","Loyola Maryland Greyhounds","2352","stats","id",NA
"5315689","5315689","Whitley Watkins","Loyola Maryland Greyhounds","2352","stats","id",NA
"5175476","5175476","Ali'a Matavao","Loyola Marymount Lions","2351","stats","id",NA
"5240790","5240790","Allison Clarke","Loyola Marymount Lions","2351","stats","id",NA
"5239970","5239970","Ana Milanovic","Loyola Marymount Lions","2351","stats","id",NA
"5242461","5242461","Danae Powell","Loyola Marymount Lions","2351","stats","id",NA
"5311536","5311536","Erica Finney","Loyola Marymount Lions","2351","stats","none",NA
"5239474","5239474","Ivana Krajina","Loyola Marymount Lions","2351","stats","id",NA
"5177794","5177794","Janay Brantley","Loyola Marymount Lions","2351","stats","id",NA
"5315508","5315508","Kayla Jones","Loyola Marymount Lions","2351","stats","id",NA
"5239457","5239457","Lova Lagerlid","Loyola Marymount Lions","2351","stats","id",NA
"5177938","5177938","Mari Somvichian","Loyola Marymount Lions","2351","stats","id",NA
"5177942","5177942","Maya Hernandez","Loyola Marymount Lions","2351","stats","id",NA
"5311708","5311708","Sarah Deng","Loyola Marymount Lions","2351","stats","id",NA
"fr_2351_shanaykaismar",NA,"Shanayka Ismar","Loyola Marymount Lions","2351","newcomer","none",NA
"5241476","5241476","Shawnee Nordstrom","Loyola Marymount Lions","2351","stats","id",NA
"5242683","5242683","Chloe Larry","LSU Tigers","99","stats","id",NA
"5311611","5311611","Grace Knox","LSU Tigers","99","stats","id",NA
"5175867","5175867","Jada Williams","LSU Tigers","99","stats","id",NA
"5174261","5174261","Laila Reynolds","LSU Tigers","99","stats","id",NA
"rec_99_lolalampley",NA,"Lola Lampley","LSU Tigers","99","newcomer","recruit",NA
"5311615","5311615","Meghan Yarnevich","LSU Tigers","99","stats","id",NA
"5174267","5174267","Mikaylah Williams","LSU Tigers","99","stats","id",NA
"5174285","5174285","MiLaysia Fulwiley","LSU Tigers","99","stats","id",NA
"fr_99_noamorro",NA,"Noa Morro","LSU Tigers","99","newcomer","none",NA
"5311614","5311614","ZaKiyah Johnson","LSU Tigers","99","stats","id",NA
"5312962","5312962","Abby Price","Maine Black Bears","311","stats","id",NA
"fr_311_ainareal",NA,"Aina Real","Maine Black Bears","311","newcomer","none",NA
"fr_311_avasewall",NA,"Ava Sewall","Maine Black Bears","311","newcomer","none",NA
"fr_311_aylacorrigale",NA,"Ayla Corrigale","Maine Black Bears","311","newcomer","none",NA
"fr_311_emmiestreamsstevens",NA,"Emmie Streams-Stevens","Maine Black Bears","311","newcomer","none",NA
"5240675","5240675","Izzy Allen","Maine Black Bears","311","stats","id",NA
"5178400","5178400","Kaliyah Sain","Maine Black Bears","311","stats","id",NA
"5312966","5312966","Lala Woods","Maine Black Bears","311","stats","id",NA
"5174390","5174390","Lizzy Gruber","Maine Black Bears","311","stats","id",NA
"5312965","5312965","Mackenzie Mori","Maine Black Bears","311","stats","id",NA
"5240678","5240678","Maddie Fitzpatrick","Maine Black Bears","311","stats","id",NA
"5312964","5312964","Olivia Alvarez","Maine Black Bears","311","stats","id",NA
"fr_311_taylorschwab",NA,"Taylor Schwab","Maine Black Bears","311","newcomer","none",NA
"fr_311_zeinahaleem",NA,"Zeina Haleem","Maine Black Bears","311","newcomer","none",NA
"fr_2363_amandabaumgarte",NA,"Amanda Baumgarte","Manhattan Jaspers","2363","newcomer","none",NA
"fr_2363_anazesati",NA,"Ana Zesati","Manhattan Jaspers","2363","newcomer","none",NA
"fr_2363_bleukerr",NA,"Bleu Kerr","Manhattan Jaspers","2363","newcomer","none",NA
"5313596","5313596","Celeste Harper","Manhattan Jaspers","2363","stats","id",NA
"fr_2363_cortneyhowell",NA,"Cortney Howell","Manhattan Jaspers","2363","newcomer","none",NA
"5241978","5241978","Ella Chandler","Manhattan Jaspers","2363","stats","id",NA
"fr_2363_jaelynchoi",NA,"Jaelyn Choi","Manhattan Jaspers","2363","newcomer","none",NA
"5176877","5176877","Kristina Juric","Manhattan Jaspers","2363","stats","id",NA
"fr_2363_laiaizquierdoaltimira",NA,"Laia Izquierdo Altimira","Manhattan Jaspers","2363","newcomer","none",NA
"fr_2363_lauraring",NA,"Laura Ring","Manhattan Jaspers","2363","newcomer","none",NA
"fr_2363_nisansel",NA,"Nisan Sel","Manhattan Jaspers","2363","newcomer","none",NA
"fr_2363_oliviagrgicevichlassey",NA,"Olivia Grgicevich Lassey","Manhattan Jaspers","2363","newcomer","none",NA
"fr_2363_ruzgarchristinaboyle",NA,"Ruzgar Christina Boyle","Manhattan Jaspers","2363","newcomer","none",NA
"fr_2363_taylahmurtagh",NA,"Taylah Murtagh","Manhattan Jaspers","2363","newcomer","none",NA
"fr_2368_catieklemm",NA,"Catie Klemm","Marist Red Foxes","2368","newcomer","none",NA
"5242032","5242032","Chloe Escanillas","Marist Red Foxes","2368","stats","id",NA
"5175958","5175958","Claudia Clement","Marist Red Foxes","2368","stats","id",NA
"fr_2368_claudiaclementmarsan",NA,"Claudia Clement Marsan","Marist Red Foxes","2368","newcomer","none",NA
"5242034","5242034","Danielle Williamsen","Marist Red Foxes","2368","stats","id",NA
"fr_2368_dilantubbs",NA,"Dilan Tubbs","Marist Red Foxes","2368","newcomer","none",NA
"5241149","5241149","Elle Bruschuk","Marist Red Foxes","2368","stats","id",NA
"5178112","5178112","Julia Corsentino","Marist Red Foxes","2368","stats","id",NA
"5313603","5313603","Justine Henry","Marist Red Foxes","2368","stats","id",NA
"5176864","5176864","Karly Fischer","Marist Red Foxes","2368","stats","id",NA
"5240383","5240383","Kasey Bretones","Marist Red Foxes","2368","stats","id",NA
"5178113","5178113","Kate Robbins","Marist Red Foxes","2368","stats","id",NA
"fr_2368_madisonohm",NA,"Madison Ohm","Marist Red Foxes","2368","newcomer","none",NA
"5175997","5175997","Malea Egan","Marist Red Foxes","2368","stats","id",NA
"5109007","5109007","Morgan Tompkins","Marist Red Foxes","2368","stats","id",NA
"fr_2368_ryanoldaker",NA,"Ryan Oldaker","Marist Red Foxes","2368","newcomer","none",NA
"fr_269_aminatraore",NA,"Amina Traore","Marquette Golden Eagles","269","newcomer","none",NA
"5175020","5175020","Halle Vice","Marquette Golden Eagles","269","stats","id",NA
"5106177","5106177","Jordan Meulemans","Marquette Golden Eagles","269","stats","id",NA
"5312700","5312700","Kam Herring","Marquette Golden Eagles","269","stats","id",NA
"5238322","5238322","Kayl Petersen","Marquette Golden Eagles","269","stats","id",NA
"fr_269_kinleyasp",NA,"Kinley Asp","Marquette Golden Eagles","269","newcomer","none",NA
"5240250","5240250","MacKenzie Givens","Marquette Golden Eagles","269","stats","id",NA
"fr_269_noelleanthon",NA,"Noelle Anthon","Marquette Golden Eagles","269","newcomer","none",NA
"fr_269_secrettecarter",NA,"Se'Crette Carter","Marquette Golden Eagles","269","newcomer","none",NA
"5312931","5312931","Yu Han Lin","Marquette Golden Eagles","269","stats","id",NA
"5175839","5175839","Anaya Harris","Marshall Thundering Herd","276","stats","id",NA
"fr_276_briwilkins",NA,"Bri Wilkins","Marshall Thundering Herd","276","newcomer","none",NA
"5175925","5175925","Cassie Gallagher","Marshall Thundering Herd","276","stats","id",NA
"fr_276_elizabethhunt",NA,"Elizabeth Hunt","Marshall Thundering Herd","276","newcomer","none",NA
"5254927","5254927","Emari Doby","Marshall Thundering Herd","276","stats","id",NA
"5242178","5242178","Emily Bratton","Marshall Thundering Herd","276","stats","id",NA
"5241086","5241086","Kassie Ingram","Marshall Thundering Herd","276","stats","id",NA
"5241085","5241085","Leyocha Marigney","Marshall Thundering Herd","276","stats","id",NA
"5313066","5313066","Maddie Moody","Marshall Thundering Herd","276","stats","id",NA
"5262469","5262469","Ni'Kiah Chesterfield","Marshall Thundering Herd","276","stats","id",NA
"5315160","5315160","Olivia Olson","Marshall Thundering Herd","276","stats","id",NA
"5177884","5177884","Paris Gilmore","Marshall Thundering Herd","276","stats","id",NA
"fr_276_princesscassell",NA,"Princess Cassell","Marshall Thundering Herd","276","newcomer","none",NA
"5315159","5315159","Zenthia Stowers","Marshall Thundering Herd","276","stats","none",NA
"fr_2379_alizamurray",NA,"Aliza Murray","Maryland Eastern Shore Hawks","2379","newcomer","none",NA
"5178538","5178538","Angela Samuel","Maryland Eastern Shore Hawks","2379","stats","id",NA
"5313609","5313609","Chasity Wilson","Maryland Eastern Shore Hawks","2379","stats","id",NA
"5314841","5314841","Desi Taylor","Maryland Eastern Shore Hawks","2379","stats","id",NA
"5314839","5314839","Jaida Cameron","Maryland Eastern Shore Hawks","2379","stats","id",NA
"5314840","5314840","Jailynn Clayton","Maryland Eastern Shore Hawks","2379","stats","id",NA
"5242662","5242662","Kalise Hill","Maryland Eastern Shore Hawks","2379","stats","id",NA
"5314843","5314843","Kaliya Perry","Maryland Eastern Shore Hawks","2379","stats","id",NA
"5311741","5311741","Makylah Moore","Maryland Eastern Shore Hawks","2379","stats","id",NA
"fr_2379_marleyjeffers",NA,"Marley Jeffers","Maryland Eastern Shore Hawks","2379","newcomer","none",NA
"fr_2379_patiencejohn",NA,"Patience John","Maryland Eastern Shore Hawks","2379","newcomer","none",NA
"5239090","5239090","Tahj-Monet Bloom","Maryland Eastern Shore Hawks","2379","stats","id",NA
"fr_2379_tristawhitney",NA,"Trista Whitney","Maryland Eastern Shore Hawks","2379","newcomer","none",NA
"fr_2379_uzoamakaangelasamuel",NA,"Uzoamaka Angela Samuel","Maryland Eastern Shore Hawks","2379","newcomer","none",NA
"5311551","5311551","Addi Mack","Maryland Terrapins","120","stats","id",NA
"5240179","5240179","Ava McKennie","Maryland Terrapins","120","stats","id",NA
"5107845","5107845","Bri McDaniel","Maryland Terrapins","120","stats","id",NA
"5240803","5240803","Chloe Sotell","Maryland Terrapins","120","stats","id",NA
"fr_120_evagraceyebila",NA,"Eva-Grace Yebila","Maryland Terrapins","120","newcomer","none",NA
"fr_120_jordynjackson",NA,"Jordyn Jackson","Maryland Terrapins","120","newcomer","none",NA
"5311550","5311550","Lea Bartelme","Maryland Terrapins","120","stats","id",NA
"5311552","5311552","Marya Boiko","Maryland Terrapins","120","stats","id",NA
"fr_120_mimithiero",NA,"Mimi Thiero","Maryland Terrapins","120","newcomer","none",NA
"5175934","5175934","Nunu Agara","Maryland Terrapins","120","stats","id",NA
"5174408","5174408","Oluchi Okananwa","Maryland Terrapins","120","stats","id",NA
"5311549","5311549","Rainey Welson","Maryland Terrapins","120","stats","id",NA
"rec_120_trinityjones",NA,"Trinity Jones","Maryland Terrapins","120","newcomer","recruit",NA
"5313748","5313748","Aiyanna Perkins","Massachusetts Minutewomen","113","stats","id",NA
"5320180","5320180","Alba Caballero","Massachusetts Minutewomen","113","stats","id",NA
"5240388","5240388","Ayanna Franks","Massachusetts Minutewomen","113","stats","id",NA
"5313749","5313749","Brooke Pulpi","Massachusetts Minutewomen","113","stats","id",NA
"5174522","5174522","Caroline Dotsey","Massachusetts Minutewomen","113","stats","id",NA
"5174394","5174394","Chinenye Odenigbo","Massachusetts Minutewomen","113","stats","id",NA
"5313750","5313750","Eva Hannon","Massachusetts Minutewomen","113","stats","id",NA
"fr_113_imanishelton",NA,"Imani Shelton","Massachusetts Minutewomen","113","newcomer","none",NA
"5240384","5240384","Jess Ross","Massachusetts Minutewomen","113","stats","id",NA
"fr_113_kikiscott",NA,"Kiki Scott","Massachusetts Minutewomen","113","newcomer","none",NA
"fr_113_kyliesooley",NA,"Kylie Sooley","Massachusetts Minutewomen","113","newcomer","none",NA
"4900371","4900371","Reagan Hurst","Massachusetts Minutewomen","113","stats","id",NA
"fr_113_tessagladieux",NA,"Tessa Gladieux","Massachusetts Minutewomen","113","newcomer","none",NA
"5240382","5240382","Yahmani McKayle","Massachusetts Minutewomen","113","stats","id",NA
"5240631","5240631","Anja Ekstrom","McNeese Cowgirls","2377","stats","id",NA
"5178026","5178026","Avari Berry","McNeese Cowgirls","2377","stats","id",NA
"5315765","5315765","Carley Hamilton","McNeese Cowgirls","2377","stats","id",NA
"5315561","5315561","Josefine Enander","McNeese Cowgirls","2377","stats","id",NA
"fr_2377_kiralynch",NA,"Kira Lynch","McNeese Cowgirls","2377","newcomer","none",NA
"5320184","5320184","Laura Martinez","McNeese Cowgirls","2377","stats","id",NA
"fr_2377_mariamcoulibaly",NA,"Mariam Coulibaly","McNeese Cowgirls","2377","newcomer","none",NA
"5312776","5312776","Matilde Motta","McNeese Cowgirls","2377","stats","id",NA
"5241046","5241046","Morgan Boyd","McNeese Cowgirls","2377","stats","id",NA
"fr_2377_sarahtaub",NA,"Sarah Taub","McNeese Cowgirls","2377","newcomer","none",NA
"fr_2377_sumaiyaibrahim",NA,"Sumaiya Ibrahim","McNeese Cowgirls","2377","newcomer","none",NA
"4433552","4433552","Valencia Fontenelle-Posson","McNeese Cowgirls","2377","stats","id",NA
"5315640","5315640","Zy Thompson","McNeese Cowgirls","2377","stats","id",NA
"5242678","5242678","Ainaya Williams","Memphis Tigers","235","stats","id",NA
"4565523","4565523","Amauri Williams","Memphis Tigers","235","stats","id",NA
"5178569","5178569","Anjanae Richardson","Memphis Tigers","235","stats","id",NA
"5314683","5314683","Ari Gordon","Memphis Tigers","235","stats","id",NA
"fr_235_aubreyhampton",NA,"Aubrey Hampton","Memphis Tigers","235","newcomer","none",NA
"5174308","5174308","Bailey Gilmore","Memphis Tigers","235","stats","id",NA
"5178424","5178424","Daejah Richmond","Memphis Tigers","235","stats","id",NA
"5107561","5107561","Destiny Thomas","Memphis Tigers","235","stats","id",NA
"5239066","5239066","Jordan Hunter","Memphis Tigers","235","stats","id",NA
"fr_235_khyragarrett",NA,"Khyra Garrett","Memphis Tigers","235","newcomer","none",NA
"fr_235_lilymelton",NA,"Lily Melton","Memphis Tigers","235","newcomer","none",NA
"fr_235_sedagabrielyan",NA,"Seda Gabrielyan","Memphis Tigers","235","newcomer","none",NA
"5240917","5240917","Tamya Smith","Memphis Tigers","235","stats","id",NA
"5243433","5243433","Tierney Kelsey","Memphis Tigers","235","stats","id",NA
"5175481","5175481","Abigail Holtman","Mercer Bears","2382","stats","id",NA
"5108929","5108929","Ada Anamekwe","Mercer Bears","2382","stats","id",NA
"fr_2382_avanitella",NA,"Avani Tella","Mercer Bears","2382","newcomer","none",NA
"5314303","5314303","Jah'Naesia Spiers","Mercer Bears","2382","stats","id",NA
"fr_2382_jalawilson",NA,"Jala Wilson","Mercer Bears","2382","newcomer","none",NA
"fr_2382_kaylenkenney",NA,"Kaylen Kenney","Mercer Bears","2382","newcomer","none",NA
"fr_2382_kimorajenkins",NA,"Kimora Jenkins","Mercer Bears","2382","newcomer","none",NA
"fr_2382_maliyahlofton",NA,"Maliyah Lofton","Mercer Bears","2382","newcomer","none",NA
"5178103","5178103","Micah O'Dell","Mercer Bears","2382","stats","id",NA
"5240570","5240570","Rachel Shropshire","Mercer Bears","2382","stats","id",NA
"5242522","5242522","Alena Fusetti","Mercyhurst Lakers","2385","stats","id",NA
"fr_2385_brookemissry",NA,"Brooke Missry","Mercyhurst Lakers","2385","newcomer","none",NA
"5246843","5246843","Carmaya Bowman","Mercyhurst Lakers","2385","stats","id",NA
"5242521","5242521","Cici Hernandez","Mercyhurst Lakers","2385","stats","id",NA
"5242526","5242526","Ella Cupka","Mercyhurst Lakers","2385","stats","id",NA
"5242525","5242525","Erica Hall","Mercyhurst Lakers","2385","stats","id",NA
"5315190","5315190","Julia Lewis","Mercyhurst Lakers","2385","stats","id",NA
"5313116","5313116","Layke Fields","Mercyhurst Lakers","2385","stats","id",NA
"5240702","5240702","Lena Walz","Mercyhurst Lakers","2385","stats","id",NA
"5187638","5187638","Maya Aguilar","Mercyhurst Lakers","2385","stats","none",NA
"fr_2385_nataliespano",NA,"Natalie Spano","Mercyhurst Lakers","2385","newcomer","none",NA
"fr_2385_nierastevens",NA,"Niera Stevens","Mercyhurst Lakers","2385","newcomer","none",NA
"5315191","5315191","Shannon Heine","Mercyhurst Lakers","2385","stats","id",NA
"5315195","5315195","Sofia Wilson","Mercyhurst Lakers","2385","stats","id",NA
"fr_2771_abrielgrantcaracas",NA,"Abriel Grant-Caracas","Merrimack Warriors","2771","newcomer","none",NA
"fr_2771_claudiacrespo",NA,"Claudia Crespo","Merrimack Warriors","2771","newcomer","none",NA
"5239921","5239921","Claudia Marina","Merrimack Warriors","2771","stats","id",NA
"fr_2771_csengeszomszed",NA,"Csenge Szomszed","Merrimack Warriors","2771","newcomer","none",NA
"5314786","5314786","Emma Dibarboure","Merrimack Warriors","2771","stats","id",NA
"5174333","5174333","Jamie Kent","Merrimack Warriors","2771","stats","id",NA
"fr_2771_jennamishou",NA,"Jenna Mishou","Merrimack Warriors","2771","newcomer","none",NA
"5313604","5313604","Joi Williams","Merrimack Warriors","2771","stats","id",NA
"5313819","5313819","Kelsey Miller","Merrimack Warriors","2771","stats","id",NA
"5242039","5242039","Kristen Kelley","Merrimack Warriors","2771","stats","id",NA
"fr_2771_miacarmody",NA,"Mia Carmody","Merrimack Warriors","2771","newcomer","none",NA
"5313865","5313865","Naomi Wilson","Merrimack Warriors","2771","stats","id",NA
"5240252","5240252","Olivia Borsutzki","Merrimack Warriors","2771","stats","id",NA
"fr_2771_oliviavick",NA,"Olivia Vick","Merrimack Warriors","2771","newcomer","none",NA
"fr_2771_samanthagrella",NA,"Samantha Grella","Merrimack Warriors","2771","newcomer","none",NA
"5312675","5312675","Addison Baxter","Miami (OH) RedHawks","193","stats","id",NA
"fr_193_adelaplansbellavista",NA,"Adela Plans Bellavista","Miami (OH) RedHawks","193","newcomer","none",NA
"5178499","5178499","Amber Tretter","Miami (OH) RedHawks","193","stats","id",NA
"5238307","5238307","Audrey Biggs","Miami (OH) RedHawks","193","stats","id",NA
"5109039","5109039","Brooke Blumenfeld","Miami (OH) RedHawks","193","stats","id",NA
"fr_193_brookezartman",NA,"Brooke Zartman","Miami (OH) RedHawks","193","newcomer","none",NA
"fr_193_dominikaullmann",NA,"Dominika Ullmann","Miami (OH) RedHawks","193","newcomer","none",NA
"5311542","5311542","Jade Ondineme","Miami (OH) RedHawks","193","stats","id",NA
"5175681","5175681","Julianna LaMendola","Miami (OH) RedHawks","193","stats","id",NA
"fr_193_laiajove",NA,"Laia Jové","Miami (OH) RedHawks","193","newcomer","none",NA
"5240254","5240254","Lucía Martínez López","Miami (OH) RedHawks","193","stats","id",NA
"5178500","5178500","Nuria Jurjo","Miami (OH) RedHawks","193","stats","id",NA
"5238295","5238295","Ahnay Adams","Miami Hurricanes","2390","stats","id",NA
"5178159","5178159","Amarachi Kimpson","Miami Hurricanes","2390","stats","id",NA
"fr_2390_annaliepina",NA,"Anna Liepina","Miami Hurricanes","2390","newcomer","none",NA
"5241566","5241566","Dayana Mendes","Miami Hurricanes","2390","stats","id",NA
"5242255","5242255","Gal Raviv","Miami Hurricanes","2390","stats","id",NA
"5243487","5243487","Gianna Corbitt","Miami Hurricanes","2390","stats","id",NA
"fr_2390_jessminezodia",NA,"Jess-Mine Zodia","Miami Hurricanes","2390","newcomer","none",NA
"fr_2390_majauranker",NA,"Maja Uranker","Miami Hurricanes","2390","newcomer","none",NA
"5251947","5251947","Mya Herman","Miami Hurricanes","2390","stats","none",NA
"5312395","5312395","Natalie Wetzel","Miami Hurricanes","2390","stats","id",NA
"5312393","5312393","Soma Okolo","Miami Hurricanes","2390","stats","id",NA
"5240011","5240011","Alie Bisballe","Michigan State Spartans","127","stats","id",NA
"5311565","5311565","Amy Terrian","Michigan State Spartans","127","stats","id",NA
"5311566","5311566","Anna Terrian","Michigan State Spartans","127","stats","id",NA
"5312673","5312673","Anna Wypych","Michigan State Spartans","127","stats","id",NA
"5178008","5178008","Carter McCray","Michigan State Spartans","127","stats","id",NA
"fr_127_emmabroliron",NA,"Emma Broliron","Michigan State Spartans","127","newcomer","none",NA
"4899051","4899051","Isaline Alexander","Michigan State Spartans","127","stats","id",NA
"fr_127_kathyemmaotto",NA,"Kathy-Emma Otto","Michigan State Spartans","127","newcomer","none",NA
"fr_127_lillywilliams",NA,"Lilly Williams","Michigan State Spartans","127","newcomer","none",NA
"fr_127_moniquebobongie",NA,"Monique Bobongie","Michigan State Spartans","127","newcomer","none",NA
"5311564","5311564","Sara Sambolic","Michigan State Spartans","127","stats","id",NA
"5239458","5239458","Tabitha Betson","Michigan State Spartans","127","stats","id",NA
"5107854","5107854","Theryn Hallock","Michigan State Spartans","127","stats","id",NA
"fr_127_uchekaine",NA,"Uche Kaine","Michigan State Spartans","127","newcomer","none",NA
"5240187","5240187","Aaiyanna Dunbar","Michigan Wolverines","130","stats","id",NA
"5176903","5176903","Ashley Sofilkanich","Michigan Wolverines","130","stats","id",NA
"rec_130_ayomofopefoluwa",NA,"Ayo Mofopefoluwa","Michigan Wolverines","130","newcomer","recruit",NA
"5311556","5311556","Ciara Byars","Michigan Wolverines","130","stats","id",NA
"5175936","5175936","Courtney Ogden","Michigan Wolverines","130","stats","id",NA
"fr_130_dallasloughridge",NA,"Dallas Loughridge","Michigan Wolverines","130","newcomer","none",NA
"fr_130_devincosgriff",NA,"Devin Cosgriff","Michigan Wolverines","130","newcomer","none",NA
"fr_130_fopeayo",NA,"Fope Ayo","Michigan Wolverines","130","newcomer","none",NA
"5311555","5311555","Jessica Fields","Michigan Wolverines","130","stats","id",NA
"5239705","5239705","Kendall Dudley","Michigan Wolverines","130","stats","id",NA
"5175688","5175688","Macy Brown","Michigan Wolverines","130","stats","id",NA
"5240184","5240184","Mila Holloway","Michigan Wolverines","130","stats","id",NA
"5240183","5240183","Olivia Olson","Michigan Wolverines","130","stats","id",NA
"5240185","5240185","Syla Swords","Michigan Wolverines","130","stats","id",NA
"5240186","5240186","Te'Yala Delfosse","Michigan Wolverines","130","stats","id",NA
"fr_2393_aaliyahblanchard",NA,"Aaliyah Blanchard","Middle Tennessee Blue Raiders","2393","newcomer","none",NA
"5312934","5312934","Blair Baugus","Middle Tennessee Blue Raiders","2393","stats","id",NA
"5312932","5312932","Carsyn Swaney","Middle Tennessee Blue Raiders","2393","stats","id",NA
"5240795","5240795","Elisa Mehyar","Middle Tennessee Blue Raiders","2393","stats","id",NA
"5107339","5107339","Gracie Hamby","Middle Tennessee Blue Raiders","2393","stats","id",NA
"5312935","5312935","Jenna McClendon","Middle Tennessee Blue Raiders","2393","stats","id",NA
"fr_2393_kennedineale",NA,"Kennedi Neale","Middle Tennessee Blue Raiders","2393","newcomer","none",NA
"5312933","5312933","Kirston Verhulst","Middle Tennessee Blue Raiders","2393","stats","id",NA
"fr_2393_maayancohen",NA,"Maayan Cohen","Middle Tennessee Blue Raiders","2393","newcomer","none",NA
"fr_2393_mclaynebobo",NA,"McLayne Bobo","Middle Tennessee Blue Raiders","2393","newcomer","none",NA
"5108034","5108034","Mya Kone","Middle Tennessee Blue Raiders","2393","stats","id",NA
"5312936","5312936","Nicole Dominguez","Middle Tennessee Blue Raiders","2393","stats","id",NA
"5177811","5177811","Stanislava Kabernick","Middle Tennessee Blue Raiders","2393","stats","id",NA
"5242686","5242686","Xai Whitfield","Middle Tennessee Blue Raiders","2393","stats","id",NA
"5241122","5241122","Cece McNair","Milwaukee Panthers","270","stats","id",NA
"5178003","5178003","Izzy Pugh","Milwaukee Panthers","270","stats","id",NA
"5108671","5108671","Jada Williams","Milwaukee Panthers","270","stats","id",NA
"5243444","5243444","Jaeda Murphy","Milwaukee Panthers","270","stats","id",NA
"5241120","5241120","Kendall Barnes","Milwaukee Panthers","270","stats","id",NA
"fr_270_kyliebutler",NA,"Kylie Butler","Milwaukee Panthers","270","newcomer","none",NA
"5313045","5313045","Madison Fitzgibbon","Milwaukee Panthers","270","stats","id",NA
"fr_270_natayadonaldson",NA,"Nataya Donaldson","Milwaukee Panthers","270","newcomer","none",NA
"5313047","5313047","Olivia Olson","Milwaukee Panthers","270","stats","none",NA
"5178004","5178004","Payton Rechlicz","Milwaukee Panthers","270","stats","id",NA
"5313046","5313046","Rita Gomes","Milwaukee Panthers","270","stats","id",NA
"5178002","5178002","Sophia Rampulla","Milwaukee Panthers","270","stats","id",NA
"5313042","5313042","Tierney Madigan","Milwaukee Panthers","270","stats","id",NA
"5240976","5240976","Valerie Cassidy-De Falco","Milwaukee Panthers","270","stats","id",NA
"fr_135_aditkuol",NA,"Adit Kuol","Minnesota Golden Gophers","135","newcomer","none",NA
"5175699","5175699","Brynn Senden","Minnesota Golden Gophers","135","stats","id",NA
"5175701","5175701","Grace Grocholski","Minnesota Golden Gophers","135","stats","id",NA
"5107391","5107391","Gracie Merkle","Minnesota Golden Gophers","135","stats","id",NA
"5175700","5175700","Kennedy Klick","Minnesota Golden Gophers","135","stats","id",NA
"fr_135_kyleepaben",NA,"Kylee Paben","Minnesota Golden Gophers","135","newcomer","none",NA
"5238297","5238297","Leah Harmon","Minnesota Golden Gophers","135","stats","id",NA
"5311570","5311570","Makena Christian","Minnesota Golden Gophers","135","stats","id",NA
"4858666","4858666","Mara Braun","Minnesota Golden Gophers","135","stats","id",NA
"fr_135_nataliekussow",NA,"Natalie Kussow","Minnesota Golden Gophers","135","newcomer","none",NA
"5240201","5240201","Tayla Thomas","Minnesota Golden Gophers","135","stats","id",NA
"5175689","5175689","Taylor Woodson","Minnesota Golden Gophers","135","stats","id",NA
"5240193","5240193","Tori McKinney","Minnesota Golden Gophers","135","stats","id",NA
"fr_135_torioehrlein",NA,"Tori Oehrlein","Minnesota Golden Gophers","135","newcomer","none",NA
"5311569","5311569","Zoey Bershers","Minnesota Golden Gophers","135","stats","id",NA
"fr_344_andreaflores",NA,"Andrea Flores","Mississippi State Bulldogs","344","newcomer","none",NA
"fr_344_ariannyfranciscodeoliveira",NA,"Arianny Francisco de Oliveira","Mississippi State Bulldogs","344","newcomer","none",NA
"5174373","5174373","Aryss Macktoon","Mississippi State Bulldogs","344","stats","id",NA
"5240952","5240952","Cali Smallwood","Mississippi State Bulldogs","344","stats","id",NA
"5311604","5311604","Favour Nwaedozi","Mississippi State Bulldogs","344","stats","id",NA
"fr_344_gracendubueze",NA,"Grace Ndubueze","Mississippi State Bulldogs","344","newcomer","none",NA
"fr_344_lanismallwood",NA,"Lani Smallwood","Mississippi State Bulldogs","344","newcomer","none",NA
"fr_344_ludovicasammartino",NA,"Ludovica Sammartino","Mississippi State Bulldogs","344","newcomer","none",NA
"5312937","5312937","Macie Phifer","Mississippi State Bulldogs","344","stats","id",NA
"5311605","5311605","Madison Francis","Mississippi State Bulldogs","344","stats","id",NA
"5329887","5329887","Melissa Guillet","Mississippi State Bulldogs","344","stats","id",NA
"5314955","5314955","Reese Beaty","Mississippi State Bulldogs","344","stats","id",NA
"fr_344_tootielockett",NA,"Tootie Lockett","Mississippi State Bulldogs","344","newcomer","none",NA
"fr_2623_antilsnoddy",NA,"Antil Snoddy","Missouri State Lady Bears","2623","newcomer","none",NA
"5312942","5312942","Audrey Hopkins","Missouri State Lady Bears","2623","stats","id",NA
"5178531","5178531","Blake O'Grady","Missouri State Lady Bears","2623","stats","id",NA
"fr_2623_chloehowe",NA,"Chloe Howe","Missouri State Lady Bears","2623","newcomer","none",NA
"5242176","5242176","JaNyla Bush","Missouri State Lady Bears","2623","stats","id",NA
"5178529","5178529","Kaemyn Bekemeier","Missouri State Lady Bears","2623","stats","id",NA
"5312939","5312939","Kendal Brueggen","Missouri State Lady Bears","2623","stats","id",NA
"5242177","5242177","Lainie Douglas","Missouri State Lady Bears","2623","stats","id",NA
"5315562","5315562","Landon Forbes","Missouri State Lady Bears","2623","stats","id",NA
"fr_2623_maciemays",NA,"Macie Mays","Missouri State Lady Bears","2623","newcomer","none",NA
"5312941","5312941","Maiesha Washington","Missouri State Lady Bears","2623","stats","id",NA
"fr_2623_nevaehlucious",NA,"Nevaeh Lucious","Missouri State Lady Bears","2623","newcomer","none",NA
"fr_2623_zhaharris",NA,"Zha Harris","Missouri State Lady Bears","2623","newcomer","none",NA
"5174277","5174277","Abbey Schreacke","Missouri Tigers","142","stats","id",NA
"fr_142_ceciliebrandimore",NA,"Cecilie Brandimore","Missouri Tigers","142","newcomer","none",NA
"fr_142_elliemuller",NA,"Ellie Muller","Missouri Tigers","142","newcomer","none",NA
"5174274","5174274","Grace Slaughter","Missouri Tigers","142","stats","id",NA
"fr_142_jadamaples",NA,"Jada Maples","Missouri Tigers","142","newcomer","none",NA
"fr_142_khloeford",NA,"Khloe Ford","Missouri Tigers","142","newcomer","none",NA
"5311557","5311557","McKenzie Mathurin","Missouri Tigers","142","stats","id",NA
"fr_142_natalyahodge",NA,"Natalya Hodge","Missouri Tigers","142","newcomer","none",NA
"5311540","5311540","Nevaeh Caffey","Missouri Tigers","142","stats","id",NA
"5311599","5311599","Reka Toman","Missouri Tigers","142","stats","id",NA
"5107560","5107560","Tanyuel Welch","Missouri Tigers","142","stats","id",NA
"5177778","5177778","Divine Dibula","Monmouth Hawks","2405","stats","id",NA
"5311961","5311961","Gigi Gamble","Monmouth Hawks","2405","stats","id",NA
"5312230","5312230","Kailah Correa","Monmouth Hawks","2405","stats","id",NA
"fr_2405_kalinakrupnikovic",NA,"Kalina Krupnikovic","Monmouth Hawks","2405","newcomer","none",NA
"5311963","5311963","Kathy Kersaint","Monmouth Hawks","2405","stats","id",NA
"5177779","5177779","Kellyn Preira","Monmouth Hawks","2405","stats","id",NA
"fr_2405_lexicarnegie",NA,"Lexi Carnegie","Monmouth Hawks","2405","newcomer","none",NA
"5311965","5311965","Madalena Amaro","Monmouth Hawks","2405","stats","id",NA
"5315671","5315671","Sanai Tyler","Monmouth Hawks","2405","stats","id",NA
"5311962","5311962","Tessa Carman","Monmouth Hawks","2405","stats","id",NA
"5312904","5312904","Vanessa McManus","Monmouth Hawks","2405","stats","id",NA
"5174774","5174774","Aby Shubert","Montana Lady Griz","149","stats","id",NA
"5108575","5108575","Alyssa Blanck","Montana Lady Griz","149","stats","id",NA
"5243586","5243586","Ava Cossette","Montana Lady Griz","149","stats","id",NA
"5240991","5240991","Avery Waddington","Montana Lady Griz","149","stats","id",NA
"fr_149_avorydecoite",NA,"Avory DeCoite","Montana Lady Griz","149","newcomer","none",NA
"5241037","5241037","Dom Nesland","Montana Lady Griz","149","stats","id",NA
"fr_149_haydenkaut",NA,"Hayden Kaut","Montana Lady Griz","149","newcomer","none",NA
"5240219","5240219","Jocelyn Land","Montana Lady Griz","149","stats","id",NA
"fr_149_kamrynreinker",NA,"Kamryn Reinker","Montana Lady Griz","149","newcomer","none",NA
"fr_149_kateholmquist",NA,"Kate Holmquist","Montana Lady Griz","149","newcomer","none",NA
"5315643","5315643","Kennedy Gillette","Montana Lady Griz","149","stats","id",NA
"5238324","5238324","Kennedy Moore","Montana Lady Griz","149","stats","id",NA
"5315505","5315505","Paige Lofing","Montana Lady Griz","149","stats","id",NA
"5315644","5315644","Rae Ehrman","Montana Lady Griz","149","stats","id",NA
"5313302","5313302","Shay Shippen","Montana Lady Griz","149","stats","id",NA
"5240995","5240995","Addison Harris","Montana State Bobcats","147","stats","id",NA
"5313625","5313625","Braeden Gunlock","Montana State Bobcats","147","stats","id",NA
"5315658","5315658","Brianne Bailey","Montana State Bobcats","147","stats","id",NA
"5109757","5109757","Brooke Fatupaito","Montana State Bobcats","147","stats","id",NA
"fr_147_ebelembagwu",NA,"Ebele Mbagwu","Montana State Bobcats","147","newcomer","none",NA
"5175999","5175999","Ella Johnson","Montana State Bobcats","147","stats","id",NA
"fr_147_emmadongelmans",NA,"Emma Dongelmans","Montana State Bobcats","147","newcomer","none",NA
"5176000","5176000","Isobel Bunyan","Montana State Bobcats","147","stats","id",NA
"5315655","5315655","Jamison Philip","Montana State Bobcats","147","stats","id",NA
"5315659","5315659","Kadynce Couture","Montana State Bobcats","147","stats","id",NA
"fr_147_madisonoconnor",NA,"Madison O'Connor","Montana State Bobcats","147","newcomer","none",NA
"5240996","5240996","Taylee Chirrick","Montana State Bobcats","147","stats","id",NA
"5240994","5240994","Teagan Erickson","Montana State Bobcats","147","stats","id",NA
"5313832","5313832","Allie Sykes","Morehead State Eagles","2413","stats","id",NA
"fr_2413_breayahjefferson",NA,"Breayah Jefferson","Morehead State Eagles","2413","newcomer","none",NA
"5242215","5242215","Courtney Smith","Morehead State Eagles","2413","stats","id",NA
"5242211","5242211","Heidi Smith","Morehead State Eagles","2413","stats","id",NA
"fr_2413_julianarodger",NA,"Juliana Rodger","Morehead State Eagles","2413","newcomer","none",NA
"5241130","5241130","Kamora Morgan","Morehead State Eagles","2413","stats","id",NA
"5177983","5177983","Kensley Feltner","Morehead State Eagles","2413","stats","id",NA
"fr_2413_lanaeriley",NA,"Lanae Riley","Morehead State Eagles","2413","newcomer","none",NA
"5314969","5314969","Marissa Green","Morehead State Eagles","2413","stats","id",NA
"5315560","5315560","Millie Pearson","Morehead State Eagles","2413","stats","id",NA
"5243590","5243590","Samaria Taylor","Morehead State Eagles","2413","stats","id",NA
"5179310","5179310","Dakota Alston","Morgan State Lady Bears","2415","stats","id",NA
"5185817","5185817","Mercy Lasu","Morgan State Lady Bears","2415","stats","none",NA
"5315228","5315228","Merit Innocent","Morgan State Lady Bears","2415","stats","id",NA
"5241838","5241838","Alana Powell","Mount St. Mary's Mountaineers","116","stats","id",NA
"5239421","5239421","Eva Andrews","Mount St. Mary's Mountaineers","116","stats","id",NA
"fr_116_gisellewyche",NA,"Giselle Wyche","Mount St. Mary's Mountaineers","116","newcomer","none",NA
"fr_116_jaylakoser",NA,"Jayla Koser","Mount St. Mary's Mountaineers","116","newcomer","none",NA
"fr_116_karmenmcduffie",NA,"Karmen McDuffie","Mount St. Mary's Mountaineers","116","newcomer","none",NA
"fr_116_kiylafowler",NA,"Kiyla Fowler","Mount St. Mary's Mountaineers","116","newcomer","none",NA
"5242082","5242082","Lenora Nkangwen","Mount St. Mary's Mountaineers","116","stats","id",NA
"5178456","5178456","Nevaeh Ferrara Horne","Mount St. Mary's Mountaineers","116","stats","id",NA
"5242079","5242079","Nyodie Guerard","Mount St. Mary's Mountaineers","116","stats","id",NA
"fr_116_rachaelchilicki",NA,"Rachael Chilicki","Mount St. Mary's Mountaineers","116","newcomer","none",NA
"fr_116_severynferrarahorne",NA,"Severyn Ferrara Horne","Mount St. Mary's Mountaineers","116","newcomer","none",NA
"5242084","5242084","Teodora Ivanovic","Mount St. Mary's Mountaineers","116","stats","id",NA
"5177893","5177893","Thelma Barbitch","Mount St. Mary's Mountaineers","116","stats","id",NA
"5106696","5106696","Valentina Saric","Mount St. Mary's Mountaineers","116","stats","id",NA
"5242080","5242080","Wesleigh Ferguson","Mount St. Mary's Mountaineers","116","stats","id",NA
"5177944","5177944","Yacine Ndiaye","Mount St. Mary's Mountaineers","116","stats","id",NA
"4704147","4704147","Zaria Harleaux","Mount St. Mary's Mountaineers","116","stats","id",NA
"fr_93_alicemagnanini",NA,"Alice Magnanini","Murray State Racers","93","newcomer","none",NA
"fr_93_allilinke",NA,"Alli Linke","Murray State Racers","93","newcomer","none",NA
"5242186","5242186","Cam Hoover","Murray State Racers","93","stats","id",NA
"5243562","5243562","Claire Johnson","Murray State Racers","93","stats","id",NA
"5178533","5178533","Destiny Thomas","Murray State Racers","93","stats","id",NA
"5177987","5177987","Halli Poock","Murray State Racers","93","stats","id",NA
"5178532","5178532","Haven Ford","Murray State Racers","93","stats","id",NA
"fr_93_katiereed",NA,"Katie Reed","Murray State Racers","93","newcomer","none",NA
"5178282","5178282","Keslyn Secrist","Murray State Racers","93","stats","id",NA
"fr_93_marygrant",NA,"Mary Grant","Murray State Racers","93","newcomer","none",NA
"5106836","5106836","Sharnecce Currie-Jelks","Murray State Racers","93","stats","id",NA
"fr_93_sophieterry",NA,"Sophie Terry","Murray State Racers","93","newcomer","none",NA
"5314928","5314928","Sydney Huber","Murray State Racers","93","stats","id",NA
"5315349","5315349","Christina Liggio","Navy Midshipmen","2426","stats","id",NA
"5315348","5315348","Grace Minihane","Navy Midshipmen","2426","stats","id",NA
"fr_2426_isabelagrant",NA,"Isabela Grant","Navy Midshipmen","2426","newcomer","none",NA
"5242770","5242770","Julianna Almeida","Navy Midshipmen","2426","stats","id",NA
"fr_2426_kaitlynraagas",NA,"Kaitlyn Raagas","Navy Midshipmen","2426","newcomer","none",NA
"fr_2426_kelseyrhyne",NA,"Kelsey Rhyne","Navy Midshipmen","2426","newcomer","none",NA
"5105725","5105725","Lizzie Holder","Navy Midshipmen","2426","stats","id",NA
"5242769","5242769","Mary Gibbons","Navy Midshipmen","2426","stats","id",NA
"5242771","5242771","Nia Henley","Navy Midshipmen","2426","stats","id",NA
"5315345","5315345","Quinn Boettinger","Navy Midshipmen","2426","stats","id",NA
"5178567","5178567","Saran Moschella","Navy Midshipmen","2426","stats","id",NA
"5315346","5315346","Sidney Quinn","Navy Midshipmen","2426","stats","id",NA
"5178565","5178565","Zanai Barnett-Gay","Navy Midshipmen","2426","stats","id",NA
"5315347","5315347","Zoe Mesuch","Navy Midshipmen","2426","stats","id",NA
"5312398","5312398","Adelaide Jernigan","NC State Wolfpack","152","stats","id",NA
"fr_152_annsleytrivette",NA,"Annsley Trivette","NC State Wolfpack","152","newcomer","none",NA
"5176891","5176891","Audrey Ericksen","NC State Wolfpack","152","stats","id",NA
"5108302","5108302","Desiree Wooten","NC State Wolfpack","152","stats","id",NA
"5312397","5312397","Destiny Lunan","NC State Wolfpack","152","stats","id",NA
"fr_152_favourossai",NA,"Favour Ossai","NC State Wolfpack","152","newcomer","none",NA
"fr_152_kamorapruitt",NA,"Kamora Pruitt","NC State Wolfpack","152","newcomer","none",NA
"5239431","5239431","Khady Leye","NC State Wolfpack","152","stats","id",NA
"5174309","5174309","Khamil Pierre","NC State Wolfpack","152","stats","id",NA
"fr_152_kyshelunan",NA,"Ky'She Lunan","NC State Wolfpack","152","newcomer","none",NA
"5174354","5174354","Maddie Cox","NC State Wolfpack","152","stats","id",NA
"5174492","5174492","Qadence Samuels","NC State Wolfpack","152","stats","id",NA
"5174356","5174356","Zoe Brooks","NC State Wolfpack","152","stats","id",NA
"4683053","4683053","Allison Weidner","Nebraska Cornhuskers","158","stats","id",NA
"5240196","5240196","Amiah Hargrove","Nebraska Cornhuskers","158","stats","id",NA
"5239478","5239478","Arek Angui","Nebraska Cornhuskers","158","stats","id",NA
"fr_158_ashlynkoupal",NA,"Ashlyn Koupal","Nebraska Cornhuskers","158","newcomer","none",NA
"fr_158_avamiles",NA,"Ava Miles","Nebraska Cornhuskers","158","newcomer","none",NA
"5240195","5240195","Britt Prince","Nebraska Cornhuskers","158","stats","id",NA
"5174435","5174435","Edessa Noyan","Nebraska Cornhuskers","158","stats","id",NA
"5175687","5175687","Emily Fisher","Nebraska Cornhuskers","158","stats","id",NA
"5240194","5240194","Kennadi Williams","Nebraska Cornhuskers","158","stats","id",NA
"5175708","5175708","Logan Nissley","Nebraska Cornhuskers","158","stats","id",NA
"fr_158_maddistewart",NA,"Maddi Stewart","Nebraska Cornhuskers","158","newcomer","none",NA
"5175710","5175710","Natalie Potts","Nebraska Cornhuskers","158","stats","id",NA
"5239462","5239462","Aili Tanke","Nevada Wolf Pack","2440","stats","id",NA
"5315198","5315198","Alexis Swillis","Nevada Wolf Pack","2440","stats","id",NA
"5107732","5107732","Amelia Raidaveta","Nevada Wolf Pack","2440","stats","id",NA
"5315115","5315115","Britain Backus","Nevada Wolf Pack","2440","stats","id",NA
"fr_2440_delaneyarredondo",NA,"Delaney Arredondo","Nevada Wolf Pack","2440","newcomer","none",NA
"fr_2440_dyllynhowell",NA,"Dyllyn Howell","Nevada Wolf Pack","2440","newcomer","none",NA
"5177259","5177259","Elle Motherway","Nevada Wolf Pack","2440","stats","id",NA
"5315113","5315113","Gabby Ramos","Nevada Wolf Pack","2440","stats","id",NA
"5175736","5175736","Imbie Jones","Nevada Wolf Pack","2440","stats","id",NA
"5177254","5177254","Izzy Sullivan","Nevada Wolf Pack","2440","stats","id",NA
"5242463","5242463","Kendra Hicks","Nevada Wolf Pack","2440","stats","id",NA
"5174398","5174398","Mahaila Harrison","Nevada Wolf Pack","2440","stats","id",NA
"5177258","5177258","Olivia Poulivaati","Nevada Wolf Pack","2440","stats","id",NA
"5241789","5241789","Sierra Chambers","Nevada Wolf Pack","2440","stats","id",NA
"fr_2440_tauapuloka",NA,"Taua Puloka","Nevada Wolf Pack","2440","newcomer","none",NA
"5312974","5312974","Alia Cordone","New Hampshire Wildcats","160","stats","id",NA
"5175527","5175527","Anya McKenzie","New Hampshire Wildcats","160","stats","id",NA
"5312975","5312975","Averie Harding","New Hampshire Wildcats","160","stats","id",NA
"5312973","5312973","Carolina Williams","New Hampshire Wildcats","160","stats","id",NA
"fr_160_charlottejasmin",NA,"Charlotte Jasmin","New Hampshire Wildcats","160","newcomer","none",NA
"fr_160_delaneytodd",NA,"Delaney Todd","New Hampshire Wildcats","160","newcomer","none",NA
"5240691","5240691","Elizabeth Lavoie","New Hampshire Wildcats","160","stats","id",NA
"fr_160_ellagetz",NA,"Ella Getz","New Hampshire Wildcats","160","newcomer","none",NA
"5313607","5313607","Erin Edmonds","New Hampshire Wildcats","160","stats","id",NA
"5178126","5178126","Kassidy Thompson","New Hampshire Wildcats","160","stats","id",NA
"5174525","5174525","Maggie Cavanaugh","New Hampshire Wildcats","160","stats","id",NA
"fr_160_mayabraxtonyoung",NA,"Maya Braxton-Young","New Hampshire Wildcats","160","newcomer","none",NA
"fr_160_sameller",NA,"Sam Eller","New Hampshire Wildcats","160","newcomer","none",NA
"fr_160_scarletlevake",NA,"Scarlet LeVake","New Hampshire Wildcats","160","newcomer","none",NA
"fr_2441_ailanidavila",NA,"Ailani Davila","New Haven Chargers","2441","newcomer","none",NA
"5315238","5315238","Carla Ramirez","New Haven Chargers","2441","stats","id",NA
"5315213","5315213","Eveani Okwuosa","New Haven Chargers","2441","stats","id",NA
"5315215","5315215","Jasmine McKay","New Haven Chargers","2441","stats","id",NA
"5315221","5315221","Jeeanna Pierantoni","New Haven Chargers","2441","stats","id",NA
"fr_2441_katehennessy",NA,"Kate Hennessy","New Haven Chargers","2441","newcomer","none",NA
"fr_2441_kaydencedaniels",NA,"Kaydence Daniels","New Haven Chargers","2441","newcomer","none",NA
"5312991","5312991","Laura Vera","New Haven Chargers","2441","stats","id",NA
"fr_2441_lauraveraramirez",NA,"Laura Vera Ramirez","New Haven Chargers","2441","newcomer","none",NA
"5315226","5315226","Mallory Farr","New Haven Chargers","2441","stats","id",NA
"5250195","5250195","Mariah Pates","New Haven Chargers","2441","stats","none",NA
"fr_2441_miagamon",NA,"Mia Gamon","New Haven Chargers","2441","newcomer","none",NA
"5315212","5315212","Renelle Grannum","New Haven Chargers","2441","stats","id",NA
"5315217","5315217","Samantha Battle","New Haven Chargers","2441","stats","id",NA
"5315227","5315227","Schuyler Coles","New Haven Chargers","2441","stats","id",NA
"fr_2441_tanaiyaclarke",NA,"Tanaiya Clarke","New Haven Chargers","2441","newcomer","none",NA
"fr_2441_tanaviaturpin",NA,"Tanavia Turpin","New Haven Chargers","2441","newcomer","none",NA
"5315214","5315214","Teaira Kelley","New Haven Chargers","2441","stats","id",NA
"fr_2441_zanribarnett",NA,"Zanri Barnett","New Haven Chargers","2441","newcomer","none",NA
"5240944","5240944","Brynn Eshoo","New Mexico Lobos","167","stats","id",NA
"5178271","5178271","Drew Jordon","New Mexico Lobos","167","stats","id",NA
"5178398","5178398","Gracie Kelsey","New Mexico Lobos","167","stats","id",NA
"5175547","5175547","Gracy Wernli","New Mexico Lobos","167","stats","id",NA
"5312954","5312954","Kaia Foster","New Mexico Lobos","167","stats","id",NA
"fr_167_katewernli",NA,"Kate Wernli","New Mexico Lobos","167","newcomer","none",NA
"fr_167_katieduncan",NA,"Katie Duncan","New Mexico Lobos","167","newcomer","none",NA
"5312961","5312961","Laila Abdurraqib","New Mexico Lobos","167","stats","id",NA
"5312957","5312957","Leonor Peixinho","New Mexico Lobos","167","stats","id",NA
"fr_167_mayathompson",NA,"Maya Thompson","New Mexico Lobos","167","newcomer","none",NA
"4565530","4565530","Mila Reynolds","New Mexico Lobos","167","stats","id",NA
"fr_167_savannahstricker",NA,"Savannah Stricker","New Mexico Lobos","167","newcomer","none",NA
"5315525","5315525","Valerie Norwood","New Mexico Lobos","167","stats","id",NA
"5312794","5312794","Aimée Michel","New Mexico State Aggies","166","stats","id",NA
"fr_166_aissatoukeitacissoko",NA,"Aissatou Keita Cissoko","New Mexico State Aggies","166","newcomer","none",NA
"5256587","5256587","Emma Christiano","New Mexico State Aggies","166","stats","id",NA
"5263241","5263241","Eva Agba","New Mexico State Aggies","166","stats","id",NA
"fr_166_evahamlil",NA,"Eva Hamlil","New Mexico State Aggies","166","newcomer","none",NA
"fr_166_fantakeita",NA,"Fanta Keita","New Mexico State Aggies","166","newcomer","none",NA
"fr_166_imaneloubibet",NA,"Imane Loubibet","New Mexico State Aggies","166","newcomer","none",NA
"5314905","5314905","Jana Vesic","New Mexico State Aggies","166","stats","id",NA
"fr_166_juliasaillard",NA,"Julia Saillard","New Mexico State Aggies","166","newcomer","none",NA
"fr_166_justinemouyokolo",NA,"Justine Mouyokolo","New Mexico State Aggies","166","newcomer","none",NA
"5312793","5312793","Lilyana Fontcha","New Mexico State Aggies","166","stats","id",NA
"5240927","5240927","Raina Tomasicka","New Mexico State Aggies","166","stats","id",NA
"fr_166_senasert",NA,"Sena Sert","New Mexico State Aggies","166","newcomer","none",NA
"5311559","5311559","Talia Kavoka","New Mexico State Aggies","166","stats","id",NA
"fr_2443_arimason",NA,"Ari Mason","New Orleans Privateers","2443","newcomer","none",NA
"fr_2443_camerondacosta",NA,"Cameron DaCosta","New Orleans Privateers","2443","newcomer","none",NA
"fr_2443_destiniegordon",NA,"Destinie Gordon","New Orleans Privateers","2443","newcomer","none",NA
"fr_2443_gabbyedo",NA,"Gabby Edo","New Orleans Privateers","2443","newcomer","none",NA
"fr_2443_giannaericksen",NA,"Gianna Ericksen","New Orleans Privateers","2443","newcomer","none",NA
"fr_2443_isabellarobbins",NA,"Isabella Robbins","New Orleans Privateers","2443","newcomer","none",NA
"fr_2443_jadayabranch",NA,"Jadaya Branch","New Orleans Privateers","2443","newcomer","none",NA
"5107929","5107929","Kehinde Obasuyi","New Orleans Privateers","2443","stats","id",NA
"fr_2443_rhiancomery",NA,"Rhian Comery","New Orleans Privateers","2443","newcomer","none",NA
"fr_2443_shryahwright",NA,"Sh'Ryah Wright","New Orleans Privateers","2443","newcomer","none",NA
"fr_2443_sophiaedwin",NA,"Sophia Edwin","New Orleans Privateers","2443","newcomer","none",NA
"fr_2443_tajenaegooden",NA,"Tajenae Gooden","New Orleans Privateers","2443","newcomer","none",NA
"fr_315_alejandrarioja",NA,"Alejandra Rioja","Niagara Purple Eagles","315","newcomer","none",NA
"fr_315_avajeanwilliams",NA,"Ava Jean Williams","Niagara Purple Eagles","315","newcomer","none",NA
"5106098","5106098","Jade Campbell","Niagara Purple Eagles","315","stats","id",NA
"fr_315_jalynmoore",NA,"Jalyn Moore","Niagara Purple Eagles","315","newcomer","none",NA
"5313613","5313613","Jisca Bila","Niagara Purple Eagles","315","stats","id",NA
"5313611","5313611","Katarina Veljovic","Niagara Purple Eagles","315","stats","id",NA
"5313612","5313612","Kenedie Haruna","Niagara Purple Eagles","315","stats","id",NA
"fr_315_kennedycoles",NA,"Kennedy Coles","Niagara Purple Eagles","315","newcomer","none",NA
"5315313","5315313","Kimora Berry","Niagara Purple Eagles","315","stats","id",NA
"fr_315_laurencooper",NA,"Lauren Cooper","Niagara Purple Eagles","315","newcomer","none",NA
"fr_315_liembastekar",NA,"Liem Bastekar","Niagara Purple Eagles","315","newcomer","none",NA
"fr_315_lilydenglual",NA,"Lily Deng-Lual","Niagara Purple Eagles","315","newcomer","none",NA
"fr_315_taniabarredo",NA,"Tania Barredo","Niagara Purple Eagles","315","newcomer","none",NA
"5320179","5320179","Violeta Rojas","Niagara Purple Eagles","315","stats","id",NA
"5315703","5315703","Anyra Wilson","Nicholls Colonels","2447","stats","id",NA
"fr_2447_britiyacurtis","5177998","Britiya Curtis","Nicholls Colonels","2447","history","name",NA
"fr_2447_charnellehoof",NA,"Charnelle Hoof","Nicholls Colonels","2447","newcomer","none",NA
"fr_2447_daniellebennett",NA,"Danielle Bennett","Nicholls Colonels","2447","newcomer","none",NA
"5176105","5176105","Jasmine Matthews","Nicholls Colonels","2447","stats","id",NA
"fr_2447_kaliyahsamuels",NA,"Kaliyah Samuels","Nicholls Colonels","2447","newcomer","none",NA
"fr_2447_kirajohnson",NA,"Kira Johnson","Nicholls Colonels","2447","newcomer","none",NA
"5243625","5243625","Laryn Scott","Nicholls Colonels","2447","stats","id",NA
"5315702","5315702","Makayla Charles","Nicholls Colonels","2447","stats","id",NA
"5323964","5323964","Makensie Charles","Nicholls Colonels","2447","stats","id",NA
"fr_2447_matteahenry",NA,"Mattea Henry","Nicholls Colonels","2447","newcomer","none",NA
"fr_2447_shelcieleblanc",NA,"Shelcie LeBlanc","Nicholls Colonels","2447","newcomer","none",NA
"fr_2447_tyannastewart",NA,"Tyanna Stewart","Nicholls Colonels","2447","newcomer","none",NA
"5240680","5240680","Allison Cannon","NJIT Highlanders","2885","stats","id",NA
"5313520","5313520","Ava Locklear","NJIT Highlanders","2885","stats","id",NA
"fr_2885_carlysweazie",NA,"Carly Sweazie","NJIT Highlanders","2885","newcomer","none",NA
"fr_2885_katedonovan",NA,"Kate Donovan","NJIT Highlanders","2885","newcomer","none",NA
"5313519","5313519","Lauren Lee","NJIT Highlanders","2885","stats","id",NA
"5174531","5174531","Mackenzie Wright-Rawls","NJIT Highlanders","2885","stats","id",NA
"5174530","5174530","Madilyn Dogs","NJIT Highlanders","2885","stats","id",NA
"fr_2885_marinabravo",NA,"Marina Bravo","NJIT Highlanders","2885","newcomer","none",NA
"5174529","5174529","Marissa Gingrich","NJIT Highlanders","2885","stats","id",NA
"fr_2885_matildebaron",NA,"Matilde Baron","NJIT Highlanders","2885","newcomer","none",NA
"5313517","5313517","Mia Gestosani","NJIT Highlanders","2885","stats","id",NA
"5240682","5240682","Olivia O'Meally","NJIT Highlanders","2885","stats","id",NA
"5240681","5240681","Piper Engelby","NJIT Highlanders","2885","stats","id",NA
"5178184","5178184","Alexis Davis","Norfolk State Spartans","2450","stats","id",NA
"fr_2450_asiakeels",NA,"Asia Keels","Norfolk State Spartans","2450","newcomer","none",NA
"5241018","5241018","Brooklyn Taylor","Norfolk State Spartans","2450","stats","id",NA
"5174535","5174535","Cire Worley","Norfolk State Spartans","2450","stats","id",NA
"5177907","5177907","Clemisha Prackett","Norfolk State Spartans","2450","stats","id",NA
"fr_2450_dahnisuggs",NA,"Dahni Suggs","Norfolk State Spartans","2450","newcomer","none",NA
"fr_2450_elisemcclain",NA,"Elise McClain","Norfolk State Spartans","2450","newcomer","none",NA
"5109094","5109094","Ja'Cia Cunningham","Norfolk State Spartans","2450","stats","id",NA
"fr_2450_jizellejames",NA,"Jizelle James","Norfolk State Spartans","2450","newcomer","none",NA
"fr_2450_lachellemorelandjones",NA,"LaChelle Moreland-Jones","Norfolk State Spartans","2450","newcomer","none",NA
"5240345","5240345","LeAire Nicks","Norfolk State Spartans","2450","stats","id",NA
"5177183","5177183","Niyah Gaston","Norfolk State Spartans","2450","stats","id",NA
"fr_2450_niyliawilkins",NA,"Niylia Wilkins","Norfolk State Spartans","2450","newcomer","none",NA
"5175445","5175445","Sana'a Garrett","Norfolk State Spartans","2450","stats","id",NA
"5240807","5240807","Amy Kurkowski","North Alabama Lions","2453","stats","id",NA
"5315567","5315567","Brooke Hallman","North Alabama Lions","2453","stats","id",NA
"5243417","5243417","Brynn Lusby","North Alabama Lions","2453","stats","id",NA
"fr_2453_ellamacleod",NA,"Ella Macleod","North Alabama Lions","2453","newcomer","none",NA
"fr_2453_emmadeste",NA,"Emma D'este","North Alabama Lions","2453","newcomer","none",NA
"5315568","5315568","Greta Ramon","North Alabama Lions","2453","stats","id",NA
"5243320","5243320","Joceline Geara","North Alabama Lions","2453","stats","id",NA
"5178564","5178564","Kyah Smith","North Alabama Lions","2453","stats","id",NA
"5315753","5315753","MarcKalia Celestine","North Alabama Lions","2453","stats","id",NA
"fr_2453_mariastefancova",NA,"Mária Štefancova","North Alabama Lions","2453","newcomer","none",NA
"fr_2453_oliviatredrea",NA,"Olivia Tredrea","North Alabama Lions","2453","newcomer","none",NA
"5240249","5240249","Phoebe Holmes","North Alabama Lions","2453","stats","id",NA
"5240606","5240606","Venla Ulander","North Alabama Lions","2453","stats","id",NA
"fr_2453_zamyrawallace",NA,"Zamyra Wallace","North Alabama Lions","2453","newcomer","none",NA
"5311980","5311980","Anaya Karriem","North Carolina A&T Aggies","2448","stats","id",NA
"fr_2448_brookevans",NA,"Brook Evans","North Carolina A&T Aggies","2448","newcomer","none",NA
"5311979","5311979","Crystal Hardy","North Carolina A&T Aggies","2448","stats","id",NA
"5177756","5177756","Darrionna Howard","North Carolina A&T Aggies","2448","stats","id",NA
"5174758","5174758","Drew Alexander","North Carolina A&T Aggies","2448","stats","id",NA
"fr_2448_honorhall",NA,"Honor Hall","North Carolina A&T Aggies","2448","newcomer","none",NA
"5312046","5312046","Icyss Storm","North Carolina A&T Aggies","2448","stats","id",NA
"5239060","5239060","Jada Bates","North Carolina A&T Aggies","2448","stats","id",NA
"5311983","5311983","Jamyia Lindsey","North Carolina A&T Aggies","2448","stats","id",NA
"fr_2448_kaylinpernell",NA,"Kaylin Pernell","North Carolina A&T Aggies","2448","newcomer","none",NA
"5177763","5177763","Maraja Pass","North Carolina A&T Aggies","2448","stats","id",NA
"5177791","5177791","Paris Locke","North Carolina A&T Aggies","2448","stats","id",NA
"5315534","5315534","Rania Curry","North Carolina A&T Aggies","2448","stats","id",NA
"fr_2448_whitleydavis",NA,"Whitley Davis","North Carolina A&T Aggies","2448","newcomer","none",NA
"5243280","5243280","Yves Cox","North Carolina A&T Aggies","2448","stats","id",NA
"5314886","5314886","Aaliyah Grant","North Carolina Central Eagles","2428","stats","id",NA
"5314885","5314885","Amaya Harris","North Carolina Central Eagles","2428","stats","id",NA
"fr_2428_arielwalker",NA,"Ariel Walker","North Carolina Central Eagles","2428","newcomer","none",NA
"5178525","5178525","Aysia Hinton","North Carolina Central Eagles","2428","stats","id",NA
"fr_2428_briannacarelock",NA,"Brianna Carelock","North Carolina Central Eagles","2428","newcomer","none",NA
"fr_2428_chloecrawford",NA,"Chloe Crawford","North Carolina Central Eagles","2428","newcomer","none",NA
"5243549","5243549","Dianna Blake","North Carolina Central Eagles","2428","stats","id",NA
"fr_2428_keileenthompsonedwards",NA,"Keileen Thompson-Edwards","North Carolina Central Eagles","2428","newcomer","none",NA
"fr_2428_kenadibanks",NA,"Kenadi Banks","North Carolina Central Eagles","2428","newcomer","none",NA
"5314887","5314887","Kendall Alexander","North Carolina Central Eagles","2428","stats","id",NA
"fr_2428_rayanaminard",NA,"Rayana Minard","North Carolina Central Eagles","2428","newcomer","none",NA
"5243548","5243548","Shakiria Foster","North Carolina Central Eagles","2428","stats","id",NA
"fr_2428_shrouqamer",NA,"Shrouq Amer","North Carolina Central Eagles","2428","newcomer","none",NA
"5243547","5243547","Victoria Morris","North Carolina Central Eagles","2428","stats","id",NA
"5175811","5175811","Achol Akot","North Carolina Tar Heels","153","stats","id",NA
"5238304","5238304","Blanca Thomas","North Carolina Tar Heels","153","stats","id",NA
"5175935","5175935","Chloe Clardy","North Carolina Tar Heels","153","stats","id",NA
"5174425","5174425","Ciera Toomey","North Carolina Tar Heels","153","stats","id",NA
"5312434","5312434","Gabby White","North Carolina Tar Heels","153","stats","id",NA
"5238303","5238303","Jordan Zubich","North Carolina Tar Heels","153","stats","id",NA
"rec_153_kateharpring",NA,"Kate Harpring","North Carolina Tar Heels","153","newcomer","recruit",NA
"5174422","5174422","Laila Hull","North Carolina Tar Heels","153","stats","id",NA
"fr_153_noellebofia",NA,"Noelle Bofia","North Carolina Tar Heels","153","newcomer","none",NA
"5312402","5312402","Nyla Brooks","North Carolina Tar Heels","153","stats","id",NA
"5174423","5174423","Reniya Kelly","North Carolina Tar Heels","153","stats","id",NA
"5174431","5174431","Sophie Burrows","North Carolina Tar Heels","153","stats","id",NA
"5174424","5174424","Sydney Barker","North Carolina Tar Heels","153","stats","id",NA
"5312403","5312403","Taissa Queiroz","North Carolina Tar Heels","153","stats","id",NA
"fr_155_abbyduchscherer",NA,"Abby Duchscherer","North Dakota Fighting Hawks","155","newcomer","none",NA
"5178479","5178479","Addison Klosterbuer","North Dakota Fighting Hawks","155","stats","id",NA
"fr_155_aliyahgreen",NA,"Aliyah Green","North Dakota Fighting Hawks","155","newcomer","none",NA
"5321708","5321708","Ciona Wells","North Dakota Fighting Hawks","155","stats","none",NA
"fr_155_jaydamaves",NA,"Jayda Maves","North Dakota Fighting Hawks","155","newcomer","none",NA
"fr_155_jaydensonnenberg",NA,"Jayden Sonnenberg","North Dakota Fighting Hawks","155","newcomer","none",NA
"5314877","5314877","Juliana Haddad","North Dakota Fighting Hawks","155","stats","id",NA
"5314652","5314652","Kendra Harvey","North Dakota Fighting Hawks","155","stats","id",NA
"fr_155_kinleysmith",NA,"Kinley Smith","North Dakota Fighting Hawks","155","newcomer","none",NA
"5314651","5314651","Lauren Hillesheim","North Dakota Fighting Hawks","155","stats","id",NA
"5314653","5314653","Lauren Reardon","North Dakota Fighting Hawks","155","stats","id",NA
"5314654","5314654","London Harris","North Dakota Fighting Hawks","155","stats","id",NA
"fr_155_maggiefricke",NA,"Maggie Fricke","North Dakota Fighting Hawks","155","newcomer","none",NA
"fr_155_miajacobson",NA,"Mia Jacobson","North Dakota Fighting Hawks","155","newcomer","none",NA
"5239542","5239542","Sydney Piekny","North Dakota Fighting Hawks","155","stats","id",NA
"5178465","5178465","Abby Krzewinski","North Dakota State Bison","2449","stats","id",NA
"5178463","5178463","Avery Koenen","North Dakota State Bison","2449","stats","id",NA
"fr_2449_elenalazarevic",NA,"Elena Lazarevic","North Dakota State Bison","2449","newcomer","none",NA
"fr_2449_georgiaell",NA,"Georgia Ell","North Dakota State Bison","2449","newcomer","none",NA
"5239543","5239543","Jocelyn Schiller","North Dakota State Bison","2449","stats","id",NA
"5314656","5314656","Karrington Asp","North Dakota State Bison","2449","stats","id",NA
"5109352","5109352","Lily Niebuhr","North Dakota State Bison","2449","stats","id",NA
"fr_2449_lizatrenbeath",NA,"Liza Trenbeath","North Dakota State Bison","2449","newcomer","none",NA
"5175984","5175984","Madelynn Muniz","North Dakota State Bison","2449","stats","id",NA
"5241886","5241886","Marisa Frost","North Dakota State Bison","2449","stats","id",NA
"5314657","5314657","McKenna Johnson","North Dakota State Bison","2449","stats","id",NA
"5178464","5178464","Miriley Simon","North Dakota State Bison","2449","stats","id",NA
"5314655","5314655","Sophie Hawkinson","North Dakota State Bison","2449","stats","none",NA
"5315079","5315079","Abby Knauff","North Florida Ospreys","2454","stats","id",NA
"5175464","5175464","Alexa Washington","North Florida Ospreys","2454","stats","id",NA
"5176539","5176539","Alonya Waldon","North Florida Ospreys","2454","stats","id",NA
"fr_2454_belleratliff",NA,"Belle Ratliff","North Florida Ospreys","2454","newcomer","none",NA
"5243325","5243325","Brianna Mead","North Florida Ospreys","2454","stats","id",NA
"5320182","5320182","Brooke Winchester","North Florida Ospreys","2454","stats","id",NA
"5315082","5315082","Dezuray McGill","North Florida Ospreys","2454","stats","id",NA
"5176130","5176130","Elle Blatchford","North Florida Ospreys","2454","stats","id",NA
"5315080","5315080","Georgi Buzzetti","North Florida Ospreys","2454","stats","id",NA
"5315076","5315076","Jamison Cardwell","North Florida Ospreys","2454","stats","id",NA
"5240630","5240630","Jamisyn Stinson","North Florida Ospreys","2454","stats","id",NA
"5315081","5315081","Karyzma Pierre","North Florida Ospreys","2454","stats","id",NA
"fr_2454_myamayberry",NA,"Mya Mayberry","North Florida Ospreys","2454","newcomer","none",NA
"5315049","5315049","Allison Rickman","North Texas Mean Green","249","stats","id",NA
"fr_249_ariannajohnson",NA,"Arianna Johnson","North Texas Mean Green","249","newcomer","none",NA
"fr_249_bralyahmiller",NA,"Bralyah Miller","North Texas Mean Green","249","newcomer","none",NA
"5240919","5240919","Chania Price","North Texas Mean Green","249","stats","id",NA
"5315050","5315050","Cherie Spencer","North Texas Mean Green","249","stats","id",NA
"5239472","5239472","Kalysta Martin","North Texas Mean Green","249","stats","id",NA
"fr_249_kamyrabarber",NA,"KaMyra Barber","North Texas Mean Green","249","newcomer","none",NA
"5315174","5315174","Kendall Mosley","North Texas Mean Green","249","stats","id",NA
"fr_249_kyndalgraham",NA,"Kyndal Graham","North Texas Mean Green","249","newcomer","none",NA
"5175876","5175876","Otaifo Esenabhalu","North Texas Mean Green","249","stats","id",NA
"5242468","5242468","Reza Po","North Texas Mean Green","249","stats","id",NA
"5315051","5315051","Shelby Thornton","North Texas Mean Green","249","stats","id",NA
"fr_249_taylorrietveld",NA,"Taylor Rietveld","North Texas Mean Green","249","newcomer","none",NA
"5314198","5314198","Amanda Smith","Northeastern Huskies","111","stats","id",NA
"5175840","5175840","Andrea Martinez","Northeastern Huskies","111","stats","id",NA
"5312002","5312002","Beatriz Perez Pulgar","Northeastern Huskies","111","stats","id",NA
"5242249","5242249","Camryn Collins","Northeastern Huskies","111","stats","id",NA
"5242452","5242452","Justice Tramble","Northeastern Huskies","111","stats","id",NA
"5312001","5312001","Kailee Beaudion-Foliaki","Northeastern Huskies","111","stats","id",NA
"5312003","5312003","Lindsey Lemay","Northeastern Huskies","111","stats","id",NA
"5239427","5239427","Maya Summerville","Northeastern Huskies","111","stats","id",NA
"5240314","5240314","Morgan Matthews","Northeastern Huskies","111","stats","id",NA
"5125935","5125935","Summer Bostock","Northeastern Huskies","111","stats","id",NA
"5239426","5239426","Taylor Holohan","Northeastern Huskies","111","stats","id",NA
"fr_111_yirsyqueliz","5175927","Yirsy Quéliz","Northeastern Huskies","111","history","name",NA
"5322637","5322637","Aaliyah Smith","Northern Arizona Lumberjacks","2464","stats","none",NA
"5175949","5175949","Alondra Lizama","Northern Arizona Lumberjacks","2464","stats","id",NA
"5315677","5315677","Alyssa Harris","Northern Arizona Lumberjacks","2464","stats","id",NA
"5239978","5239978","Emma Dasovich","Northern Arizona Lumberjacks","2464","stats","id",NA
"5240721","5240721","Layla Davis","Northern Arizona Lumberjacks","2464","stats","id",NA
"5240789","5240789","Madison Watts","Northern Arizona Lumberjacks","2464","stats","id",NA
"5313044","5313044","Micayla Silas","Northern Arizona Lumberjacks","2464","stats","id",NA
"5312894","5312894","Morgan Hawkins","Northern Arizona Lumberjacks","2464","stats","id",NA
"fr_2464_naomijohnson",NA,"Naomi Johnson","Northern Arizona Lumberjacks","2464","newcomer","none",NA
"5108737","5108737","Olivia Moore","Northern Arizona Lumberjacks","2464","stats","id",NA
"5178574","5178574","Ray'ven Robinson","Northern Arizona Lumberjacks","2464","stats","id",NA
"fr_2464_shaylacordis",NA,"Shayla Cordis","Northern Arizona Lumberjacks","2464","newcomer","none",NA
"fr_2464_tiannaknighton",NA,"Tianna Knighton","Northern Arizona Lumberjacks","2464","newcomer","none",NA
"fr_2458_averievarhaug",NA,"Averie Varhaug","Northern Colorado Bears","2458","newcomer","none",NA
"fr_2458_danaejefferson",NA,"Da'Nae Jefferson","Northern Colorado Bears","2458","newcomer","none",NA
"5178107","5178107","Ellie Magestro-Kennedy","Northern Colorado Bears","2458","stats","id",NA
"5242427","5242427","Ericka Huggins","Northern Colorado Bears","2458","stats","id",NA
"5239456","5239456","Erin Powell","Northern Colorado Bears","2458","stats","id",NA
"5241464","5241464","Heather Baymon","Northern Colorado Bears","2458","stats","id",NA
"5107714","5107714","Lilah Moore","Northern Colorado Bears","2458","stats","id",NA
"fr_2458_lucymead",NA,"Lucy Mead","Northern Colorado Bears","2458","newcomer","none",NA
"5175756","5175756","Mia Galbraith","Northern Colorado Bears","2458","stats","id",NA
"5241008","5241008","Neenah George","Northern Colorado Bears","2458","stats","id",NA
"5176441","5176441","Tatum West","Northern Colorado Bears","2458","stats","id",NA
"5241054","5241054","Anna Stromberg","Northern Illinois Huskies","2459","stats","id",NA
"5180433","5180433","Ashlynn Brooke","Northern Illinois Huskies","2459","stats","id",NA
"fr_2459_atarahwalker",NA,"Atarah Walker","Northern Illinois Huskies","2459","newcomer","none",NA
"5314878","5314878","Cyra Conwell","Northern Illinois Huskies","2459","stats","id",NA
"5314879","5314879","Emilie Sorensen","Northern Illinois Huskies","2459","stats","id",NA
"fr_2459_emmaclose",NA,"Emma Close","Northern Illinois Huskies","2459","newcomer","none",NA
"fr_2459_fionamadigan",NA,"Fiona Madigan","Northern Illinois Huskies","2459","newcomer","none",NA
"fr_2459_komaribooker",NA,"Komari Booker","Northern Illinois Huskies","2459","newcomer","none",NA
"fr_2459_laniahdavis",NA,"Laniah Davis","Northern Illinois Huskies","2459","newcomer","none",NA
"5178229","5178229","Leah Middleton","Northern Illinois Huskies","2459","stats","id",NA
"5174550","5174550","Lexi Kerstein","Northern Illinois Huskies","2459","stats","id",NA
"5174929","5174929","Nevaeh Wingate","Northern Illinois Huskies","2459","stats","id",NA
"5314876","5314876","Sa'Mahn Johnson","Northern Illinois Huskies","2459","stats","id",NA
"5314957","5314957","Abby Tuttle","Northern Iowa Panthers","2460","stats","id",NA
"5240177","5240177","Callie Levin","Northern Iowa Panthers","2460","stats","id",NA
"fr_2460_callieoakland",NA,"Callie Oakland","Northern Iowa Panthers","2460","newcomer","none",NA
"5242190","5242190","Elise Jaeger","Northern Iowa Panthers","2460","stats","id",NA
"fr_2460_emilylarsen",NA,"Emily Larsen","Northern Iowa Panthers","2460","newcomer","none",NA
"fr_2460_harperwhetstine",NA,"Harper Whetstine","Northern Iowa Panthers","2460","newcomer","none",NA
"5314959","5314959","Jenna Twedt","Northern Iowa Panthers","2460","stats","id",NA
"5242191","5242191","Kaylynn Janes","Northern Iowa Panthers","2460","stats","id",NA
"5314961","5314961","Lauren Walker","Northern Iowa Panthers","2460","stats","id",NA
"fr_2460_lesedrawilliams",NA,"Le'Sedra Williams","Northern Iowa Panthers","2460","newcomer","none",NA
"5314960","5314960","Maren Schmotzer","Northern Iowa Panthers","2460","stats","id",NA
"5242192","5242192","Mya Nicholson","Northern Iowa Panthers","2460","stats","id",NA
"fr_2460_taylorfranck",NA,"Taylor Franck","Northern Iowa Panthers","2460","newcomer","none",NA
"5176461","5176461","Alma Rashelbach","Northern Kentucky Norse","94","stats","id",NA
"5241131","5241131","Anna Hamilton","Northern Kentucky Norse","94","stats","id",NA
"5313064","5313064","Caroline Eaglin","Northern Kentucky Norse","94","stats","id",NA
"fr_94_dzeniferarieksta",NA,"Dženifera Rieksta","Northern Kentucky Norse","94","newcomer","none",NA
"fr_94_emamackic",NA,"Ema Mačkić","Northern Kentucky Norse","94","newcomer","none",NA
"fr_94_gaiacastelli",NA,"Gaia Castelli","Northern Kentucky Norse","94","newcomer","none",NA
"5243539","5243539","Kennedy Younkin","Northern Kentucky Norse","94","stats","id",NA
"fr_94_luciaauza",NA,"Lucía Auza","Northern Kentucky Norse","94","newcomer","none",NA
"fr_94_mayalayton",NA,"Maya Layton","Northern Kentucky Norse","94","newcomer","none",NA
"5178007","5178007","Noelle Hubert","Northern Kentucky Norse","94","stats","id",NA
"fr_94_sarabasaran",NA,"Sara Basaran","Northern Kentucky Norse","94","newcomer","none",NA
"fr_94_sofijatodorovic",NA,"Sofija Todorović","Northern Kentucky Norse","94","newcomer","none",NA
"fr_94_yaidaskold",NA,"Ya Ida Sköld","Northern Kentucky Norse","94","newcomer","none",NA
"fr_2466_beccamilon",NA,"Becca Milon","Northwestern State Lady Demons","2466","newcomer","none",NA
"fr_2466_chiarapavitsits",NA,"Chiara Pavitsits","Northwestern State Lady Demons","2466","newcomer","none",NA
"5315171","5315171","Chloe Donnell","Northwestern State Lady Demons","2466","stats","id",NA
"5315694","5315694","Cimiya Rideaux","Northwestern State Lady Demons","2466","stats","id",NA
"fr_2466_delorapricop",NA,"Delora Pricop","Northwestern State Lady Demons","2466","newcomer","none",NA
"5240815","5240815","Erica Carr","Northwestern State Lady Demons","2466","stats","id",NA
"5315705","5315705","India McMahon","Northwestern State Lady Demons","2466","stats","id",NA
"fr_2466_karmawynn",NA,"Karma Wynn","Northwestern State Lady Demons","2466","newcomer","none",NA
"5240959","5240959","KP Parr","Northwestern State Lady Demons","2466","stats","id",NA
"5243316","5243316","Momina Kassim","Northwestern State Lady Demons","2466","stats","id",NA
"5243318","5243318","Payton Miller","Northwestern State Lady Demons","2466","stats","id",NA
"5243359","5243359","Rebecca Milon","Northwestern State Lady Demons","2466","stats","id",NA
"fr_2466_stellaallison",NA,"Stella Allison","Northwestern State Lady Demons","2466","newcomer","none",NA
"5315692","5315692","Stephie Salumu","Northwestern State Lady Demons","2466","stats","id",NA
"fr_2466_valmontero",NA,"Val Montero","Northwestern State Lady Demons","2466","newcomer","none",NA
"fr_2466_yalybenharush",NA,"Yaly Ben Harush","Northwestern State Lady Demons","2466","newcomer","none",NA
"5311596","5311596","Amparo López","Northwestern Wildcats","77","stats","id",NA
"fr_77_brookegolden",NA,"Brooke Golden","Northwestern Wildcats","77","newcomer","none",NA
"5312421","5312421","Camdyn Nelson","Northwestern Wildcats","77","stats","id",NA
"5175715","5175715","Casey Harter","Northwestern Wildcats","77","stats","id",NA
"5240199","5240199","Claire Keswick","Northwestern Wildcats","77","stats","id",NA
"5175716","5175716","Crystal Fuqu Wang","Northwestern Wildcats","77","stats","id",NA
"5312423","5312423","Jasmyn Cooper","Northwestern Wildcats","77","stats","id",NA
"fr_77_jasmyncooperderba",NA,"Jasmyn Cooper-Derba","Northwestern Wildcats","77","newcomer","none",NA
"5240200","5240200","Kat Righeimer","Northwestern Wildcats","77","stats","id",NA
"5239077","5239077","Lexi Blue","Northwestern Wildcats","77","stats","id",NA
"5240218","5240218","Lily Carmody","Northwestern Wildcats","77","stats","id",NA
"5175714","5175714","Rachel Mutombo","Northwestern Wildcats","77","stats","id",NA
"fr_77_romanajelenc",NA,"Romana Jelenc","Northwestern Wildcats","77","newcomer","none",NA
"5311593","5311593","Sandra Moreno","Northwestern Wildcats","77","stats","id",NA
"5240198","5240198","Xamiya Walton","Northwestern Wildcats","77","stats","id",NA
"fr_77_xyannawalton",NA,"Xyanna Walton","Northwestern Wildcats","77","newcomer","none",NA
"fr_87_amaribyles",NA,"Amari Byles","Notre Dame Fighting Irish","87","newcomer","none",NA
"5238291","5238291","Anaya Hardy","Notre Dame Fighting Irish","87","stats","id",NA
"fr_87_bellaragone",NA,"Bella Ragone","Notre Dame Fighting Irish","87","newcomer","none",NA
"5174674","5174674","Hannah Hidalgo","Notre Dame Fighting Irish","87","stats","id",NA
"fr_87_isabellasangha",NA,"Isabella Sangha","Notre Dame Fighting Irish","87","newcomer","none",NA
"fr_87_jacyabii",NA,"Jacy Abii","Notre Dame Fighting Irish","87","newcomer","none",NA
"fr_87_jenicalewis",NA,"Jenica Lewis","Notre Dame Fighting Irish","87","newcomer","none",NA
"5109222","5109222","Kelly Ratigan","Notre Dame Fighting Irish","87","stats","id",NA
"rp_87_leahmacy",NA,"Leah Macy","Notre Dame Fighting Irish","87","newcomer","none",NA
"4610162","4610162","Madison St. Rose","Notre Dame Fighting Irish","87","stats","id",NA
"fr_2473_alessiareale",NA,"Alessia Reale","Oakland Golden Grizzlies","2473","newcomer","none",NA
"5240228","5240228","Angie Smith","Oakland Golden Grizzlies","2473","stats","id",NA
"5313606","5313606","Berlynn Carlson","Oakland Golden Grizzlies","2473","stats","id",NA
"fr_2473_cecebonner",NA,"Cece Bonner","Oakland Golden Grizzlies","2473","newcomer","none",NA
"5107916","5107916","Ella Riggs","Oakland Golden Grizzlies","2473","stats","id",NA
"5313057","5313057","Ilris Aworet","Oakland Golden Grizzlies","2473","stats","id",NA
"5313058","5313058","Karinna Trotter","Oakland Golden Grizzlies","2473","stats","id",NA
"5178550","5178550","Layla Gold","Oakland Golden Grizzlies","2473","stats","id",NA
"5109822","5109822","Lianna Baxter","Oakland Golden Grizzlies","2473","stats","id",NA
"5313056","5313056","Makenzie Luehring","Oakland Golden Grizzlies","2473","stats","id",NA
"fr_2473_milagrosmorell",NA,"Milagros Morell","Oakland Golden Grizzlies","2473","newcomer","none",NA
"5329862","5329862","Samone Andrews","Oakland Golden Grizzlies","2473","stats","none",NA
"5241133","5241133","Sereniti Roberts-Adams","Oakland Golden Grizzlies","2473","stats","id",NA
"fr_2473_sheridanbeal",NA,"Sheridan Beal","Oakland Golden Grizzlies","2473","newcomer","none",NA
"5314731","5314731","Antonicia Moultrie","Ohio Bobcats","195","stats","id",NA
"5178508","5178508","Asiah Baxter","Ohio Bobcats","195","stats","id",NA
"fr_195_aubreypepper",NA,"Aubrey Pepper","Ohio Bobcats","195","newcomer","none",NA
"5178507","5178507","Bailey Tabeling","Ohio Bobcats","195","stats","id",NA
"5174405","5174405","Bella Ranallo","Ohio Bobcats","195","stats","id",NA
"fr_195_blossomwallace",NA,"Blossom Wallace","Ohio Bobcats","195","newcomer","none",NA
"5109037","5109037","Cassidy Lafler","Ohio Bobcats","195","stats","id",NA
"5242199","5242199","Danni Scully","Ohio Bobcats","195","stats","id",NA
"5242198","5242198","Gigi Bower","Ohio Bobcats","195","stats","id",NA
"fr_195_ireneasensiomanosa",NA,"Irene Asensio Mañosa","Ohio Bobcats","195","newcomer","none",NA
"fr_195_kamieellis",NA,"Kamie Ellis","Ohio Bobcats","195","newcomer","none",NA
"5242200","5242200","Madison Lim","Ohio Bobcats","195","stats","id",NA
"5178506","5178506","Monica Williams","Ohio Bobcats","195","stats","id",NA
"fr_195_rerejennings",NA,"ReRe Jennings","Ohio Bobcats","195","newcomer","none",NA
"fr_195_siennaallen",NA,"Sienna Allen","Ohio Bobcats","195","newcomer","none",NA
"5314730","5314730","Vivienne Macheck","Ohio Bobcats","195","stats","id",NA
"fr_194_adrianadiaz",NA,"Adriana Díaz","Ohio State Buckeyes","194","newcomer","none",NA
"fr_194_atleevanesko",NA,"Atlee Vanesko","Ohio State Buckeyes","194","newcomer","none",NA
"5239679","5239679","Ava Watson","Ohio State Buckeyes","194","stats","id",NA
"5311598","5311598","Bryn Martin","Ohio State Buckeyes","194","stats","id",NA
"5239681","5239681","Ella Hobbs","Ohio State Buckeyes","194","stats","id",NA
"5239680","5239680","Elsa Lemmilä","Ohio State Buckeyes","194","stats","id",NA
"5239683","5239683","Jaloni Cambridge","Ohio State Buckeyes","194","stats","id",NA
"5105435","5105435","Kennedy Cambridge","Ohio State Buckeyes","194","stats","id",NA
"5239069","5239069","Kylee Kitts","Ohio State Buckeyes","194","stats","id",NA
"5239682","5239682","Seini Henry","Ohio State Buckeyes","194","stats","id",NA
"fr_194_sydneymobley",NA,"Sydney Mobley","Ohio State Buckeyes","194","newcomer","none",NA
"5311585","5311585","Aaliyah Chavez","Oklahoma Sooners","201","stats","id",NA
"5311587","5311587","Brooklyn Stewart","Oklahoma Sooners","201","stats","id",NA
"5239094","5239094","Caya Smith","Oklahoma Sooners","201","stats","id",NA
"5311589","5311589","Daffa Cissoko","Oklahoma Sooners","201","stats","id",NA
"5311586","5311586","Emma Tolan","Oklahoma Sooners","201","stats","id",NA
"5312757","5312757","Jordan Speiser","Oklahoma Sooners","201","stats","id",NA
"5312761","5312761","Keeley Parks","Oklahoma Sooners","201","stats","id",NA
"5311588","5311588","Keziah Lofton","Oklahoma Sooners","201","stats","id",NA
"fr_201_leeleebell",NA,"LeeLee Bell","Oklahoma Sooners","201","newcomer","none",NA
"4565520","4565520","Sa'Myah Smith","Oklahoma Sooners","201","stats","id",NA
"5175754","5175754","Sahara Williams","Oklahoma Sooners","201","stats","id",NA
"fr_201_sinahollerl",NA,"Sina Höllerl","Oklahoma Sooners","201","newcomer","none",NA
"fr_201_viennamurray",NA,"Vienna Murray","Oklahoma Sooners","201","newcomer","none",NA
"fr_197_addisynbollinger",NA,"Addisyn Bollinger","Oklahoma State Cowgirls","197","newcomer","none",NA
"fr_197_anniekibedi",NA,"Annie Kibedi","Oklahoma State Cowgirls","197","newcomer","none",NA
"5175491","5175491","Audi Crooks","Oklahoma State Cowgirls","197","stats","id",NA
"5178392","5178392","Ellie Brueggemann","Oklahoma State Cowgirls","197","stats","id",NA
"5311812","5311812","LA Sneed","Oklahoma State Cowgirls","197","stats","id",NA
"5239072","5239072","Liv McGill","Oklahoma State Cowgirls","197","stats","id",NA
"fr_197_mojcajelenc",NA,"Mojca Jelenc","Oklahoma State Cowgirls","197","newcomer","none",NA
"5174337","5174337","Nene Ndiaye","Oklahoma State Cowgirls","197","stats","id",NA
"5175757","5175757","Stailee Heard","Oklahoma State Cowgirls","197","stats","id",NA
"fr_197_talexaweeter",NA,"Talexa Weeter","Oklahoma State Cowgirls","197","newcomer","none",NA
"5263907","5263907","Yuting Deng","Oklahoma State Cowgirls","197","stats","id",NA
"5239465","5239465","Zoe Canfield","Oklahoma State Cowgirls","197","stats","id",NA
"fr_295_arjaylaelder",NA,"Ar'Jayla Elder","Old Dominion Monarchs","295","newcomer","none",NA
"5174726","5174726","Dalanna Carter","Old Dominion Monarchs","295","stats","id",NA
"5175484","5175484","Delaney Snyder","Old Dominion Monarchs","295","stats","id",NA
"5315343","5315343","Jaida McDonald","Old Dominion Monarchs","295","stats","id",NA
"5313067","5313067","Jamaya Thomas","Old Dominion Monarchs","295","stats","id",NA
"fr_295_karastricklin",NA,"Kara Stricklin","Old Dominion Monarchs","295","newcomer","none",NA
"fr_295_landinkelley",NA,"Landin Kelley","Old Dominion Monarchs","295","newcomer","none",NA
"fr_295_miadavis",NA,"Mia Davis","Old Dominion Monarchs","295","newcomer","none",NA
"fr_295_monicabottley",NA,"Monica Bottley","Old Dominion Monarchs","295","newcomer","none",NA
"fr_295_moniquephoenix",NA,"Monique Phoenix","Old Dominion Monarchs","295","newcomer","none",NA
"5174727","5174727","Riley Stack","Old Dominion Monarchs","295","stats","id",NA
"5174746","5174746","Shadasia Brackens","Old Dominion Monarchs","295","stats","id",NA
"fr_295_talyahharris",NA,"Talyah Harris","Old Dominion Monarchs","295","newcomer","none",NA
"5239399","5239399","Trinity Vance","Old Dominion Monarchs","295","stats","id",NA
"fr_295_vanessasepulveda",NA,"Vanessa Sepulveda","Old Dominion Monarchs","295","newcomer","none",NA
"fr_145_charleenhudson",NA,"Charleen Hudson","Ole Miss Rebels","145","newcomer","none",NA
"5178193","5178193","Desrae Kyles","Ole Miss Rebels","145","stats","id",NA
"5242020","5242020","Doneelah Washington","Ole Miss Rebels","145","stats","id",NA
"4898941","4898941","Emily Howard","Ole Miss Rebels","145","stats","id",NA
"5239081","5239081","Jada Richard","Ole Miss Rebels","145","stats","id",NA
"5174737","5174737","Jade Tillman","Ole Miss Rebels","145","stats","id",NA
"5311574","5311574","Jaida Civil","Ole Miss Rebels","145","stats","id",NA
"4711685","4711685","KN'isha Godfrey","Ole Miss Rebels","145","stats","id",NA
"5311578","5311578","Lauren Jacobs","Ole Miss Rebels","145","stats","id",NA
"5178152","5178152","Maya Anderson","Ole Miss Rebels","145","stats","id",NA
"5311700","5311700","Rachael Okokoh","Ole Miss Rebels","145","stats","id",NA
"4682955","4682955","Talaysia Cooper","Ole Miss Rebels","145","stats","id",NA
"5314664","5314664","Aduke Ojullu","Omaha Mavericks","2437","stats","none",NA
"5178466","5178466","Ali Stephens","Omaha Mavericks","2437","stats","id",NA
"fr_2437_anileu",NA,"Ani Leu","Omaha Mavericks","2437","newcomer","none",NA
"fr_2437_avamarkowski",NA,"Ava Markowski","Omaha Mavericks","2437","newcomer","none",NA
"5314663","5314663","Avril Smith","Omaha Mavericks","2437","stats","id",NA
"5178467","5178467","Cora Olsen","Omaha Mavericks","2437","stats","id",NA
"5314662","5314662","Elsa Vedral","Omaha Mavericks","2437","stats","id",NA
"fr_2437_halledolliver",NA,"Halle Dolliver","Omaha Mavericks","2437","newcomer","none",NA
"fr_2437_jadebrown",NA,"Jade Brown","Omaha Mavericks","2437","newcomer","none",NA
"5314659","5314659","Leekaya Burke Perryman","Omaha Mavericks","2437","stats","id",NA
"5178395","5178395","Mya Skoff","Omaha Mavericks","2437","stats","id",NA
"5243358","5243358","Nyaluak Dak","Omaha Mavericks","2437","stats","id",NA
"5314666","5314666","Regan Juenemann","Omaha Mavericks","2437","stats","id",NA
"fr_2437_sydneyterveen",NA,"Sydney Terveen","Omaha Mavericks","2437","newcomer","none",NA
"5314658","5314658","Tannika Leger-Walker","Omaha Mavericks","2437","stats","none",NA
"5240736","5240736","Alana Shetlar","Oral Roberts Golden Eagles","198","stats","id",NA
"fr_198_aliyahduval",NA,"Aliyah Duval","Oral Roberts Golden Eagles","198","newcomer","none",NA
"fr_198_aubreyhishaw",NA,"Aubrey Hishaw","Oral Roberts Golden Eagles","198","newcomer","none",NA
"5240737","5240737","Azailah Funches","Oral Roberts Golden Eagles","198","stats","id",NA
"5178470","5178470","Gentry Baldwin","Oral Roberts Golden Eagles","198","stats","id",NA
"5243585","5243585","Hannah Coons","Oral Roberts Golden Eagles","198","stats","id",NA
"fr_198_havenjoseph",NA,"Haven Joseph","Oral Roberts Golden Eagles","198","newcomer","none",NA
"fr_198_kayleeward",NA,"Kaylee Ward","Oral Roberts Golden Eagles","198","newcomer","none",NA
"5314688","5314688","Kayten Donley","Oral Roberts Golden Eagles","198","stats","id",NA
"fr_198_keeliekronberger",NA,"Keelie Kronberger","Oral Roberts Golden Eagles","198","newcomer","none",NA
"fr_198_majestycade",NA,"Majesty Cade","Oral Roberts Golden Eagles","198","newcomer","none",NA
"5314685","5314685","Preslee Hartsock","Oral Roberts Golden Eagles","198","stats","id",NA
"5175967","5175967","Ari Long","Oregon Ducks","2483","stats","id",NA
"5239701","5239701","Avary Cain","Oregon Ducks","2483","stats","id",NA
"fr_2483_brooklynnhaywood",NA,"Brooklynn Haywood","Oregon Ducks","2483","newcomer","none",NA
"5240203","5240203","Ehis Etute","Oregon Ducks","2483","stats","id",NA
"fr_2483_emiliakrstevski",NA,"Emilia Krstevski","Oregon Ducks","2483","newcomer","none",NA
"5175892","5175892","Filippa Tilliander","Oregon Ducks","2483","stats","id",NA
"5241991","5241991","Hilary Fuller","Oregon Ducks","2483","stats","id",NA
"5240202","5240202","Katie Fiso","Oregon Ducks","2483","stats","id",NA
"fr_2483_kennedyholman",NA,"Kennedy Holman","Oregon Ducks","2483","newcomer","none",NA
"fr_2483_laupelefalatea",NA,"La'u Pele Falatea","Oregon Ducks","2483","newcomer","none",NA
"4858655","4858655","Mallory Heyer","Oregon Ducks","2483","stats","id",NA
"5175891","5175891","Sofia Bell","Oregon Ducks","2483","stats","id",NA
"5240793","5240793","Ally Schimel","Oregon State Beavers","204","stats","id",NA
"fr_204_ashleyuusitalo",NA,"Ashley Uusitalo","Oregon State Beavers","204","newcomer","none",NA
"5106148","5106148","Catarina Ferreira","Oregon State Beavers","204","stats","id",NA
"fr_204_evelinismith",NA,"Evelini Smith","Oregon State Beavers","204","newcomer","none",NA
"5175980","5175980","Jenna Villa","Oregon State Beavers","204","stats","id",NA
"5315510","5315510","Katelyn Field","Oregon State Beavers","204","stats","id",NA
"5315512","5315512","Keira Lindemans","Oregon State Beavers","204","stats","id",NA
"5175913","5175913","Kennedie Shuler","Oregon State Beavers","204","stats","id",NA
"5315511","5315511","Lara Alonso-Basurto","Oregon State Beavers","204","stats","id",NA
"5240794","5240794","Mackenzie Shivers","Oregon State Beavers","204","stats","id",NA
"fr_204_maggiewarpus",NA,"Maggie Warpus","Oregon State Beavers","204","newcomer","none",NA
"fr_204_mariiaignatchenko",NA,"Mariia Ignatchenko","Oregon State Beavers","204","newcomer","none",NA
"fr_204_tayloryoung",NA,"Taylor Young","Oregon State Beavers","204","newcomer","none",NA
"fr_279_bellaburcar",NA,"Bella Burcar","Pacific Tigers","279","newcomer","none",NA
"5240800","5240800","Daria Nestorov","Pacific Tigers","279","stats","id",NA
"5106172","5106172","JoJo Nworie","Pacific Tigers","279","stats","id",NA
"fr_279_jordyndyer",NA,"Jordyn Dyer","Pacific Tigers","279","newcomer","none",NA
"5315516","5315516","LaMiracle Lebon","Pacific Tigers","279","stats","id",NA
"5315514","5315514","Liv Yergensen","Pacific Tigers","279","stats","id",NA
"5175871","5175871","Marina Radocaj","Pacific Tigers","279","stats","id",NA
"fr_279_miajamias",NA,"Mia Jamias","Pacific Tigers","279","newcomer","none",NA
"fr_279_paytonmontgomery",NA,"Payton Montgomery","Pacific Tigers","279","newcomer","none",NA
"fr_279_sofialocati",NA,"Sofia Locati","Pacific Tigers","279","newcomer","none",NA
"5315515","5315515","Sophia Mindermann","Pacific Tigers","279","stats","id",NA
"5174331","5174331","Stella Szabo","Pacific Tigers","279","stats","id",NA
"5106187","5106187","Victoria Rivera","Pacific Tigers","279","stats","id",NA
"5240924","5240924","Yana Karamfilova","Pacific Tigers","279","stats","id",NA
"fr_213_ashleebrown",NA,"Ashlee Brown","Penn State Lady Lions","213","newcomer","none",NA
"5311547","5311547","Ava Black","Penn State Lady Lions","213","stats","id",NA
"5175047","5175047","Cristen Carter","Penn State Lady Lions","213","stats","id",NA
"5238298","5238298","Devyn Quigley","Penn State Lady Lions","213","stats","id",NA
"5107920","5107920","Enjulina Gonzalez","Penn State Lady Lions","213","stats","id",NA
"fr_213_irenegarcia",NA,"Irene García","Penn State Lady Lions","213","newcomer","none",NA
"fr_213_kamrahbanks",NA,"Kamrah Banks","Penn State Lady Lions","213","newcomer","none",NA
"5240197","5240197","Petra Bozan","Penn State Lady Lions","213","stats","id",NA
"4894346","4894346","Savannah White","Penn State Lady Lions","213","stats","id",NA
"5315117","5315117","Skylar Durley","Penn State Lady Lions","213","stats","id",NA
"5176437","5176437","Abby Sharpe","Pennsylvania Quakers","219","stats","id",NA
"5313314","5313314","Ari Paraskevopoulou","Pennsylvania Quakers","219","stats","id",NA
"5241862","5241862","Ashna Tambe","Pennsylvania Quakers","219","stats","id",NA
"fr_219_avajones",NA,"Ava Jones","Pennsylvania Quakers","219","newcomer","none",NA
"5241864","5241864","Brooke Suttle","Pennsylvania Quakers","219","stats","id",NA
"5240306","5240306","Candice Lienafa","Pennsylvania Quakers","219","stats","id",NA
"5313584","5313584","Christina Pham","Pennsylvania Quakers","219","stats","id",NA
"5176439","5176439","Ese Ogbevire","Pennsylvania Quakers","219","stats","id",NA
"5241867","5241867","Gabriella Kelley","Pennsylvania Quakers","219","stats","id",NA
"fr_219_jayahcurtis",NA,"Jayah Curtis","Pennsylvania Quakers","219","newcomer","none",NA
"5313315","5313315","Kate Lipatova","Pennsylvania Quakers","219","stats","id",NA
"5241866","5241866","Katie Collins","Pennsylvania Quakers","219","stats","id",NA
"fr_219_madisonkocis",NA,"Madison Kocis","Pennsylvania Quakers","219","newcomer","none",NA
"5176438","5176438","Mataya Gayle","Pennsylvania Quakers","219","stats","id",NA
"fr_219_rachelthatcher",NA,"Rachel Thatcher","Pennsylvania Quakers","219","newcomer","none",NA
"5176436","5176436","Tina Njike","Pennsylvania Quakers","219","stats","id",NA
"5242478","5242478","Elli Guiney","Pepperdine Waves","2492","stats","id",NA
"fr_2492_evelynmartyn",NA,"Evelyn Martyn","Pepperdine Waves","2492","newcomer","none",NA
"fr_2492_freyabijkerk",NA,"Freya Bijkerk","Pepperdine Waves","2492","newcomer","none",NA
"5315020","5315020","Ilinca Belegante","Pepperdine Waves","2492","stats","id",NA
"5241567","5241567","Keandra Koorits","Pepperdine Waves","2492","stats","id",NA
"fr_2492_landriecallahan",NA,"Landrie Callahan","Pepperdine Waves","2492","newcomer","none",NA
"5176492","5176492","Lina Falk","Pepperdine Waves","2492","stats","id",NA
"4900706","4900706","Maggie Mendelson","Pepperdine Waves","2492","stats","id",NA
"5315021","5315021","Quinn VanSickle","Pepperdine Waves","2492","stats","id",NA
"5315023","5315023","Seleh Harmon","Pepperdine Waves","2492","stats","id",NA
"5177240","5177240","Taija Sta. Maria","Pepperdine Waves","2492","stats","id",NA
"5315024","5315024","Zoe Shanahan","Pepperdine Waves","2492","stats","id",NA
"5174728","5174728","Alancia Ramsey","Pittsburgh Panthers","221","stats","id",NA
"5177757","5177757","Ande'a Cherisier","Pittsburgh Panthers","221","stats","id",NA
"5108731","5108731","Avery Watkins","Pittsburgh Panthers","221","stats","id",NA
"5241477","5241477","CeCe Legaspi","Pittsburgh Panthers","221","stats","id",NA
"5177752","5177752","Jami Hill","Pittsburgh Panthers","221","stats","id",NA
"fr_221_jazmynebynum",NA,"Jazmyne Bynum","Pittsburgh Panthers","221","newcomer","none",NA
"5312410","5312410","Macie Arzner","Pittsburgh Panthers","221","stats","id",NA
"fr_221_madisoncrawford",NA,"Madison Crawford","Pittsburgh Panthers","221","newcomer","none",NA
"5312767","5312767","Maysen Hill","Pittsburgh Panthers","221","stats","id",NA
"fr_221_meredithvenner",NA,"Meredith Venner","Pittsburgh Panthers","221","newcomer","none",NA
"5177753","5177753","Taryn Barbot","Pittsburgh Panthers","221","stats","id",NA
"5177751","5177751","Taylor Barbot","Pittsburgh Panthers","221","stats","id",NA
"5315004","5315004","Aubrey Herrin","Portland Pilots","2501","stats","id",NA
"5314991","5314991","Brynn Smith","Portland Pilots","2501","stats","id",NA
"5243452","5243452","Caitlin Monahan","Portland Pilots","2501","stats","id",NA
"fr_2501_carlygonzalez",NA,"Carly Gonzalez","Portland Pilots","2501","newcomer","none",NA
"5174320","5174320","Dyani Ananiev","Portland Pilots","2501","stats","id",NA
"5243453","5243453","Ella Zimmerman","Portland Pilots","2501","stats","id",NA
"5108591","5108591","Florence Dallow","Portland Pilots","2501","stats","id",NA
"fr_2501_goundodiakitebayo",NA,"Goundo Diakite Bayo","Portland Pilots","2501","newcomer","none",NA
"5315005","5315005","Jada Kennedy","Portland Pilots","2501","stats","id",NA
"5314993","5314993","Julia Dalan","Portland Pilots","2501","stats","id",NA
"5174321","5174321","Lainey Spear","Portland Pilots","2501","stats","id",NA
"fr_2501_maddieangus",NA,"Maddie Angus","Portland Pilots","2501","newcomer","none",NA
"fr_2501_pahlysshokianga",NA,"Pahlyss Hokianga","Portland Pilots","2501","newcomer","none",NA
"5174323","5174323","Rhyan Mogel","Portland Pilots","2501","stats","id",NA
"fr_2501_saramangan",NA,"Sara Mangan","Portland Pilots","2501","newcomer","none",NA
"5243451","5243451","Tiffany Barbosa","Portland Pilots","2501","stats","id",NA
"fr_2502_alexpadilla",NA,"Alex Padilla","Portland State Vikings","2502","newcomer","none",NA
"fr_2502_aspenmcclees",NA,"Aspen McClees","Portland State Vikings","2502","newcomer","none",NA
"fr_2502_emmazuniga",NA,"Emma Zuniga","Portland State Vikings","2502","newcomer","none",NA
"5241013","5241013","Kirstine Munk","Portland State Vikings","2502","stats","id",NA
"5241014","5241014","Kyleigh Brown","Portland State Vikings","2502","stats","id",NA
"5176460","5176460","Laynee Torres-Kahapea","Portland State Vikings","2502","stats","id",NA
"fr_2502_livcollins",NA,"Liv Collins","Portland State Vikings","2502","newcomer","none",NA
"fr_2502_maayalucas",NA,"Maaya Lucas","Portland State Vikings","2502","newcomer","none",NA
"fr_2502_mailestarns",NA,"Maile Starns","Portland State Vikings","2502","newcomer","none",NA
"fr_2502_nihoadunn",NA,"Nihoa Dunn","Portland State Vikings","2502","newcomer","none",NA
"5315681","5315681","Ryme Jaekel","Portland State Vikings","2502","stats","id",NA
"5311617","5311617","Sara Barhoum","Portland State Vikings","2502","stats","id",NA
"5242477","5242477","Teagan Colvin","Portland State Vikings","2502","stats","id",NA
"5315746","5315746","Alana Shields","Prairie View A&M Lady Panthers","2504","stats","id",NA
"5315748","5315748","Alaysia Gude","Prairie View A&M Lady Panthers","2504","stats","id",NA
"5243457","5243457","Ja'nya Polk","Prairie View A&M Lady Panthers","2504","stats","id",NA
"5315749","5315749","Jacque Giron","Prairie View A&M Lady Panthers","2504","stats","id",NA
"5313006","5313006","Kaylie Carr","Prairie View A&M Lady Panthers","2504","stats","id",NA
"5243456","5243456","Laila Robinson","Prairie View A&M Lady Panthers","2504","stats","id",NA
"5315747","5315747","Margan Allen","Prairie View A&M Lady Panthers","2504","stats","id",NA
"5315752","5315752","Preston Young","Prairie View A&M Lady Panthers","2504","stats","id",NA
"5239538","5239538","Alyssa Febres","Presbyterian Blue Hose","2506","stats","id",NA
"5313830","5313830","Aretha Linger","Presbyterian Blue Hose","2506","stats","id",NA
"5177970","5177970","Azjah Reeves","Presbyterian Blue Hose","2506","stats","id",NA
"fr_2506_dylandeinnocent",NA,"Dylande Innocent","Presbyterian Blue Hose","2506","newcomer","none",NA
"5240961","5240961","Fiona Diomande","Presbyterian Blue Hose","2506","stats","id",NA
"fr_2506_innadimova",NA,"Inna Dimova","Presbyterian Blue Hose","2506","newcomer","none",NA
"5242690","5242690","Krystal Haddock","Presbyterian Blue Hose","2506","stats","id",NA
"5315204","5315204","Kyaija Stewart","Presbyterian Blue Hose","2506","stats","id",NA
"5313829","5313829","Ore Ogunwolere","Presbyterian Blue Hose","2506","stats","id",NA
"5313833","5313833","Samantha Mullock","Presbyterian Blue Hose","2506","stats","id",NA
"fr_2506_saoirsesmart",NA,"Saoirse Smart","Presbyterian Blue Hose","2506","newcomer","none",NA
"5313831","5313831","Yolanda Floyd","Presbyterian Blue Hose","2506","stats","id",NA
"5176454","5176454","Ashley Chea","Princeton Tigers","163","stats","id",NA
"fr_163_avayoon",NA,"Ava Yoon","Princeton Tigers","163","newcomer","none",NA
"5241872","5241872","Cristina Parrella","Princeton Tigers","163","stats","id",NA
"5241873","5241873","Emily Eadie","Princeton Tigers","163","stats","id",NA
"fr_163_evasmith",NA,"Eva Smith","Princeton Tigers","163","newcomer","none",NA
"5176455","5176455","Fadima Tall","Princeton Tigers","163","stats","id",NA
"5313317","5313317","Grace O'Sullivan","Princeton Tigers","163","stats","id",NA
"fr_163_maribickley","5176457","Mari Bickley","Princeton Tigers","163","history","name",NA
"fr_163_meilingperry",NA,"Mei-Ling Perry","Princeton Tigers","163","newcomer","none",NA
"5176452","5176452","Olivia Hutcherson","Princeton Tigers","163","stats","id",NA
"fr_163_sarahaldeguer",NA,"Sarah Aldeguer","Princeton Tigers","163","newcomer","none",NA
"5313318","5313318","Sarah Lessig","Princeton Tigers","163","stats","id",NA
"5176453","5176453","Skye Belker","Princeton Tigers","163","stats","id",NA
"5241874","5241874","Toby Nweke","Princeton Tigers","163","stats","id",NA
"5312722","5312722","Ashley Dinges","Providence Friars","2507","stats","id",NA
"5240238","5240238","Audrey Shields","Providence Friars","2507","stats","id",NA
"fr_2507_davianemindoudi",NA,"Daviane Mindoudi","Providence Friars","2507","newcomer","none",NA
"5239071","5239071","Daviane Mindoudi Ongbakahoumb","Providence Friars","2507","stats","id",NA
"5174279","5174279","J'Adore Young","Providence Friars","2507","stats","id",NA
"5177801","5177801","Kylah Silver","Providence Friars","2507","stats","id",NA
"5312716","5312716","Mariana Padilla","Providence Friars","2507","stats","id",NA
"fr_2507_marlenembilima",NA,"Marlene Mbilima","Providence Friars","2507","newcomer","none",NA
"5312720","5312720","Olivia Rodrigues","Providence Friars","2507","stats","id",NA
"5240237","5240237","Orlagh Gormley","Providence Friars","2507","stats","id",NA
"5238317","5238317","Payton Dunbar","Providence Friars","2507","stats","id",NA
"5312717","5312717","Princess Moody","Providence Friars","2507","stats","id",NA
"5312719","5312719","Riley Hamburger","Providence Friars","2507","stats","id",NA
"5174966","5174966","Sophi Hall","Providence Friars","2507","stats","id",NA
"5240916","5240916","Taylor Barner","Providence Friars","2507","stats","id",NA
"fr_2507_voldiebasana",NA,"Voldie Basana","Providence Friars","2507","newcomer","none",NA
"fr_2509_anjelaminja",NA,"Anjela Minja","Purdue Boilermakers","2509","newcomer","none",NA
"5239976","5239976","Averi Aaron","Purdue Boilermakers","2509","stats","id",NA
"5311739","5311739","Avery Gordon","Purdue Boilermakers","2509","stats","id",NA
"5175419","5175419","Aysia Proctor","Purdue Boilermakers","2509","stats","id",NA
"5240777","5240777","Hannah Wickstrom","Purdue Boilermakers","2509","stats","id",NA
"fr_2509_katkasediva",NA,"Katka Šedivá","Purdue Boilermakers","2509","newcomer","none",NA
"fr_2509_keonadouwstra",NA,"Keona Douwstra","Purdue Boilermakers","2509","newcomer","none",NA
"4433806","4433806","Kyndall Hunter","Purdue Boilermakers","2509","stats","id",NA
"fr_2509_mayazilbershlag",NA,"Maya Zilbershlag","Purdue Boilermakers","2509","newcomer","none",NA
"5175722","5175722","McKenna Layden","Purdue Boilermakers","2509","stats","id",NA
"5178283","5178283","Saige Stahl","Purdue Boilermakers","2509","stats","id",NA
"5108895","5108895","Taylor Henderson","Purdue Boilermakers","2509","stats","id",NA
"fr_2509_zojastirn",NA,"Zoja Stirn","Purdue Boilermakers","2509","newcomer","none",NA
"fr_2870_aliviabolinger",NA,"Alivia Bolinger","Purdue Fort Wayne Mastodons","2870","newcomer","none",NA
"5178413","5178413","Alyssa Berry","Purdue Fort Wayne Mastodons","2870","stats","id",NA
"5246934","5246934","Amaris Timmons","Purdue Fort Wayne Mastodons","2870","stats","none",NA
"5313105","5313105","Avery Wagner","Purdue Fort Wayne Mastodons","2870","stats","id",NA
"5313103","5313103","Bailee Duck","Purdue Fort Wayne Mastodons","2870","stats","id",NA
"5314963","5314963","Hiba Malkawi","Purdue Fort Wayne Mastodons","2870","stats","id",NA
"fr_2870_karisthomas",NA,"Karis Thomas","Purdue Fort Wayne Mastodons","2870","newcomer","none",NA
"fr_2870_maddielepley",NA,"Maddie Lepley","Purdue Fort Wayne Mastodons","2870","newcomer","none",NA
"5315232","5315232","Madison Lewis","Purdue Fort Wayne Mastodons","2870","stats","id",NA
"5242668","5242668","Meegan Fahy","Purdue Fort Wayne Mastodons","2870","stats","id",NA
"5107663","5107663","Nika Lokica","Purdue Fort Wayne Mastodons","2870","stats","id",NA
"fr_2511_ahmaniklabunde",NA,"Ahmani Klabunde","Queens University Royals","2511","newcomer","none",NA
"5317423","5317423","Anisa Akinola","Queens University Royals","2511","stats","none",NA
"fr_2511_ashantaynoble",NA,"Ashantay Noble","Queens University Royals","2511","newcomer","none",NA
"5315061","5315061","Breah Franks","Queens University Royals","2511","stats","id",NA
"5241105","5241105","Brenae Jones-Grant","Queens University Royals","2511","stats","id",NA
"fr_2511_ciannapapineau",NA,"Cianna Papineau","Queens University Royals","2511","newcomer","none",NA
"fr_2511_janiyamilligan",NA,"Janiya Milligan","Queens University Royals","2511","newcomer","none",NA
"5315059","5315059","Kelley Hutcherson","Queens University Royals","2511","stats","id",NA
"5240778","5240778","Makayla Minshall","Queens University Royals","2511","stats","id",NA
"fr_2511_nykiraarrington",NA,"Nykira Arrington","Queens University Royals","2511","newcomer","none",NA
"fr_2511_paulinareichenaur",NA,"Paulina Reichenaur","Queens University Royals","2511","newcomer","none",NA
"fr_2511_ryandavis",NA,"Ryan Davis","Queens University Royals","2511","newcomer","none",NA
"fr_2511_shadehpreston",NA,"Shadeh Preston","Queens University Royals","2511","newcomer","none",NA
"fr_2511_shirashani",NA,"Shira Shani","Queens University Royals","2511","newcomer","none",NA
"fr_2514_alannabenoit",NA,"Alanna Benoit","Quinnipiac Bobcats","2514","newcomer","none",NA
"fr_2514_anaramospires",NA,"Ana Ramos Pires","Quinnipiac Bobcats","2514","newcomer","none",NA
"5178125","5178125","Ava Sollenne","Quinnipiac Bobcats","2514","stats","id",NA
"fr_2514_avathomas",NA,"Ava Thomas","Quinnipiac Bobcats","2514","newcomer","none",NA
"5242014","5242014","Elle Snyder","Quinnipiac Bobcats","2514","stats","id",NA
"fr_2514_imanimullings",NA,"Imani Mullings","Quinnipiac Bobcats","2514","newcomer","none",NA
"fr_2514_kaylahopson",NA,"Kayla Hopson","Quinnipiac Bobcats","2514","newcomer","none",NA
"fr_2514_leilawashington",NA,"Leila Washington","Quinnipiac Bobcats","2514","newcomer","none",NA
"fr_2514_lillythomas",NA,"Lilly Thomas","Quinnipiac Bobcats","2514","newcomer","none",NA
"5178123","5178123","Maria Kealy","Quinnipiac Bobcats","2514","stats","id",NA
"fr_2514_myaalston",NA,"Mya Alston","Quinnipiac Bobcats","2514","newcomer","none",NA
"5178122","5178122","Paige Girardi","Quinnipiac Bobcats","2514","stats","id",NA
"5312779","5312779","Payton Dulin","Quinnipiac Bobcats","2514","stats","id",NA
"fr_2514_ulianadoronina",NA,"Uliana Doronina","Quinnipiac Bobcats","2514","newcomer","none",NA
"5313843","5313843","Amanda Mitchell","Radford Highlanders","2515","stats","id",NA
"5177797","5177797","Anaiah Jenkins","Radford Highlanders","2515","stats","id",NA
"5241055","5241055","Angelina Nice","Radford Highlanders","2515","stats","id",NA
"5313840","5313840","Anna Chacha","Radford Highlanders","2515","stats","id",NA
"5177802","5177802","Cate Carlson","Radford Highlanders","2515","stats","id",NA
"5313842","5313842","Cherish Haywood","Radford Highlanders","2515","stats","id",NA
"5313844","5313844","Georgia Simonsen","Radford Highlanders","2515","stats","id",NA
"5107502","5107502","Jada Green","Radford Highlanders","2515","stats","id",NA
"fr_2515_jordinrichardson",NA,"Jordin Richardson","Radford Highlanders","2515","newcomer","none",NA
"5175451","5175451","Kailyn Fields","Radford Highlanders","2515","stats","id",NA
"fr_2515_kerrifluellen",NA,"Kerri Fluellen","Radford Highlanders","2515","newcomer","none",NA
"5242011","5242011","Logan Luebbers Palmer","Radford Highlanders","2515","stats","id",NA
"fr_2515_raleebare",NA,"Ralee Bare","Radford Highlanders","2515","newcomer","none",NA
"fr_227_alexnewson",NA,"Alex Newson","Rhode Island Rams","227","newcomer","none",NA
"5312990","5312990","Amaya Stewart","Rhode Island Rams","227","stats","id",NA
"5312792","5312792","Amori Jarrett","Rhode Island Rams","227","stats","none",NA
"5312989","5312989","Anaïs Levasseur","Rhode Island Rams","227","stats","id",NA
"5240696","5240696","Delanie Hill","Rhode Island Rams","227","stats","id",NA
"fr_227_ioanasavu",NA,"Ioana Savu","Rhode Island Rams","227","newcomer","none",NA
"fr_227_katieliggio",NA,"Katie Liggio","Rhode Island Rams","227","newcomer","none",NA
"fr_227_laurenbousquet",NA,"Lauren Bousquet","Rhode Island Rams","227","newcomer","none",NA
"5240695","5240695","Martina Borrellas","Rhode Island Rams","227","stats","id",NA
"5242038","5242038","Mia Fiore","Rhode Island Rams","227","stats","id",NA
"fr_227_naiaraquintanamartinez",NA,"Naiara Quintana Martinez","Rhode Island Rams","227","newcomer","none",NA
"5175403","5175403","Queen Ikhiuwu","Rhode Island Rams","227","stats","id",NA
"5174381","5174381","Sophia Vital","Rhode Island Rams","227","stats","id",NA
"5240923","5240923","Aniah Alexis","Rice Owls","242","stats","id",NA
"5108319","5108319","Hailey Adams","Rice Owls","242","stats","id",NA
"5315555","5315555","Jordin Blackmon","Rice Owls","242","stats","id",NA
"fr_242_kaylenstamaria",NA,"Kaylen Sta. Maria","Rice Owls","242","newcomer","none",NA
"5178494","5178494","Layla Conley","Rice Owls","242","stats","id",NA
"5174396","5174396","Lilly Taulelei","Rice Owls","242","stats","id",NA
"5195389","5195389","Louann Battiston","Rice Owls","242","stats","id",NA
"5238320","5238320","Myah Hazelton","Rice Owls","242","stats","id",NA
"5315554","5315554","Mylee Guinn","Rice Owls","242","stats","id",NA
"5178493","5178493","Pace Rickard","Rice Owls","242","stats","id",NA
"5241800","5241800","Paige Cofer","Rice Owls","242","stats","id",NA
"5174248","5174248","Reychel Douglas","Rice Owls","242","stats","id",NA
"5175791","5175791","Victoria Flores","Rice Owls","242","stats","id",NA
"fr_257_alexandravandiver",NA,"Alexandra Vandiver","Richmond Spiders","257","newcomer","none",NA
"5174384","5174384","Ally Sweeney","Richmond Spiders","257","stats","id",NA
"5315269","5315269","Aneisha Scott","Richmond Spiders","257","stats","id",NA
"fr_257_arisaihara",NA,"Arisa Ihara","Richmond Spiders","257","newcomer","none",NA
"5315268","5315268","Ava Persichetti","Richmond Spiders","257","stats","id",NA
"fr_257_bridgetrifenburg",NA,"Bridget Rifenburg","Richmond Spiders","257","newcomer","none",NA
"fr_257_emmaschoen",NA,"Emma Schoen","Richmond Spiders","257","newcomer","none",NA
"fr_257_hannatjernberg",NA,"Hanna Tjernberg","Richmond Spiders","257","newcomer","none",NA
"5241833","5241833","Harriet Ford","Richmond Spiders","257","stats","id",NA
"fr_257_josiefontana",NA,"Josie Fontana","Richmond Spiders","257","newcomer","none",NA
"fr_257_kateschindler",NA,"Kate Schindler","Richmond Spiders","257","newcomer","none",NA
"5240396","5240396","Payton Richard","Richmond Spiders","257","stats","id",NA
"5315267","5315267","Rayne Wright","Richmond Spiders","257","stats","id",NA
"5315270","5315270","Shaneka Campbell","Richmond Spiders","257","stats","id",NA
"5313620","5313620","Aina Perez Mesquida","Rider Broncs","2520","stats","id",NA
"fr_2520_ainsleygibson",NA,"Ainsley Gibson","Rider Broncs","2520","newcomer","none",NA
"5313619","5313619","Alena Cofield","Rider Broncs","2520","stats","id",NA
"5178129","5178129","Aliya McIver","Rider Broncs","2520","stats","id",NA
"fr_2520_colleenbesachio",NA,"Colleen Besachio","Rider Broncs","2520","newcomer","none",NA
"5240670","5240670","Gabby Sweeney","Rider Broncs","2520","stats","id",NA
"5109009","5109009","Giana Hoddinott","Rider Broncs","2520","stats","id",NA
"fr_2520_jordanbarnes",NA,"Jordan Barnes","Rider Broncs","2520","newcomer","none",NA
"5241770","5241770","Julia Karpell","Rider Broncs","2520","stats","id",NA
"fr_2520_millieperry",NA,"Millie Perry","Rider Broncs","2520","newcomer","none",NA
"fr_2520_rebekahhartzell",NA,"Rebekah Hartzell","Rider Broncs","2520","newcomer","none",NA
"5178130","5178130","Sam Richardson","Rider Broncs","2520","stats","id",NA
"5177762","5177762","Ava Leroux","Robert Morris Colonials","2523","stats","id",NA
"5312868","5312868","Ella Collins","Robert Morris Colonials","2523","stats","id",NA
"5175931","5175931","Eva Levingston","Robert Morris Colonials","2523","stats","id",NA
"fr_2523_laylahale",NA,"Layla Hale","Robert Morris Colonials","2523","newcomer","none",NA
"5313117","5313117","London Creach","Robert Morris Colonials","2523","stats","id",NA
"5240292","5240292","Mackenzie Blackford","Robert Morris Colonials","2523","stats","id",NA
"5240315","5240315","Maeva Fotsa","Robert Morris Colonials","2523","stats","id",NA
"5241963","5241963","Mallory Daly","Robert Morris Colonials","2523","stats","id",NA
"5242168","5242168","Meghan Murray","Robert Morris Colonials","2523","stats","id",NA
"5242228","5242228","Myriam Traore","Robert Morris Colonials","2523","stats","id",NA
"5108932","5108932","Page Greenburg","Robert Morris Colonials","2523","stats","id",NA
"5313115","5313115","Sanai Troutman","Robert Morris Colonials","2523","stats","id",NA
"fr_2523_siradiarra",NA,"Sira Diarra","Robert Morris Colonials","2523","newcomer","none",NA
"fr_2523_teighyeast",NA,"Teigh Yeast","Robert Morris Colonials","2523","newcomer","none",NA
"5176106","5176106","Timberlynn Yeast","Robert Morris Colonials","2523","stats","id",NA
"fr_164_chikaedesdunes",NA,"Chikae Desdunes","Rutgers Scarlet Knights","164","newcomer","none",NA
"5245515","5245515","Deja Young","Rutgers Scarlet Knights","164","stats","id",NA
"5105422","5105422","Fatima Diakhate","Rutgers Scarlet Knights","164","stats","id",NA
"5242726","5242726","Hope Masonius","Rutgers Scarlet Knights","164","stats","id",NA
"4583143","4583143","Imani Lester","Rutgers Scarlet Knights","164","stats","id",NA
"5311601","5311601","Jaylah Lampley","Rutgers Scarlet Knights","164","stats","id",NA
"5175731","5175731","Kennedy Brandt","Rutgers Scarlet Knights","164","stats","id",NA
"5239441","5239441","Lauryn Swann","Rutgers Scarlet Knights","164","stats","id",NA
"5311573","5311573","Mia Pauldo","Rutgers Scarlet Knights","164","stats","id",NA
"5311572","5311572","Mya Pauldo","Rutgers Scarlet Knights","164","stats","id",NA
"fr_164_natassjakolff",NA,"Natassja Kolff","Rutgers Scarlet Knights","164","newcomer","none",NA
"5311742","5311742","Precious Gem Wheeler","Rutgers Scarlet Knights","164","stats","id",NA
"5106182","5106182","Tara Daye","Rutgers Scarlet Knights","164","stats","id",NA
"5240036","5240036","Zachara Perkins","Rutgers Scarlet Knights","164","stats","id",NA
"5105437","5105437","Zennia Thomas","Rutgers Scarlet Knights","164","stats","id",NA
"5175799","5175799","Achol Magot","Sacramento State Hornets","16","stats","id",NA
"5315664","5315664","Ajong Lual","Sacramento State Hornets","16","stats","id",NA
"5175752","5175752","Alexis Hess","Sacramento State Hornets","16","stats","id",NA
"5314302","5314302","Brooklynn Charlo","Sacramento State Hornets","16","stats","id",NA
"5175437","5175437","Elizabeth Abiara","Sacramento State Hornets","16","stats","id",NA
"5325029","5325029","Jaety Mandaquit","Sacramento State Hornets","16","stats","id",NA
"5315662","5315662","Jamiah Fontenberry","Sacramento State Hornets","16","stats","id",NA
"5314935","5314935","Jelena Savic","Sacramento State Hornets","16","stats","id",NA
"5238278","5238278","Jenessa Cotton","Sacramento State Hornets","16","stats","id",NA
"fr_16_jordanbarlow",NA,"Jordan Barlow","Sacramento State Hornets","16","newcomer","none",NA
"fr_16_kokoakridge",NA,"Koko Akridge","Sacramento State Hornets","16","newcomer","none",NA
"5175998","5175998","Natalie Picton","Sacramento State Hornets","16","stats","id",NA
"5239063","5239063","Pinja Paananen","Sacramento State Hornets","16","stats","id",NA
"5177912","5177912","Solangelei Akridge","Sacramento State Hornets","16","stats","id",NA
"5315665","5315665","Tali Fa'i","Sacramento State Hornets","16","stats","id",NA
"fr_2529_alexialauzon",NA,"Alexia Lauzon","Sacred Heart Pioneers","2529","newcomer","none",NA
"5311594","5311594","Angelina Hodgens","Sacred Heart Pioneers","2529","stats","id",NA
"5178255","5178255","Emma Kirby","Sacred Heart Pioneers","2529","stats","id",NA
"5313632","5313632","Jordanna Schrecker","Sacred Heart Pioneers","2529","stats","id",NA
"5174380","5174380","Katie Ledden","Sacred Heart Pioneers","2529","stats","id",NA
"5313631","5313631","Kristen Phelan","Sacred Heart Pioneers","2529","stats","id",NA
"fr_2529_mercedesartaiz",NA,"Mercedes Artaiz","Sacred Heart Pioneers","2529","newcomer","none",NA
"5313630","5313630","Missy Nuku","Sacred Heart Pioneers","2529","stats","id",NA
"5178252","5178252","Montana Nicks","Sacred Heart Pioneers","2529","stats","id",NA
"5178254","5178254","Nalyce Dudley","Sacred Heart Pioneers","2529","stats","id",NA
"5108855","5108855","Oralye Kiefer","Sacred Heart Pioneers","2529","stats","id",NA
"fr_2529_selahprignano",NA,"Selah Prignano","Sacred Heart Pioneers","2529","newcomer","none",NA
"5313627","5313627","Sophie Nascimento","Sacred Heart Pioneers","2529","stats","id",NA
"fr_2529_taiamcmechan",NA,"Taia McMechan","Sacred Heart Pioneers","2529","newcomer","none",NA
"fr_2598_annadefazio",NA,"Anna DeFazio","Saint Francis Red Flash","2598","newcomer","none",NA
"fr_2598_demimarshall",NA,"Demi Marshall","Saint Francis Red Flash","2598","newcomer","none",NA
"fr_2598_isabellagarnek",NA,"Isabella Garnek","Saint Francis Red Flash","2598","newcomer","none",NA
"fr_2598_isabelleandersen",NA,"Isabelle Andersen","Saint Francis Red Flash","2598","newcomer","none",NA
"fr_2598_kyravinglish",NA,"Kyra Vinglish","Saint Francis Red Flash","2598","newcomer","none",NA
"fr_2598_mackenziekinter",NA,"Mackenzie Kinter","Saint Francis Red Flash","2598","newcomer","none",NA
"fr_2598_madelynlieb",NA,"Madelyn Lieb","Saint Francis Red Flash","2598","newcomer","none",NA
"fr_2598_madisonpeterson",NA,"Madison Peterson","Saint Francis Red Flash","2598","newcomer","none",NA
"fr_2598_meredithartz",NA,"Meredith Artz","Saint Francis Red Flash","2598","newcomer","none",NA
"fr_2598_nefertitiokojie",NA,"Nefertiti Okojie","Saint Francis Red Flash","2598","newcomer","none",NA
"fr_2598_teddibeck",NA,"Teddi Beck","Saint Francis Red Flash","2598","newcomer","none",NA
"fr_2603_addyplatt",NA,"Addy Platt","Saint Joseph's Hawks","2603","newcomer","none",NA
"5174386","5174386","Aleah Snead","Saint Joseph's Hawks","2603","stats","id",NA
"5242710","5242710","Cecilia Kay","Saint Joseph's Hawks","2603","stats","id",NA
"5174508","5174508","Deja Evans","Saint Joseph's Hawks","2603","stats","id",NA
"fr_2603_ebbajagre",NA,"Ebba Jägre","Saint Joseph's Hawks","2603","newcomer","none",NA
"5315275","5315275","Emily Knouse","Saint Joseph's Hawks","2603","stats","id",NA
"5174388","5174388","Gabby Casey","Saint Joseph's Hawks","2603","stats","id",NA
"fr_2603_jahzaragreen",NA,"Jahzara Green","Saint Joseph's Hawks","2603","newcomer","none",NA
"5197208","5197208","Jill Jekot","Saint Joseph's Hawks","2603","stats","id",NA
"5315273","5315273","Kaylinn Bethea","Saint Joseph's Hawks","2603","stats","id",NA
"5245557","5245557","Lauren Greer","Saint Joseph's Hawks","2603","stats","id",NA
"5194083","5194083","Madeline Potts","Saint Joseph's Hawks","2603","stats","id",NA
"5315272","5315272","Olivia Lutterodt","Saint Joseph's Hawks","2603","stats","id",NA
"5245560","5245560","Rhian Stokes","Saint Joseph's Hawks","2603","stats","id",NA
"5315274","5315274","Rian Dotsey","Saint Joseph's Hawks","2603","stats","none",NA
"5315283","5315283","Alyssa Koerkenmeier","Saint Louis Billikens","139","stats","id",NA
"5242221","5242221","D'Myjah Bolds","Saint Louis Billikens","139","stats","id",NA
"fr_139_evelynshane",NA,"Evelyn Shane","Saint Louis Billikens","139","newcomer","none",NA
"5314953","5314953","Gabby Spink","Saint Louis Billikens","139","stats","id",NA
"5178573","5178573","Jada Tiggett","Saint Louis Billikens","139","stats","id",NA
"5315280","5315280","Jahda Denis","Saint Louis Billikens","139","stats","id",NA
"fr_139_jameelajames",NA,"Jameela James","Saint Louis Billikens","139","newcomer","none",NA
"5315282","5315282","Jasaiyah Wallace","Saint Louis Billikens","139","stats","id",NA
"5240400","5240400","Mia Bergstrom","Saint Louis Billikens","139","stats","id",NA
"fr_139_naomiikpotokin",NA,"Naomi Ikpotokin","Saint Louis Billikens","139","newcomer","none",NA
"fr_139_peytonolufson",NA,"Peyton Olufson","Saint Louis Billikens","139","newcomer","none",NA
"5174927","5174927","Tyonna Bailey","Saint Louis Billikens","139","stats","id",NA
"5108736","5108736","Abigail Shoff","Saint Mary's Gaels","2608","stats","id",NA
"5240810","5240810","Addi Wedin","Saint Mary's Gaels","2608","stats","id",NA
"fr_2608_agatawlaz",NA,"Agata Wlaz","Saint Mary's Gaels","2608","newcomer","none",NA
"fr_2608_audreybhesania",NA,"Audrey Bhesania","Saint Mary's Gaels","2608","newcomer","none",NA
"fr_2608_aveodegard",NA,"Ave Odegard","Saint Mary's Gaels","2608","newcomer","none",NA
"5175039","5175039","Charlece Ohiaeri","Saint Mary's Gaels","2608","stats","id",NA
"5314965","5314965","Coco Urlacher","Saint Mary's Gaels","2608","stats","id",NA
"5177939","5177939","Ella Wedin","Saint Mary's Gaels","2608","stats","id",NA
"5175071","5175071","Emily Foy","Saint Mary's Gaels","2608","stats","id",NA
"fr_2608_evelyntounkara",NA,"Evelyn Tounkara","Saint Mary's Gaels","2608","newcomer","none",NA
"fr_2608_ireneandreou",NA,"Irene Andreou","Saint Mary's Gaels","2608","newcomer","none",NA
"5315492","5315492","Lihi Azouri","Saint Mary's Gaels","2608","stats","id",NA
"fr_2608_lucyaherne",NA,"Lucy Aherne","Saint Mary's Gaels","2608","newcomer","none",NA
"fr_2608_ninaklep",NA,"Nina Klep","Saint Mary's Gaels","2608","newcomer","none",NA
"4900397","4900397","Niveya Henley","Saint Mary's Gaels","2608","stats","id",NA
"fr_2612_alexandrawilson",NA,"Alexandra Wilson","Saint Peter's Peacocks","2612","newcomer","none",NA
"5313616","5313616","Aniyah Neal","Saint Peter's Peacocks","2612","stats","id",NA
"5315741","5315741","Bree Riley","Saint Peter's Peacocks","2612","stats","id",NA
"5178581","5178581","Carys Roy","Saint Peter's Peacocks","2612","stats","id",NA
"5312021","5312021","Ebere Egbirika","Saint Peter's Peacocks","2612","stats","id",NA
"5178580","5178580","Emily O'Connell","Saint Peter's Peacocks","2612","stats","id",NA
"5178136","5178136","Eszter Turi","Saint Peter's Peacocks","2612","stats","id",NA
"5242527","5242527","Ineivi Plata","Saint Peter's Peacocks","2612","stats","id",NA
"5174778","5174778","Jada Mills","Saint Peter's Peacocks","2612","stats","id",NA
"fr_2612_lamariaestridge",NA,"Lamaria Estridge","Saint Peter's Peacocks","2612","newcomer","none",NA
"fr_2612_laylachristopher",NA,"Layla Christopher","Saint Peter's Peacocks","2612","newcomer","none",NA
"5109403","5109403","Nikola Zdenkova","Saint Peter's Peacocks","2612","stats","id",NA
"5313728","5313728","Sierra Patricio","Saint Peter's Peacocks","2612","stats","id",NA
"fr_2612_sophiestaunton",NA,"Sophie Staunton","Saint Peter's Peacocks","2612","newcomer","none",NA
"fr_2612_soreyayilmaz",NA,"Soreya Yilmaz","Saint Peter's Peacocks","2612","newcomer","none",NA
"5317674","5317674","Alani Owens","Sam Houston Bearkats","2534","stats","none",NA
"fr_2534_amyahall",NA,"Amya Hall","Sam Houston Bearkats","2534","newcomer","none",NA
"5108133","5108133","Deborah Ogayemi","Sam Houston Bearkats","2534","stats","id",NA
"5178135","5178135","Esther Rodellar","Sam Houston Bearkats","2534","stats","id",NA
"5240398","5240398","Hannah Wallace","Sam Houston Bearkats","2534","stats","id",NA
"5243448","5243448","Kylah McCullers","Sam Houston Bearkats","2534","stats","id",NA
"5241948","5241948","Laila Harrison","Sam Houston Bearkats","2534","stats","id",NA
"fr_2534_lanaijhajohnson",NA,"Lanaijha Johnson","Sam Houston Bearkats","2534","newcomer","none",NA
"fr_2534_leannapabst",NA,"Leanna Pabst","Sam Houston Bearkats","2534","newcomer","none",NA
"5175549","5175549","Maci Quiller","Sam Houston Bearkats","2534","stats","id",NA
"5241794","5241794","Mar'Cyah Willis","Sam Houston Bearkats","2534","stats","id",NA
"5313313","5313313","Ruke Ogbevire","Sam Houston Bearkats","2534","stats","id",NA
"fr_2534_taylorspencer",NA,"Taylor Spencer","Sam Houston Bearkats","2534","newcomer","none",NA
"5315613","5315613","Avary Brewer","Samford Bulldogs","2535","stats","id",NA
"fr_2535_baileyhape",NA,"Bailey Hape","Samford Bulldogs","2535","newcomer","none",NA
"5240565","5240565","Briana Rivera","Samford Bulldogs","2535","stats","id",NA
"5315617","5315617","Carla Baguda","Samford Bulldogs","2535","stats","id",NA
"5315616","5315616","Francie Morris","Samford Bulldogs","2535","stats","id",NA
"5315614","5315614","Kaylee Yarbrough","Samford Bulldogs","2535","stats","id",NA
"fr_2535_kaytemadisonbjornstad",NA,"Kayte-Madison Bjornstad","Samford Bulldogs","2535","newcomer","none",NA
"fr_2535_makaylaroberson",NA,"Makayla Roberson","Samford Bulldogs","2535","newcomer","none",NA
"5263600","5263600","Martha Bishop","Samford Bulldogs","2535","stats","id",NA
"fr_2535_nataliebarnes",NA,"Natalie Barnes","Samford Bulldogs","2535","newcomer","none",NA
"fr_2535_paisleybinswanger",NA,"Paisley Binswanger","Samford Bulldogs","2535","newcomer","none",NA
"5241132","5241132","Sydney Martin","Samford Bulldogs","2535","stats","id",NA
"5240735","5240735","Alayna Kraus","San Diego State Aztecs","21","stats","id",NA
"5177271","5177271","Alyssa Jackson","San Diego State Aztecs","21","stats","id",NA
"5242471","5242471","Bailey Barnhard","San Diego State Aztecs","21","stats","id",NA
"fr_21_dionnemadjo",NA,"Dionne Madjo","San Diego State Aztecs","21","newcomer","none",NA
"5183079","5183079","Ellie Chen","San Diego State Aztecs","21","stats","id",NA
"5174382","5174382","Eva DeChent","San Diego State Aztecs","21","stats","id",NA
"fr_21_izzynavarro",NA,"Izzy Navarro","San Diego State Aztecs","21","newcomer","none",NA
"5109755","5109755","Kennedy Lee","San Diego State Aztecs","21","stats","id",NA
"fr_21_maireadhearty",NA,"Mairead Hearty","San Diego State Aztecs","21","newcomer","none",NA
"5177242","5177242","Maria Konstantinidou","San Diego State Aztecs","21","stats","id",NA
"fr_21_mayenabasiakpan",NA,"Mayenabasi Akpan","San Diego State Aztecs","21","newcomer","none",NA
"5242473","5242473","Naomi Panganiban","San Diego State Aztecs","21","stats","id",NA
"5242472","5242472","Nat Martinez","San Diego State Aztecs","21","stats","id",NA
"5242466","5242466","Nayli Padilla","San Diego State Aztecs","21","stats","id",NA
"5314936","5314936","Ayla Williams","San Diego Toreros","301","stats","id",NA
"5312685","5312685","Braelynn Barnett","San Diego Toreros","301","stats","id",NA
"5240816","5240816","Eva Ruse","San Diego Toreros","301","stats","id",NA
"5314934","5314934","Jessica Ajayi","San Diego Toreros","301","stats","id",NA
"fr_301_katedanner",NA,"Kate Danner","San Diego Toreros","301","newcomer","none",NA
"5178457","5178457","Kiera Pemberton","San Diego Toreros","301","stats","id",NA
"5239481","5239481","Kylie Ray","San Diego Toreros","301","stats","id",NA
"5174301","5174301","Lauren McCall","San Diego Toreros","301","stats","id",NA
"5240814","5240814","Lilly Amor","San Diego Toreros","301","stats","id",NA
"5314937","5314937","Olivia Owens","San Diego Toreros","301","stats","id",NA
"fr_301_rosalieesser",NA,"Rosalie Esser","San Diego Toreros","301","newcomer","none",NA
"5314931","5314931","Ryanne Bahnsen-Price","San Diego Toreros","301","stats","none",NA
"5124668","5124668","Sammie Wagner","San Diego Toreros","301","stats","id",NA
"5314915","5314915","Aina Cargol","San Francisco Dons","2539","stats","id",NA
"fr_2539_belizeibanezmenguc",NA,"Belize Ibáñez Mengüç","San Francisco Dons","2539","newcomer","none",NA
"5241784","5241784","Candy Edokpaigbe","San Francisco Dons","2539","stats","id",NA
"fr_2539_emiliebeggs",NA,"Emilie Beggs","San Francisco Dons","2539","newcomer","none",NA
"fr_2539_inesbabaya",NA,"Ines Babaya","San Francisco Dons","2539","newcomer","none",NA
"5312407","5312407","Jayda Queeley","San Francisco Dons","2539","stats","id",NA
"5178181","5178181","Keiryn McGuff","San Francisco Dons","2539","stats","id",NA
"5107990","5107990","Lucia Yenes","San Francisco Dons","2539","stats","id",NA
"fr_2539_mariaburliga",NA,"Maria Burliga","San Francisco Dons","2539","newcomer","none",NA
"5314917","5314917","Natasa Tausova","San Francisco Dons","2539","stats","id",NA
"5314913","5314913","Noelia Mourino","San Francisco Dons","2539","stats","id",NA
"5174314","5174314","Paula Tirado","San Francisco Dons","2539","stats","id",NA
"fr_2539_savimi",NA,"Savi Mi","San Francisco Dons","2539","newcomer","none",NA
"fr_23_alyssarudd",NA,"Alyssa Rudd","San José State Spartans","23","newcomer","none",NA
"5177941","5177941","Amelie Sitterud","San José State Spartans","23","stats","id",NA
"5315187","5315187","Carla Fuster","San José State Spartans","23","stats","id",NA
"5174252","5174252","Cristina Sanchez Cerqueira","San José State Spartans","23","stats","id",NA
"fr_23_erikamace",NA,"Erika Mace","San José State Spartans","23","newcomer","none",NA
"fr_23_eveblagrove",NA,"Eve Blagrove","San José State Spartans","23","newcomer","none",NA
"5315189","5315189","Gabriela Pato","San José State Spartans","23","stats","id",NA
"5313649","5313649","Isa Hämäläinen","San José State Spartans","23","stats","id",NA
"5241967","5241967","Kayla Lorenz","San José State Spartans","23","stats","id",NA
"fr_23_maleynitolliver",NA,"Maleyni Tolliver","San José State Spartans","23","newcomer","none",NA
"fr_23_natalijagrizelj",NA,"Natalija Grizelj","San José State Spartans","23","newcomer","none",NA
"5242475","5242475","Rylei Waugh","San José State Spartans","23","stats","id",NA
"5241786","5241786","Sydnie Rodriguez","San José State Spartans","23","stats","id",NA
"fr_23_tamarbargal",NA,"Tamar Bargal","San José State Spartans","23","newcomer","none",NA
"5242227","5242227","Aniya Hooker","Santa Clara Broncos","2541","stats","id",NA
"5177870","5177870","Ava Schmidt","Santa Clara Broncos","2541","stats","id",NA
"fr_2541_brookeblachly",NA,"Brooke Blachly","Santa Clara Broncos","2541","newcomer","none",NA
"5314910","5314910","Delainey Miller","Santa Clara Broncos","2541","stats","id",NA
"5312959","5312959","Emma Najjuma","Santa Clara Broncos","2541","stats","id",NA
"5242467","5242467","Joana Magalhaes","Santa Clara Broncos","2541","stats","id",NA
"5314906","5314906","Kate Schat","Santa Clara Broncos","2541","stats","id",NA
"5177244","5177244","Kylee Fox","Santa Clara Broncos","2541","stats","id",NA
"5175072","5175072","Maia Jones","Santa Clara Broncos","2541","stats","id",NA
"fr_2541_quinseybryan",NA,"Quinsey Bryan","Santa Clara Broncos","2541","newcomer","none",NA
"5177867","5177867","Reilly Clark","Santa Clara Broncos","2541","stats","id",NA
"5314908","5314908","Sara Schmerbach","Santa Clara Broncos","2541","stats","none",NA
"5107712","5107712","Sophie Glancey","Santa Clara Broncos","2541","stats","id",NA
"5314911","5314911","Tyler Gildersleeve-Stiles","Santa Clara Broncos","2541","stats","id",NA
"5108616","5108616","Aliyah Collins","SE Louisiana Lady Lions","2545","stats","id",NA
"fr_2545_deenaholmes",NA,"Deena Holmes","SE Louisiana Lady Lions","2545","newcomer","none",NA
"fr_2545_dianaszakolczi",NA,"Diana Szakolczi","SE Louisiana Lady Lions","2545","newcomer","none",NA
"5243418","5243418","Eryn McKinzie","SE Louisiana Lady Lions","2545","stats","id",NA
"5314667","5314667","Lillian Merow","SE Louisiana Lady Lions","2545","stats","id",NA
"5315490","5315490","Mia Ramos","SE Louisiana Lady Lions","2545","stats","id",NA
"5241098","5241098","Micah Cooper","SE Louisiana Lady Lions","2545","stats","id",NA
"5243411","5243411","Natalie Huff","SE Louisiana Lady Lions","2545","stats","id",NA
"fr_2545_netalyahurst",NA,"Ne'talya Hurst","SE Louisiana Lady Lions","2545","newcomer","none",NA
"fr_2545_shaineparker",NA,"Shaine Parker","SE Louisiana Lady Lions","2545","newcomer","none",NA
"fr_2545_susanfahnbulleh",NA,"Susan Fahnbulleh","SE Louisiana Lady Lions","2545","newcomer","none",NA
"4900428","4900428","Taylor Wilkins","SE Louisiana Lady Lions","2545","stats","id",NA
"fr_2545_trinityjacksonwilkins",NA,"Trinity Jackson-Wilkins","SE Louisiana Lady Lions","2545","newcomer","none",NA
"fr_2545_yolaineluthi",NA,"Yolaine Luthi","SE Louisiana Lady Lions","2545","newcomer","none",NA
"5311590","5311590","Alanna Neale","Seattle U Redhawks","2547","stats","id",NA
"5176486","5176486","Ayanna Jackson","Seattle U Redhawks","2547","stats","id",NA
"5241007","5241007","Claire Fraser","Seattle U Redhawks","2547","stats","id",NA
"5312884","5312884","Cristina Jones","Seattle U Redhawks","2547","stats","id",NA
"5314903","5314903","Dylan Mogel","Seattle U Redhawks","2547","stats","id",NA
"5188184","5188184","Erin Sellers","Seattle U Redhawks","2547","stats","id",NA
"fr_2547_gabrielaescorialferrero",NA,"Gabriela Escorial Ferrero","Seattle U Redhawks","2547","newcomer","none",NA
"fr_2547_lindsaybiddle",NA,"Lindsay Biddle","Seattle U Redhawks","2547","newcomer","none",NA
"fr_2547_mahliyawilson",NA,"Mahliya Wilson","Seattle U Redhawks","2547","newcomer","none",NA
"5107602","5107602","Milana Nenadic","Seattle U Redhawks","2547","stats","id",NA
"5315122","5315122","Nari Powers","Seattle U Redhawks","2547","stats","id",NA
"5315679","5315679","Sophie Buzzard","Seattle U Redhawks","2547","stats","id",NA
"fr_2547_sysimanton",NA,"Sy Simanton","Seattle U Redhawks","2547","newcomer","none",NA
"5313594","5313594","Tatianna Collins","Seattle U Redhawks","2547","stats","id",NA
"fr_2550_arividales",NA,"Ari Vidales","Seton Hall Pirates","2550","newcomer","none",NA
"5312723","5312723","Ari Woodard","Seton Hall Pirates","2550","stats","id",NA
"fr_2550_giselledollar",NA,"Giselle Dollar","Seton Hall Pirates","2550","newcomer","none",NA
"fr_2550_inieyeoruh",NA,"Inieye Oruh","Seton Hall Pirates","2550","newcomer","none",NA
"5240240","5240240","Ja'Kahla Craft","Seton Hall Pirates","2550","stats","id",NA
"5176541","5176541","Jada Crawshaw","Seton Hall Pirates","2550","stats","id",NA
"5312727","5312727","Jada Snow","Seton Hall Pirates","2550","stats","id",NA
"fr_2550_kenadiemaughan",NA,"Kenadie Maughan","Seton Hall Pirates","2550","newcomer","none",NA
"5312744","5312744","Samari Bankhead","Seton Hall Pirates","2550","stats","id",NA
"5242432","5242432","Saniyah King","Seton Hall Pirates","2550","stats","id",NA
"5240241","5240241","Savanna Jones","Seton Hall Pirates","2550","stats","id",NA
"5174942","5174942","Savannah Catalon","Seton Hall Pirates","2550","stats","id",NA
"5106195","5106195","Shailyn Pinkney","Seton Hall Pirates","2550","stats","id",NA
"fr_2550_shamiramorton",NA,"Shamira Morton","Seton Hall Pirates","2550","newcomer","none",NA
"fr_2561_alaznecanales",NA,"Alazne Canales","Siena Saints","2561","newcomer","none",NA
"fr_2561_ashariemuze",NA,"Ashari Emuze","Siena Saints","2561","newcomer","none",NA
"5177796","5177796","Caydence Hadley","Siena Saints","2561","stats","id",NA
"fr_2561_danigarciagasco",NA,"Dani Garcia Gasco","Siena Saints","2561","newcomer","none",NA
"fr_2561_danydiaz",NA,"Dany Diaz","Siena Saints","2561","newcomer","none",NA
"5313764","5313764","Francesca Schiro","Siena Saints","2561","stats","id",NA
"5177754","5177754","Grace Sundback","Siena Saints","2561","stats","id",NA
"5313766","5313766","Kaiya Rain Tucker","Siena Saints","2561","stats","id",NA
"5240348","5240348","Karissa Antoine","Siena Saints","2561","stats","id",NA
"fr_2561_myannahatchette",NA,"Myanna Hatchette","Siena Saints","2561","newcomer","none",NA
"5174370","5174370","Nicole Melious","Siena Saints","2561","stats","id",NA
"5312988","5312988","Nila Giraud","Siena Saints","2561","stats","id",NA
"fr_2561_stellaziogas",NA,"Stella Ziogas","Siena Saints","2561","newcomer","none",NA
"5242184","5242184","Adriana Blazquez","SIU Edwardsville Cougars","2565","stats","id",NA
"fr_2565_alexnicastro",NA,"Alex Nicastro","SIU Edwardsville Cougars","2565","newcomer","none",NA
"5178422","5178422","Ava Gugliuzza","SIU Edwardsville Cougars","2565","stats","id",NA
"fr_2565_brookeblankenship",NA,"Brooke Blankenship","SIU Edwardsville Cougars","2565","newcomer","none",NA
"5248020","5248020","Giselle Dogan","SIU Edwardsville Cougars","2565","stats","none",NA
"fr_2565_jaylamcclinton",NA,"Jayla McClinton","SIU Edwardsville Cougars","2565","newcomer","none",NA
"5315599","5315599","Kiyoko Proctor","SIU Edwardsville Cougars","2565","stats","id",NA
"5315601","5315601","Lauren Miller","SIU Edwardsville Cougars","2565","stats","id",NA
"fr_2565_pryellekessebeda",NA,"Pryelle Kesse-Beda","SIU Edwardsville Cougars","2565","newcomer","none",NA
"fr_2565_rileyabney",NA,"Riley Abney","SIU Edwardsville Cougars","2565","newcomer","none",NA
"5242669","5242669","Rory Conboy","SIU Edwardsville Cougars","2565","stats","id",NA
"fr_2565_taylortrame",NA,"Taylor Trame","SIU Edwardsville Cougars","2565","newcomer","none",NA
"5177950","5177950","Tyra Robinson","SIU Edwardsville Cougars","2565","stats","id",NA
"fr_2567_adjakane",NA,"Adja Kane","SMU Mustangs","2567","newcomer","none",NA
"fr_2567_camillenesmith",NA,"Camille Nesmith","SMU Mustangs","2567","newcomer","none",NA
"5175402","5175402","Elise Hill","SMU Mustangs","2567","stats","id",NA
"5311878","5311878","Grace Ezebilo","SMU Mustangs","2567","stats","id",NA
"5238287","5238287","Izela Arenas","SMU Mustangs","2567","stats","id",NA
"fr_2567_kaylinjackson",NA,"Kaylin Jackson","SMU Mustangs","2567","newcomer","none",NA
"5315044","5315044","Kinsea Grimes","SMU Mustangs","2567","stats","id",NA
"5239442","5239442","Mailien Rolf","SMU Mustangs","2567","stats","id",NA
"5312413","5312413","Roxy White","SMU Mustangs","2567","stats","none",NA
"fr_2567_shaniajames",NA,"Shania James","SMU Mustangs","2567","newcomer","none",NA
"5312405","5312405","Theresa Hagans Jr.","SMU Mustangs","2567","stats","id",NA
"5239494","5239494","Zahra King","SMU Mustangs","2567","stats","id",NA
"fr_2567_zoeosby",NA,"Zoe Osby","SMU Mustangs","2567","newcomer","none",NA
"5315172","5315172","Amyah Sutton","South Alabama Jaguars","6","stats","id",NA
"5241093","5241093","Aroa Mangas","South Alabama Jaguars","6","stats","id",NA
"fr_6_camgolston",NA,"Cam Golston","South Alabama Jaguars","6","newcomer","none",NA
"5241068","5241068","Deborah Orianegbena","South Alabama Jaguars","6","stats","id",NA
"5242244","5242244","Esther Kursite","South Alabama Jaguars","6","stats","id",NA
"fr_6_hannahdibadjou",NA,"Hannah Dibadjou","South Alabama Jaguars","6","newcomer","none",NA
"fr_6_jaidaredwine",NA,"Jaida Redwine","South Alabama Jaguars","6","newcomer","none",NA
"fr_6_joliemantz",NA,"Jolie Mantz","South Alabama Jaguars","6","newcomer","none",NA
"5260833","5260833","Julieta Ceja","South Alabama Jaguars","6","stats","none",NA
"5315170","5315170","Miyah Holmes","South Alabama Jaguars","6","stats","id",NA
"5241097","5241097","Saneea Bevley","South Alabama Jaguars","6","stats","none",NA
"5241094","5241094","Terren Coffil","South Alabama Jaguars","6","stats","id",NA
"5196144","5196144","Adhel Tac","South Carolina Gamecocks","2579","stats","id",NA
"5311577","5311577","Agot Makeer","South Carolina Gamecocks","2579","stats","id",NA
"5329673","5329673","Alicia Tournebize","South Carolina Gamecocks","2579","stats","id",NA
"noid_2579_ashlynwatkins","4565516","Ashlyn Watkins","South Carolina Gamecocks","2579","stats","name",NA
"5311576","5311576","Ayla McDowell","South Carolina Gamecocks","2579","stats","id",NA
"5109820","5109820","Brooke Quarles Daniels","South Carolina Gamecocks","2579","stats","id",NA
"5121055","5121055","Chloe Kitts","South Carolina Gamecocks","2579","stats","id",NA
"fr_2579_jerzyrobinson",NA,"Jerzy Robinson","South Carolina Gamecocks","2579","newcomer","none",NA
"5239104","5239104","Jordan Lee","South Carolina Gamecocks","2579","stats","id",NA
"5239100","5239100","Joyce Edwards","South Carolina Gamecocks","2579","stats","id",NA
"fr_2579_justineloubens",NA,"Justine Loubens","South Carolina Gamecocks","2579","newcomer","none",NA
"fr_2579_kaeliwynn",NA,"Kaeli Wynn","South Carolina Gamecocks","2579","newcomer","none",NA
"fr_2579_kelsiandrews",NA,"Kelsi Andrews","South Carolina Gamecocks","2579","newcomer","none",NA
"fr_2579_oliviyahedwards",NA,"Oliviyah Edwards","South Carolina Gamecocks","2579","newcomer","none",NA
"5174284","5174284","Tessa Johnson","South Carolina Gamecocks","2579","stats","id",NA
"fr_2569_chasethomas",NA,"Chase Thomas","South Carolina State Lady Bulldogs","2569","newcomer","none",NA
"5324810","5324810","DaH'Neisha Blige","South Carolina State Lady Bulldogs","2569","stats","id",NA
"5324811","5324811","Dream Watson","South Carolina State Lady Bulldogs","2569","stats","id",NA
"5183981","5183981","Heaven Harper","South Carolina State Lady Bulldogs","2569","stats","id",NA
"fr_2569_jadorehayes",NA,"Ja'dore Hayes","South Carolina State Lady Bulldogs","2569","newcomer","none",NA
"5179099","5179099","Jhaven Meade","South Carolina State Lady Bulldogs","2569","stats","id",NA
"fr_2569_kleighonnagrable",NA,"K'leighonna Grable","South Carolina State Lady Bulldogs","2569","newcomer","none",NA
"fr_2569_kalyahankerson",NA,"Ka'Lya Hankerson","South Carolina State Lady Bulldogs","2569","newcomer","none",NA
"5242449","5242449","Kimora Smith","South Carolina State Lady Bulldogs","2569","stats","id",NA
"5179097","5179097","Monajah Ford","South Carolina State Lady Bulldogs","2569","stats","id",NA
"fr_2569_morgancochran",NA,"Morgan Cochran","South Carolina State Lady Bulldogs","2569","newcomer","none",NA
"5324806","5324806","Mya Giles","South Carolina State Lady Bulldogs","2569","stats","id",NA
"5176516","5176516","Samiah Puckett","South Carolina State Lady Bulldogs","2569","stats","id",NA
"5327213","5327213","Terrannya Medlock","South Carolina State Lady Bulldogs","2569","stats","id",NA
"5107760","5107760","Aubrie Kierscht","South Carolina Upstate Spartans","2908","stats","id",NA
"5175926","5175926","Emma Blair","South Carolina Upstate Spartans","2908","stats","id",NA
"5241797","5241797","Grace Booth","South Carolina Upstate Spartans","2908","stats","id",NA
"fr_2908_haylielamonde",NA,"Haylie Lamonde","South Carolina Upstate Spartans","2908","newcomer","none",NA
"5250212","5250212","Izzy Callaway","South Carolina Upstate Spartans","2908","stats","id",NA
"5313850","5313850","Jessa Troy","South Carolina Upstate Spartans","2908","stats","id",NA
"5312981","5312981","Keira Hudson","South Carolina Upstate Spartans","2908","stats","id",NA
"5313849","5313849","Kinley Paterson","South Carolina Upstate Spartans","2908","stats","id",NA
"5242224","5242224","Lexi Castator","South Carolina Upstate Spartans","2908","stats","id",NA
"5175922","5175922","Macy Wike","South Carolina Upstate Spartans","2908","stats","id",NA
"5241060","5241060","Madison Miller","South Carolina Upstate Spartans","2908","stats","id",NA
"5108557","5108557","Vera Söderblom","South Carolina Upstate Spartans","2908","stats","id",NA
"5242234","5242234","Zoe Richardson","South Carolina Upstate Spartans","2908","stats","id",NA
"5314695","5314695","Alex Flattery","South Dakota Coyotes","233","stats","id",NA
"5314694","5314694","Alyssa Bartlett","South Dakota Coyotes","233","stats","id",NA
"fr_233_ashlancarlow",NA,"Ashlan Carlow","South Dakota Coyotes","233","newcomer","none",NA
"5241059","5241059","Ava Miller","South Dakota Coyotes","233","stats","id",NA
"5178534","5178534","Bri Robinson","South Dakota Coyotes","233","stats","id",NA
"5315570","5315570","Gabby Jackson","South Dakota Coyotes","233","stats","id",NA
"5178482","5178482","Jenna Hopp","South Dakota Coyotes","233","stats","id",NA
"5178535","5178535","Katy Reyerson","South Dakota Coyotes","233","stats","id",NA
"5174744","5174744","Latazia Williamson","South Dakota Coyotes","233","stats","id",NA
"fr_233_lividowns",NA,"Livi Downs","South Dakota Coyotes","233","newcomer","none",NA
"5314693","5314693","Molly Joyce","South Dakota Coyotes","233","stats","id",NA
"fr_233_natalieramsey",NA,"Natalie Ramsey","South Dakota Coyotes","233","newcomer","none",NA
"fr_233_rowanjacobi",NA,"Rowan Jacobi","South Dakota Coyotes","233","newcomer","none",NA
"5314698","5314698","Tori Schlagel","South Dakota Coyotes","233","stats","id",NA
"5314700","5314700","Abby Hoselton","South Dakota State Jackrabbits","2571","stats","id",NA
"fr_2571_audreyshindelar",NA,"Audrey Shindelar","South Dakota State Jackrabbits","2571","newcomer","none",NA
"5314701","5314701","Brooklynn Felchle","South Dakota State Jackrabbits","2571","stats","id",NA
"5240743","5240743","Claire Sheppard","South Dakota State Jackrabbits","2571","stats","id",NA
"5240740","5240740","Emilee Fox","South Dakota State Jackrabbits","2571","stats","id",NA
"5314699","5314699","Hadley Thul","South Dakota State Jackrabbits","2571","stats","id",NA
"5178483","5178483","Hilary Behrens","South Dakota State Jackrabbits","2571","stats","id",NA
"5240744","5240744","Jaidyn Dunn","South Dakota State Jackrabbits","2571","stats","id",NA
"5240742","5240742","Katie Vasecka","South Dakota State Jackrabbits","2571","stats","id",NA
"5178238","5178238","Maggie Hartwig","South Dakota State Jackrabbits","2571","stats","id",NA
"5240741","5240741","Mahli Abdouch","South Dakota State Jackrabbits","2571","stats","id",NA
"fr_2571_trishellemiller",NA,"Trishelle Miller","South Dakota State Jackrabbits","2571","newcomer","none",NA
"5175918","5175918","Amourie Porter","South Florida Bulls","58","stats","id",NA
"5174733","5174733","Fatou Diakite","South Florida Bulls","58","stats","id",NA
"5178115","5178115","Gabrielle Kennerly","South Florida Bulls","58","stats","id",NA
"5176511","5176511","Hannah Kohn","South Florida Bulls","58","stats","id",NA
"5178415","5178415","Kate Novik","South Florida Bulls","58","stats","id",NA
"5240040","5240040","Kendall Puryear","South Florida Bulls","58","stats","id",NA
"5315052","5315052","Lana Vukcevic","South Florida Bulls","58","stats","id",NA
"5315053","5315053","Lee Teichman","South Florida Bulls","58","stats","id",NA
"fr_58_lisandravetesina",NA,"Lisandra Vetesina","South Florida Bulls","58","newcomer","none",NA
"5174357","5174357","Mallory Collier","South Florida Bulls","58","stats","id",NA
"5240931","5240931","Savannah Curry","South Florida Bulls","58","stats","id",NA
"fr_58_serenityhardy",NA,"Serenity Hardy","South Florida Bulls","58","newcomer","none",NA
"5105423","5105423","Stefanie Ingram","South Florida Bulls","58","stats","id",NA
"fr_2546_addiowen",NA,"Addi Owen","Southeast Missouri State Redhawks","2546","newcomer","none",NA
"fr_2546_carringtonjones",NA,"Carrington Jones","Southeast Missouri State Redhawks","2546","newcomer","none",NA
"5315109","5315109","Courtenay Lee","Southeast Missouri State Redhawks","2546","stats","id",NA
"fr_2546_deborahayeni",NA,"Deborah Ayeni","Southeast Missouri State Redhawks","2546","newcomer","none",NA
"fr_2546_fayewilliams",NA,"Faye Williams","Southeast Missouri State Redhawks","2546","newcomer","none",NA
"fr_2546_haileybuckman",NA,"Hailey Buckman","Southeast Missouri State Redhawks","2546","newcomer","none",NA
"fr_2546_joliebonderer",NA,"Jolie Bonderer","Southeast Missouri State Redhawks","2546","newcomer","none",NA
"fr_2546_journeeharris",NA,"Journee Harris","Southeast Missouri State Redhawks","2546","newcomer","none",NA
"5315605","5315605","Madison Ayers","Southeast Missouri State Redhawks","2546","stats","id",NA
"5312786","5312786","Yar Manyiel","Southeast Missouri State Redhawks","2546","stats","id",NA
"fr_2546_zoenewland",NA,"Zoe Newland","Southeast Missouri State Redhawks","2546","newcomer","none",NA
"5242182","5242182","Braxcynn Baker","Southern Illinois Salukis","79","stats","id",NA
"5314964","5314964","Carmen Morales","Southern Illinois Salukis","79","stats","id",NA
"fr_79_chellisejones",NA,"Chellise Jones","Southern Illinois Salukis","79","newcomer","none",NA
"fr_79_haelitart",NA,"Haeli Tart","Southern Illinois Salukis","79","newcomer","none",NA
"fr_79_jamisengreen",NA,"Jamisen Green","Southern Illinois Salukis","79","newcomer","none",NA
"5106163","5106163","Kayla Cooper","Southern Illinois Salukis","79","stats","id",NA
"5314962","5314962","Kynnedi Davis","Southern Illinois Salukis","79","stats","id",NA
"fr_79_lynelleawou",NA,"Lynelle Awou","Southern Illinois Salukis","79","newcomer","none",NA
"5242205","5242205","Mia Gaines","Southern Illinois Salukis","79","stats","id",NA
"fr_79_raevenboswell",NA,"Raeven Boswell","Southern Illinois Salukis","79","newcomer","none",NA
"5175041","5175041","Shakara McCline","Southern Illinois Salukis","79","stats","id",NA
"5178537","5178537","Tkiyah Nelson","Southern Illinois Salukis","79","stats","id",NA
"fr_79_yaizaparedesdiaz",NA,"Yaiza Paredes Diaz","Southern Illinois Salukis","79","newcomer","none",NA
"5315626","5315626","Alli Robertson","Southern Indiana Screaming Eagles","88","stats","id",NA
"5178426","5178426","Amiyah Buchanan","Southern Indiana Screaming Eagles","88","stats","id",NA
"5315627","5315627","Channah Gannon","Southern Indiana Screaming Eagles","88","stats","id",NA
"5178431","5178431","Chloe Gannon","Southern Indiana Screaming Eagles","88","stats","id",NA
"fr_88_jaidankoch",NA,"Jaidan Koch","Southern Indiana Screaming Eagles","88","newcomer","none",NA
"5178428","5178428","Kylee Dennis","Southern Indiana Screaming Eagles","88","stats","id",NA
"5242681","5242681","Lexi Sepulveda","Southern Indiana Screaming Eagles","88","stats","id",NA
"5315624","5315624","Lily Graves","Southern Indiana Screaming Eagles","88","stats","id",NA
"5178504","5178504","Maddy Fay","Southern Indiana Screaming Eagles","88","stats","id",NA
"fr_88_maddyshirley",NA,"Maddy Shirley","Southern Indiana Screaming Eagles","88","newcomer","none",NA
"5178503","5178503","Shannon Blacher","Southern Indiana Screaming Eagles","88","stats","id",NA
"5178430","5178430","Sophia Loden","Southern Indiana Screaming Eagles","88","stats","id",NA
"5178192","5178192","Tamara Ortiz","Southern Indiana Screaming Eagles","88","stats","id",NA
"5315163","5315163","Alisha Nunley","Southern Jaguars","2582","stats","id",NA
"5177916","5177916","Anaja Hall","Southern Jaguars","2582","stats","id",NA
"5243526","5243526","Aubri Wilkins","Southern Jaguars","2582","stats","id",NA
"5242918","5242918","Dalayja Hurt-Floyd","Southern Jaguars","2582","stats","id",NA
"5243528","5243528","DeMya Porter","Southern Jaguars","2582","stats","id",NA
"5250562","5250562","Deniya Thornton","Southern Jaguars","2582","stats","none",NA
"5176488","5176488","J'yana Salton","Southern Jaguars","2582","stats","id",NA
"5315745","5315745","Jestiny Dixon","Southern Jaguars","2582","stats","id",NA
"5243525","5243525","Jocelyn Tate","Southern Jaguars","2582","stats","id",NA
"5176104","5176104","Uniyah Franklin","Southern Jaguars","2582","stats","id",NA
"5106186","5106186","Zaria Hurston","Southern Jaguars","2582","stats","id",NA
"fr_2572_brunadasilva",NA,"Bruna da Silva","Southern Miss Lady Eagles","2572","newcomer","none",NA
"5176124","5176124","Chrysta Narcisse","Southern Miss Lady Eagles","2572","stats","id",NA
"fr_2572_jadagay",NA,"Jada Gay","Southern Miss Lady Eagles","2572","newcomer","none",NA
"5176537","5176537","Kennedy Langham","Southern Miss Lady Eagles","2572","stats","id",NA
"5174306","5174306","Kylie Marshall","Southern Miss Lady Eagles","2572","stats","id",NA
"5241090","5241090","Mariah Clayton","Southern Miss Lady Eagles","2572","stats","id",NA
"fr_2572_megbarbour",NA,"Meg Barbour","Southern Miss Lady Eagles","2572","newcomer","none",NA
"5243428","5243428","Miriam Prince","Southern Miss Lady Eagles","2572","stats","id",NA
"fr_2572_nadianorfleet",NA,"Nadia Norfleet","Southern Miss Lady Eagles","2572","newcomer","none",NA
"5315162","5315162","Nakiyah Allen","Southern Miss Lady Eagles","2572","stats","id",NA
"5315196","5315196","Ramiah Augurson","Southern Miss Lady Eagles","2572","stats","id",NA
"5174259","5174259","Timya Thurman","Southern Miss Lady Eagles","2572","stats","id",NA
"5241104","5241104","Whitney Hart","Southern Miss Lady Eagles","2572","stats","id",NA
"fr_253_amiahlewis",NA,"Amiah Lewis","Southern Utah Thunderbirds","253","newcomer","none",NA
"5180454","5180454","Ava Uhrich","Southern Utah Thunderbirds","253","stats","id",NA
"5241788","5241788","Bella Hasan","Southern Utah Thunderbirds","253","stats","id",NA
"5315547","5315547","Brooklyn Fely","Southern Utah Thunderbirds","253","stats","id",NA
"5180449","5180449","Charli Kay","Southern Utah Thunderbirds","253","stats","id",NA
"5241791","5241791","Denver Anderson","Southern Utah Thunderbirds","253","stats","id",NA
"5315552","5315552","Devyn Kiernan","Southern Utah Thunderbirds","253","stats","id",NA
"fr_253_dianasorrondo",NA,"Diana Sorrondo","Southern Utah Thunderbirds","253","newcomer","none",NA
"5315551","5315551","Emily Scholtes","Southern Utah Thunderbirds","253","stats","id",NA
"5241787","5241787","Kortney Doman","Southern Utah Thunderbirds","253","stats","id",NA
"fr_253_melicianelson",NA,"Melicia Nelson","Southern Utah Thunderbirds","253","newcomer","none",NA
"5315549","5315549","Morgan Trigueiro","Southern Utah Thunderbirds","253","stats","id",NA
"5241792","5241792","Olivia Malafu","Southern Utah Thunderbirds","253","stats","id",NA
"5315553","5315553","Vallory Kuelker","Southern Utah Thunderbirds","253","stats","id",NA
"5315300","5315300","Brillana Boyd","St. Bonaventure Bonnies","179","stats","id",NA
"5315294","5315294","Diamond Fields","St. Bonaventure Bonnies","179","stats","id",NA
"fr_179_ellatrinkaus",NA,"Ella Trinkaus","St. Bonaventure Bonnies","179","newcomer","none",NA
"5315298","5315298","Elyse MacDonough","St. Bonaventure Bonnies","179","stats","id",NA
"5315299","5315299","Iva Corluka","St. Bonaventure Bonnies","179","stats","id",NA
"5315296","5315296","Ivona Djikanovic","St. Bonaventure Bonnies","179","stats","id",NA
"5242091","5242091","Jordyn Williams","St. Bonaventure Bonnies","179","stats","id",NA
"5109215","5109215","Kay Donahue","St. Bonaventure Bonnies","179","stats","id",NA
"5174512","5174512","Kaylee Krysztof","St. Bonaventure Bonnies","179","stats","id",NA
"5312733","5312733","Kyla Hayes","St. Bonaventure Bonnies","179","stats","id",NA
"5178119","5178119","Kylie Buckley","St. Bonaventure Bonnies","179","stats","id",NA
"fr_179_lolagralton",NA,"Lola Gralton","St. Bonaventure Bonnies","179","newcomer","none",NA
"5240703","5240703","Mackenzie Pettinelli","St. Bonaventure Bonnies","179","stats","id",NA
"5315295","5315295","Mallory Heise","St. Bonaventure Bonnies","179","stats","id",NA
"5242160","5242160","Olivia DiFranco","St. Bonaventure Bonnies","179","stats","id",NA
"5178279","5178279","Asia Donald","St. John's Red Storm","2599","stats","id",NA
"5177066","5177066","Brooke Moore","St. John's Red Storm","2599","stats","id",NA
"5107620","5107620","Daniela Abies","St. John's Red Storm","2599","stats","id",NA
"5240244","5240244","Janeya Grant","St. John's Red Storm","2599","stats","id",NA
"5174926","5174926","Julie Bahati","St. John's Red Storm","2599","stats","id",NA
"5239384","5239384","Olivia Tucker","St. John's Red Storm","2599","stats","id",NA
"5240291","5240291","Reina Green","St. John's Red Storm","2599","stats","id",NA
"5240566","5240566","Sa'Mya Wyatt","St. John's Red Storm","2599","stats","id",NA
"5241992","5241992","Sanaa Tripp","St. John's Red Storm","2599","stats","id",NA
"fr_2599_serenitylancaster",NA,"Serenity Lancaster","St. John's Red Storm","2599","newcomer","none",NA
"fr_2599_syvannahdawson",NA,"Syvannah Dawson","St. John's Red Storm","2599","newcomer","none",NA
"fr_2599_yohanafami",NA,"Yohana Fami","St. John's Red Storm","2599","newcomer","none",NA
"5262626","5262626","Abbey Vallance","St. Thomas-Minnesota Tommies","2900","stats","id",NA
"5314716","5314716","Addison Schliewe","St. Thomas-Minnesota Tommies","2900","stats","id",NA
"5240768","5240768","Alyssa Sand","St. Thomas-Minnesota Tommies","2900","stats","id",NA
"5314715","5314715","Autumn McCall","St. Thomas-Minnesota Tommies","2900","stats","id",NA
"fr_2900_jaycirath",NA,"Jayci Rath","St. Thomas-Minnesota Tommies","2900","newcomer","none",NA
"5108564","5108564","Kammie Ludwig","St. Thomas-Minnesota Tommies","2900","stats","id",NA
"5240769","5240769","Laura Hauge","St. Thomas-Minnesota Tommies","2900","stats","id",NA
"5314713","5314713","Lydia Aalsma","St. Thomas-Minnesota Tommies","2900","stats","id",NA
"fr_2900_mayakovacic",NA,"Maya Kovacic","St. Thomas-Minnesota Tommies","2900","newcomer","none",NA
"5240767","5240767","Mikayla Werner","St. Thomas-Minnesota Tommies","2900","stats","id",NA
"fr_2900_morganstaloch",NA,"Morgan Staloch","St. Thomas-Minnesota Tommies","2900","newcomer","none",NA
"fr_2900_samanthavoll",NA,"Samantha Voll","St. Thomas-Minnesota Tommies","2900","newcomer","none",NA
"5240770","5240770","Savanah Gardner","St. Thomas-Minnesota Tommies","2900","stats","id",NA
"5314714","5314714","Savannah Gage","St. Thomas-Minnesota Tommies","2900","stats","id",NA
"5178278","5178278","Savannah McGowan","St. Thomas-Minnesota Tommies","2900","stats","id",NA
"fr_2900_tessadriscoll",NA,"Tessa Driscoll","St. Thomas-Minnesota Tommies","2900","newcomer","none",NA
"5312416","5312416","Alexandra Eschmeyer","Stanford Cardinal","24","stats","id",NA
"5314864","5314864","Charlotte Tuhy","Stanford Cardinal","24","stats","id",NA
"fr_24_elysengenda",NA,"Elyse Ngenda","Stanford Cardinal","24","newcomer","none",NA
"fr_24_gracyngilliard",NA,"Gracyn Gilliard","Stanford Cardinal","24","newcomer","none",NA
"5312414","5312414","Hailee Swain","Stanford Cardinal","24","stats","id",NA
"5242181","5242181","Ilse de Vries","Stanford Cardinal","24","stats","id",NA
"5240191","5240191","Inés Sotelo","Stanford Cardinal","24","stats","id",NA
"fr_24_inessotelomiguez",NA,"Inés Sotelo Míguez","Stanford Cardinal","24","newcomer","none",NA
"fr_24_jordynwheeler",NA,"Jordyn Wheeler","Stanford Cardinal","24","newcomer","none",NA
"fr_24_kiaragreen",NA,"Kiara Green","Stanford Cardinal","24","newcomer","none",NA
"5312420","5312420","Nora Ezike","Stanford Cardinal","24","stats","id",NA
"5238309","5238309","Shay Ijiwoye","Stanford Cardinal","24","stats","id",NA
"fr_24_wrenwyckshayijiwoye",NA,"Wrenwyck 'Shay' Ijiwoye","Stanford Cardinal","24","newcomer","none",NA
"fr_2617_alexcrouse",NA,"Alex Crouse","Stephen F. Austin Ladyjacks","2617","newcomer","none",NA
"5315699","5315699","Anika Hyland","Stephen F. Austin Ladyjacks","2617","stats","id",NA
"5315697","5315697","Aziyah Farrier","Stephen F. Austin Ladyjacks","2617","stats","id",NA
"fr_2617_brayleewinfrey",NA,"Braylee Winfrey","Stephen F. Austin Ladyjacks","2617","newcomer","none",NA
"5243348","5243348","Cha Gardner","Stephen F. Austin Ladyjacks","2617","stats","id",NA
"5175534","5175534","Faith Acker","Stephen F. Austin Ladyjacks","2617","stats","id",NA
"fr_2617_katiefox",NA,"Katie Fox","Stephen F. Austin Ladyjacks","2617","newcomer","none",NA
"5315700","5315700","Kaylinn Kemp","Stephen F. Austin Ladyjacks","2617","stats","id",NA
"fr_2617_kjpinchon",NA,"KJ Pinchon","Stephen F. Austin Ladyjacks","2617","newcomer","none",NA
"5175536","5175536","Lydia Cajuste","Stephen F. Austin Ladyjacks","2617","stats","id",NA
"5105405","5105405","Myka Perry","Stephen F. Austin Ladyjacks","2617","stats","id",NA
"fr_2617_tajabennett",NA,"Taja Bennett","Stephen F. Austin Ladyjacks","2617","newcomer","none",NA
"fr_56_addisongodby",NA,"Addison Godby","Stetson Hatters","56","newcomer","none",NA
"5243329","5243329","Candela Garcia-Escribano Pozo","Stetson Hatters","56","stats","id",NA
"5315018","5315018","Cici Driessen","Stetson Hatters","56","stats","id",NA
"fr_56_desirecknieves",NA,"Desireck Nieves","Stetson Hatters","56","newcomer","none",NA
"5243515","5243515","Eva Bradshaw","Stetson Hatters","56","stats","id",NA
"5315016","5315016","Favour Nmecha Anyaele","Stetson Hatters","56","stats","id",NA
"fr_56_heidirathmann",NA,"Heidi Rathmann","Stetson Hatters","56","newcomer","none",NA
"5179305","5179305","Jorah Eppley","Stetson Hatters","56","stats","id",NA
"fr_56_kierensmith",NA,"Kieren Smith","Stetson Hatters","56","newcomer","none",NA
"5243516","5243516","Raven LeXander","Stetson Hatters","56","stats","id",NA
"5266437","5266437","Sofia Moschen","Stetson Hatters","56","stats","id",NA
"5315017","5315017","Sophie Locatelli","Stetson Hatters","56","stats","id",NA
"fr_56_zoielofton",NA,"Zoie Lofton","Stetson Hatters","56","newcomer","none",NA
"5242533","5242533","Bella Mallory","Stonehill Skyhawks","284","stats","id",NA
"5178265","5178265","Breana Delaney","Stonehill Skyhawks","284","stats","id",NA
"5178264","5178264","Brooke Paquette","Stonehill Skyhawks","284","stats","id",NA
"fr_284_caitlinboyle",NA,"Caitlin Boyle","Stonehill Skyhawks","284","newcomer","none",NA
"5178268","5178268","Catelyn Wheeler","Stonehill Skyhawks","284","stats","id",NA
"5315319","5315319","Ella Pelletier","Stonehill Skyhawks","284","stats","id",NA
"fr_284_emmaarca","5178267","Emma Arcà","Stonehill Skyhawks","284","history","name",NA
"5242536","5242536","Julia Webster","Stonehill Skyhawks","284","stats","id",NA
"fr_284_molliemullen",NA,"Mollie Mullen","Stonehill Skyhawks","284","newcomer","none",NA
"5242535","5242535","Phoena Dadson","Stonehill Skyhawks","284","stats","id",NA
"5315320","5315320","Reese Roggenburk","Stonehill Skyhawks","284","stats","id",NA
"5315318","5315318","Rissi Smith","Stonehill Skyhawks","284","stats","id",NA
"5242531","5242531","Shira Elkis","Stonehill Skyhawks","284","stats","id",NA
"fr_284_skylerwalker",NA,"Skyler Walker","Stonehill Skyhawks","284","newcomer","none",NA
"5242532","5242532","Sydney McLaughlin","Stonehill Skyhawks","284","stats","id",NA
"5239395","5239395","Alana Philpotts","Stony Brook Seawolves","2619","stats","id",NA
"5312023","5312023","Alex Brown","Stony Brook Seawolves","2619","stats","id",NA
"5240243","5240243","Ariel Little","Stony Brook Seawolves","2619","stats","id",NA
"5311600","5311600","Awa Fane","Stony Brook Seawolves","2619","stats","id",NA
"5240706","5240706","Caitlin Frost","Stony Brook Seawolves","2619","stats","id",NA
"5313618","5313618","Deb Okechukwu","Stony Brook Seawolves","2619","stats","id",NA
"5241764","5241764","Irene Rey Pineda","Stony Brook Seawolves","2619","stats","id",NA
"5242185","5242185","Jada Cook","Stony Brook Seawolves","2619","stats","id",NA
"5312022","5312022","Johanna Potter","Stony Brook Seawolves","2619","stats","id",NA
"5239397","5239397","Leah Philpotts","Stony Brook Seawolves","2619","stats","id",NA
"5174383","5174383","Melissa Mwanza","Stony Brook Seawolves","2619","stats","id",NA
"5238279","5238279","Raiane Dias Dos Santos","Stony Brook Seawolves","2619","stats","id",NA
"fr_2619_trinitydavis",NA,"Trinity Davis","Stony Brook Seawolves","2619","newcomer","none",NA
"5174266","5174266","Angelica Velez","Syracuse Orange","183","stats","id",NA
"fr_183_celainericco",NA,"Celaine Ricco","Syracuse Orange","183","newcomer","none",NA
"fr_183_elifcayir",NA,"Elif Cayir","Syracuse Orange","183","newcomer","none",NA
"5239475","5239475","Emely Rodriguez","Syracuse Orange","183","stats","id",NA
"5174754","5174754","Jaleesa Molina","Syracuse Orange","183","stats","id",NA
"5238312","5238312","Keira Scott","Syracuse Orange","183","stats","id",NA
"fr_183_madisonhoward",NA,"Madison Howard","Syracuse Orange","183","newcomer","none",NA
"5238313","5238313","Olivia Schmitt","Syracuse Orange","183","stats","id",NA
"5175894","5175894","Sarah Rambus","Syracuse Orange","183","stats","id",NA
"5238314","5238314","Shy Hawkins","Syracuse Orange","183","stats","id",NA
"4704510","4704510","Tyi Skinner","Syracuse Orange","183","stats","id",NA
"5312424","5312424","Uche Izoje","Syracuse Orange","183","stats","id",NA
"5315732","5315732","Alexis Rynders","Tarleton State Texans","2627","stats","id",NA
"5315368","5315368","Brooklyn King","Tarleton State Texans","2627","stats","id",NA
"5107595","5107595","Caroline Lyles","Tarleton State Texans","2627","stats","id",NA
"5177898","5177898","Jailynn Brill","Tarleton State Texans","2627","stats","id",NA
"5315733","5315733","Jaylynn Perez-Richard","Tarleton State Texans","2627","stats","id",NA
"5315731","5315731","Kristian Hieskill","Tarleton State Texans","2627","stats","id",NA
"5174411","5174411","Lucia Navarro","Tarleton State Texans","2627","stats","id",NA
"5315730","5315730","Nyah Buntun","Tarleton State Texans","2627","stats","id",NA
"5315712","5315712","Rose Boisnel","Tarleton State Texans","2627","stats","id",NA
"5311811","5311811","Avery Hjelmstad","TCU Horned Frogs","2628","stats","id",NA
"5311612","5311612","Bella Hines","TCU Horned Frogs","2628","stats","id",NA
"5312392","5312392","Camille Williams","TCU Horned Frogs","2628","stats","none",NA
"5312749","5312749","Clara Bielefeld","TCU Horned Frogs","2628","stats","id",NA
"5239079","5239079","Clara Silva","TCU Horned Frogs","2628","stats","id",NA
"fr_2628_claudiacontell",NA,"Claudia Contell","TCU Horned Frogs","2628","newcomer","none",NA
"5239469","5239469","Jadyn Wooten","TCU Horned Frogs","2628","stats","id",NA
"fr_2628_jessiemayhall",NA,"Jessie-May Hall","TCU Horned Frogs","2628","newcomer","none",NA
"5238302","5238302","Lanie Grant","TCU Horned Frogs","2628","stats","id",NA
"5312419","5312419","Lara Somfai","TCU Horned Frogs","2628","stats","id",NA
"fr_2628_lauravilcinskas",NA,"Laura Vilcinskas","TCU Horned Frogs","2628","newcomer","none",NA
"5312748","5312748","Sarah Portlock","TCU Horned Frogs","2628","stats","none",NA
"5315558","5315558","Ariana Meriedy","Temple Owls","218","stats","id",NA
"5177904","5177904","Kaylah Turner","Temple Owls","218","stats","id",NA
"5240902","5240902","Khloe Miller","Temple Owls","218","stats","id",NA
"fr_218_labreacarter",NA,"LaBrea Carter","Temple Owls","218","newcomer","none",NA
"fr_218_mariahcross",NA,"Mariah Cross","Temple Owls","218","newcomer","none",NA
"fr_218_mylabenton",NA,"Myla Benton","Temple Owls","218","newcomer","none",NA
"5175447","5175447","Saniyah Craig","Temple Owls","218","stats","id",NA
"5311699","5311699","Shayla Smith","Temple Owls","218","stats","id",NA
"5242485","5242485","Taliyah Logwood","Temple Owls","218","stats","id",NA
"5239444","5239444","Timya Grice","Temple Owls","218","stats","id",NA
"5174755","5174755","Tristen Taylor","Temple Owls","218","stats","id",NA
"noid_2633_aaliyahmoore","4433794","Aaliyah Moore","Tennessee Lady Volunteers","2633","stats","name",NA
"5239906","5239906","Avery Mills","Tennessee Lady Volunteers","2633","stats","id",NA
"5178583","5178583","Fatmata Janneh","Tennessee Lady Volunteers","2633","stats","id",NA
"fr_2633_gabbyminus",NA,"Gabby Minus","Tennessee Lady Volunteers","2633","newcomer","none",NA
"5311713","5311713","Harissoum Coulibaly","Tennessee Lady Volunteers","2633","stats","id",NA
"5238310","5238310","Harper Peterson","Tennessee Lady Volunteers","2633","stats","id",NA
"fr_2633_ireneoboavwoduo",NA,"Irene Oboavwoduo","Tennessee Lady Volunteers","2633","newcomer","none",NA
"5240239","5240239","Jada Eads","Tennessee Lady Volunteers","2633","stats","id",NA
"4618080","4618080","Kaylene Smikle","Tennessee Lady Volunteers","2633","stats","id",NA
"5106189","5106189","Kennedy Fauntleroy","Tennessee Lady Volunteers","2633","stats","id",NA
"5241484","5241484","Naomi White","Tennessee Lady Volunteers","2633","stats","id",NA
"5175046","5175046","Riley Makalusky","Tennessee Lady Volunteers","2633","stats","id",NA
"5174444","5174444","Rylie Theuerkauf","Tennessee Lady Volunteers","2633","stats","id",NA
"5240205","5240205","Shaelyn Steele","Tennessee Lady Volunteers","2633","stats","id",NA
"5311702","5311702","Zhen Craft","Tennessee Lady Volunteers","2633","stats","id",NA
"5240604","5240604","Addison Melton","Tennessee State Lady Tigers","2634","stats","id",NA
"fr_2634_adriennehunt",NA,"Adrienne Hunt","Tennessee State Lady Tigers","2634","newcomer","none",NA
"fr_2634_danicalazic",NA,"Danica Lazic","Tennessee State Lady Tigers","2634","newcomer","none",NA
"5242691","5242691","Erin Martin","Tennessee State Lady Tigers","2634","stats","id",NA
"5242689","5242689","Genesis Harris","Tennessee State Lady Tigers","2634","stats","id",NA
"5315630","5315630","Icesis Thomas","Tennessee State Lady Tigers","2634","stats","id",NA
"5242953","5242953","Laila Lancaster","Tennessee State Lady Tigers","2634","stats","id",NA
"fr_2634_lakiaraalexander",NA,"LaKiara Alexander","Tennessee State Lady Tigers","2634","newcomer","none",NA
"5318415","5318415","Nandinkhusel Nyamjav","Tennessee State Lady Tigers","2634","stats","none",NA
"fr_2634_raeganstarks",NA,"Raegan Starks","Tennessee State Lady Tigers","2634","newcomer","none",NA
"fr_2634_sherryzheng",NA,"Sherry Zheng","Tennessee State Lady Tigers","2634","newcomer","none",NA
"5242687","5242687","Somah Kamara","Tennessee State Lady Tigers","2634","stats","id",NA
"5315631","5315631","Zoe Young","Tennessee State Lady Tigers","2634","stats","id",NA
"5315635","5315635","Amaya Redd","Tennessee Tech Golden Eagles","2635","stats","id",NA
"5181733","5181733","Amaya Thomas","Tennessee Tech Golden Eagles","2635","stats","id",NA
"5242682","5242682","Amelia Pfeiffer","Tennessee Tech Golden Eagles","2635","stats","id",NA
"5178124","5178124","Karson Martin","Tennessee Tech Golden Eagles","2635","stats","id",NA
"5315632","5315632","LaReesha Cawthorn","Tennessee Tech Golden Eagles","2635","stats","id",NA
"5315633","5315633","Lyriq Mastin","Tennessee Tech Golden Eagles","2635","stats","id",NA
"5242684","5242684","Maddy Newman","Tennessee Tech Golden Eagles","2635","stats","id",NA
"5176128","5176128","Morgan Sieper","Tennessee Tech Golden Eagles","2635","stats","id",NA
"5239969","5239969","Savannah Davis","Tennessee Tech Golden Eagles","2635","stats","id",NA
"5315289","5315289","Andjela Marojevic","Texas A&M-Corpus Christi Islanders","357","stats","id",NA
"5108665","5108665","Andrea Chiquemba","Texas A&M-Corpus Christi Islanders","357","stats","id",NA
"5182300","5182300","Asha Walker","Texas A&M-Corpus Christi Islanders","357","stats","id",NA
"fr_357_caitlinlord",NA,"Caitlin Lord","Texas A&M-Corpus Christi Islanders","357","newcomer","none",NA
"fr_357_carmensanchezramos",NA,"Carmen Sánchez-Ramos","Texas A&M-Corpus Christi Islanders","357","newcomer","none",NA
"5243321","5243321","Chelsy Singleton","Texas A&M-Corpus Christi Islanders","357","stats","id",NA
"fr_357_laurafranceswillis",NA,"Laura Frances Willis","Texas A&M-Corpus Christi Islanders","357","newcomer","none",NA
"fr_357_lorizlatoper",NA,"Lori Zlatoper","Texas A&M-Corpus Christi Islanders","357","newcomer","none",NA
"fr_357_lynnrieth",NA,"Lynn Rieth","Texas A&M-Corpus Christi Islanders","357","newcomer","none",NA
"fr_357_nadiamerinoruiz",NA,"Nadia Merino Ruiz","Texas A&M-Corpus Christi Islanders","357","newcomer","none",NA
"5242462","5242462","Rayna Williams","Texas A&M-Corpus Christi Islanders","357","stats","id",NA
"fr_357_silleliismolder",NA,"Sille-Liis Mölder","Texas A&M-Corpus Christi Islanders","357","newcomer","none",NA
"5311562","5311562","Anita Franchini","Texas A&M Aggies","245","stats","id",NA
"5311558","5311558","Chaney Spencer","Texas A&M Aggies","245","stats","id",NA
"5178407","5178407","Emerald Parker","Texas A&M Aggies","245","stats","id",NA
"5174249","5174249","Essence Cody","Texas A&M Aggies","245","stats","id",NA
"5311561","5311561","Gianna Gentry","Texas A&M Aggies","245","stats","id",NA
"5311560","5311560","Ibifaa Azogu","Texas A&M Aggies","245","stats","id",NA
"5174268","5174268","Janae Kent","Texas A&M Aggies","245","stats","id",NA
"fr_245_jaydaporter",NA,"Jayda Porter","Texas A&M Aggies","245","newcomer","none",NA
"5105714","5105714","Kailyn Gilbert","Texas A&M Aggies","245","stats","id",NA
"5197230","5197230","Kaniya Boyd","Texas A&M Aggies","245","stats","id",NA
"5174262","5174262","Miyah Verse","Texas A&M Aggies","245","stats","id",NA
"5107444","5107444","Pien Steenbergen","Texas A&M Aggies","245","stats","id",NA
"fr_245_rieyandesouze",NA,"Rieyan DeSouze","Texas A&M Aggies","245","newcomer","none",NA
"5175426","5175426","Salese Blow","Texas A&M Aggies","245","stats","id",NA
"5174304","5174304","Vanessa Saidu","Texas A&M Aggies","245","stats","id",NA
"fr_251_addisonbjorn",NA,"Addison Bjorn","Texas Longhorns","251","newcomer","none",NA
"fr_251_amaliaholguin",NA,"Amalia Holguin","Texas Longhorns","251","newcomer","none",NA
"5175870","5175870","Breya Cunningham","Texas Longhorns","251","stats","id",NA
"fr_251_brihannacrittendon",NA,"Brihanna Crittendon","Texas Longhorns","251","newcomer","none",NA
"5239103","5239103","Bryanna Preston","Texas Longhorns","251","stats","id",NA
"5311567","5311567","Grace Prenter","Texas Longhorns","251","stats","id",NA
"fr_251_isietute",NA,"Isi Etute","Texas Longhorns","251","newcomer","none",NA
"5174415","5174415","Jada Bediako","Texas Longhorns","251","stats","id",NA
"fr_251_jaydaclark",NA,"Jayda Clark","Texas Longhorns","251","newcomer","none",NA
"fr_251_lizzyspaight",NA,"Lizzy Spaight","Texas Longhorns","251","newcomer","none",NA
"5240913","5240913","Lovisa Asbrink Hose","Texas Longhorns","251","stats","id",NA
"5175792","5175792","Madison Booker","Texas Longhorns","251","stats","id",NA
"5122915","5122915","Sarah Graves","Texas Longhorns","251","stats","id",NA
"5239093","5239093","Zya Vann","Texas Longhorns","251","stats","id",NA
"5174747","5174747","Aaliyah Henderson","Texas Southern Tigers","2640","stats","id",NA
"5240360","5240360","Alisa Blalock","Texas Southern Tigers","2640","stats","id",NA
"5241925","5241925","Bailey Burns","Texas Southern Tigers","2640","stats","id",NA
"5312982","5312982","DeAvion Wilson","Texas Southern Tigers","2640","stats","id",NA
"5315744","5315744","Fenishka Bertho","Texas Southern Tigers","2640","stats","id",NA
"5315649","5315649","Jayla Cornelius","Texas Southern Tigers","2640","stats","id",NA
"5175468","5175468","Kaitlyn Adams","Texas Southern Tigers","2640","stats","id",NA
"5314950","5314950","Kennedi Ard","Texas Southern Tigers","2640","stats","id",NA
"5177241","5177241","Malaya LeSueur","Texas Southern Tigers","2640","stats","id",NA
"5239913","5239913","Mame Kane","Texas Southern Tigers","2640","stats","id",NA
"5315211","5315211","Marianah Achol","Texas Southern Tigers","2640","stats","id",NA
"5242444","5242444","Michaela Bogans","Texas Southern Tigers","2640","stats","id",NA
"fr_326_addisoncarr",NA,"Addison Carr","Texas State Bobcats","326","newcomer","none",NA
"5312892","5312892","Aliyah Carter","Texas State Bobcats","326","stats","id",NA
"5178197","5178197","Cali Denson","Texas State Bobcats","326","stats","id",NA
"5174771","5174771","Crystal Henderson","Texas State Bobcats","326","stats","id",NA
"fr_326_emmapique",NA,"Emma Pique","Texas State Bobcats","326","newcomer","none",NA
"fr_326_haydenhearst",NA,"Hayden Hearst","Texas State Bobcats","326","newcomer","none",NA
"5315205","5315205","Kaliyah Murphy","Texas State Bobcats","326","stats","id",NA
"5315206","5315206","Kyra Anderson","Texas State Bobcats","326","stats","id",NA
"5178505","5178505","Lay Fantroy","Texas State Bobcats","326","stats","id",NA
"5174276","5174276","Lucija Milkovic","Texas State Bobcats","326","stats","id",NA
"5241965","5241965","Makenna Shaffer-Lauer","Texas State Bobcats","326","stats","id",NA
"5241466","5241466","Saniya Burks","Texas State Bobcats","326","stats","id",NA
"5240605","5240605","Sofia Ceppellotti","Texas State Bobcats","326","stats","id",NA
"fr_2641_ambrosiacole",NA,"Ambrosia Cole","Texas Tech Lady Raiders","2641","newcomer","none",NA
"5242465","5242465","Destinee Hooks","Texas Tech Lady Raiders","2641","stats","id",NA
"fr_2641_giannajordan",NA,"Gianna Jordan","Texas Tech Lady Raiders","2641","newcomer","none",NA
"5315091","5315091","Jalayah Ingram","Texas Tech Lady Raiders","2641","stats","id",NA
"5175487","5175487","Jalynn Bristow","Texas Tech Lady Raiders","2641","stats","id",NA
"fr_2641_jaydakearney",NA,"Jayda Kearney","Texas Tech Lady Raiders","2641","newcomer","none",NA
"5239064","5239064","Kiki Smith","Texas Tech Lady Raiders","2641","stats","id",NA
"fr_2641_milaniajordan",NA,"Milania Jordan","Texas Tech Lady Raiders","2641","newcomer","none",NA
"fr_2641_moriyahdouglass",NA,"Moriyah Douglass","Texas Tech Lady Raiders","2641","newcomer","none",NA
"fr_2641_nataliajordan",NA,"Natalia Jordan","Texas Tech Lady Raiders","2641","newcomer","none",NA
"5174283","5174283","Rhema Collins","Texas Tech Lady Raiders","2641","stats","id",NA
"5331569","5331569","Stephanie Okechukwu","Texas Tech Lady Raiders","2641","stats","none",NA
"fr_2641_tahysdasilva",NA,"Tahys Da Silva","Texas Tech Lady Raiders","2641","newcomer","none",NA
"5314743","5314743","Camryn VandenBosch","Toledo Rockets","2649","stats","id",NA
"5178510","5178510","Ella Weaver","Toledo Rockets","2649","stats","id",NA
"5242212","5242212","Evalyse Cole","Toledo Rockets","2649","stats","id",NA
"5242210","5242210","Faith Fedd-Robinson","Toledo Rockets","2649","stats","id",NA
"fr_2649_gabbyhelsom",NA,"Gabby Helsom","Toledo Rockets","2649","newcomer","none",NA
"fr_2649_juditoliva",NA,"Judit Oliva","Toledo Rockets","2649","newcomer","none",NA
"5174752","5174752","Judit Oliva Fernandez","Toledo Rockets","2649","stats","id",NA
"5178151","5178151","Jyah LoVett","Toledo Rockets","2649","stats","id",NA
"5178258","5178258","Kendall Carruthers","Toledo Rockets","2649","stats","id",NA
"5178272","5178272","Kiera Edmonds","Toledo Rockets","2649","stats","id",NA
"5314744","5314744","Lizzy Puot","Toledo Rockets","2649","stats","id",NA
"5240312","5240312","Miriam Diala","Toledo Rockets","2649","stats","id",NA
"5240226","5240226","Natiah Nelson","Toledo Rockets","2649","stats","id",NA
"5239461","5239461","Reagan Wilson","Toledo Rockets","2649","stats","id",NA
"5315129","5315129","Akeelah Lafleur","Towson Tigers","119","stats","id",NA
"5312032","5312032","Asya Lara Barnes","Towson Tigers","119","stats","id",NA
"5242514","5242514","Ava Renninger","Towson Tigers","119","stats","id",NA
"fr_119_diamondwatters",NA,"Diamond Watters","Towson Tigers","119","newcomer","none",NA
"fr_119_evawilkerson",NA,"Eva Wilkerson","Towson Tigers","119","newcomer","none",NA
"5312031","5312031","Jillian Watson","Towson Tigers","119","stats","id",NA
"fr_119_keyarahrainey",NA,"Keyarah Rainey","Towson Tigers","119","newcomer","none",NA
"fr_119_lisencurman",NA,"Lisen Curman","Towson Tigers","119","newcomer","none",NA
"5107923","5107923","Masyn Marchbanks","Towson Tigers","119","stats","id",NA
"fr_119_peytonwhite",NA,"Peyton White","Towson Tigers","119","newcomer","none",NA
"fr_119_samdonovan",NA,"Sam Donovan","Towson Tigers","119","newcomer","none",NA
"5178247","5178247","Thalia Shepard","Towson Tigers","119","stats","id",NA
"5243583","5243583","Viki Matulevicius","Towson Tigers","119","stats","id",NA
"5174400","5174400","Zoli Khalil","Towson Tigers","119","stats","id",NA
"4899974","4899974","Aniya Finger","Troy Trojans","2653","stats","id",NA
"fr_2653_aniyahubbard",NA,"Aniya Hubbard","Troy Trojans","2653","newcomer","none",NA
"5107921","5107921","Detavia Salter","Troy Trojans","2653","stats","id",NA
"fr_2653_hannahsmith",NA,"Hannah Smith","Troy Trojans","2653","newcomer","none",NA
"fr_2653_jamonicachambers",NA,"Jamonica Chambers","Troy Trojans","2653","newcomer","none",NA
"fr_2653_kimorahughes",NA,"Kimora Hughes","Troy Trojans","2653","newcomer","none",NA
"fr_2653_maliyahmeeks",NA,"Maliyah Meeks","Troy Trojans","2653","newcomer","none",NA
"fr_2653_rianacallihan",NA,"Riana Callihan","Troy Trojans","2653","newcomer","none",NA
"5315207","5315207","Saniya Jackson","Troy Trojans","2653","stats","id",NA
"5239088","5239088","Shakirah Edwards","Troy Trojans","2653","stats","id",NA
"fr_2653_taliahmartin",NA,"Taliah Martin","Troy Trojans","2653","newcomer","none",NA
"fr_2653_taylabarros",NA,"Tayla Barros","Troy Trojans","2653","newcomer","none",NA
"fr_2653_tiaunaking",NA,"Tiauna King","Troy Trojans","2653","newcomer","none",NA
"5106191","5106191","Aizhanique Mayo","Tulane Green Wave","2655","stats","id",NA
"5107948","5107948","Asha Sra","Tulane Green Wave","2655","stats","id",NA
"5240308","5240308","Edina Strausz","Tulane Green Wave","2655","stats","id",NA
"fr_2655_jakyahsmith",NA,"Ja'Kyah Smith","Tulane Green Wave","2655","newcomer","none",NA
"5174928","5174928","Jayda Brown","Tulane Green Wave","2655","stats","id",NA
"5174767","5174767","Kanija Daniel","Tulane Green Wave","2655","stats","id",NA
"fr_2655_kennedysimpson",NA,"Kennedy Simpson","Tulane Green Wave","2655","newcomer","none",NA
"5240233","5240233","Khadee Hession","Tulane Green Wave","2655","stats","id",NA
"5315057","5315057","Madison Gordon","Tulane Green Wave","2655","stats","id",NA
"5315116","5315116","Makayla Carter","Tulane Green Wave","2655","stats","id",NA
"5311603","5311603","Nataliyah Gray","Tulane Green Wave","2655","stats","id",NA
"5240943","5240943","Sadie Shores","Tulane Green Wave","2655","stats","id",NA
"5315056","5315056","Shiloh Kimpson","Tulane Green Wave","2655","stats","id",NA
"5240373","5240373","Alexa Kinas","Tulsa Golden Hurricane","202","stats","id",NA
"5315153","5315153","Alisha Peavy","Tulsa Golden Hurricane","202","stats","id",NA
"fr_202_camrynschmidt",NA,"Camryn Schmidt","Tulsa Golden Hurricane","202","newcomer","none",NA
"5315158","5315158","Dora Toman","Tulsa Golden Hurricane","202","stats","id",NA
"fr_202_hadarcohen",NA,"Hadar Cohen","Tulsa Golden Hurricane","202","newcomer","none",NA
"5315152","5315152","Haven Fisher","Tulsa Golden Hurricane","202","stats","id",NA
"5175790","5175790","Jade Clack","Tulsa Golden Hurricane","202","stats","id",NA
"fr_202_jaelynnscott",NA,"Jaelynn Scott","Tulsa Golden Hurricane","202","newcomer","none",NA
"5315157","5315157","Laura Di Stefano","Tulsa Golden Hurricane","202","stats","id",NA
"5175401","5175401","Mady Cartwright","Tulsa Golden Hurricane","202","stats","id",NA
"fr_202_mckenziejones",NA,"McKenzie Jones","Tulsa Golden Hurricane","202","newcomer","none",NA
"5174426","5174426","RyLee Grays","Tulsa Golden Hurricane","202","stats","id",NA
"fr_5_ashleygarner",NA,"Ashley Garner","UAB Blazers","5","newcomer","none",NA
"5315332","5315332","Ashlyn Howard","UAB Blazers","5","stats","id",NA
"fr_5_bellaharmon",NA,"Bella Harmon","UAB Blazers","5","newcomer","none",NA
"5176510","5176510","Eleecia Carter","UAB Blazers","5","stats","id",NA
"5240956","5240956","Emilia Dannebauer","UAB Blazers","5","stats","id",NA
"fr_5_haileyjackson",NA,"Hailey Jackson","UAB Blazers","5","newcomer","none",NA
"5315333","5315333","Mari Miller","UAB Blazers","5","stats","id",NA
"fr_5_nyaburns",NA,"Nya Burns","UAB Blazers","5","newcomer","none",NA
"5312383","5312383","Peyton Bradley","UAB Blazers","5","stats","id",NA
"fr_5_serenaheeren",NA,"Serena Heeren","UAB Blazers","5","newcomer","none",NA
"fr_5_terryaunagriffin",NA,"Terryauna Griffin","UAB Blazers","5","newcomer","none",NA
"5311696","5311696","Viktoria Ranisavljevic","UAB Blazers","5","stats","id",NA
"fr_399_abriyahcunningham",NA,"Abriyah Cunningham","UAlbany Great Danes","399","newcomer","none",NA
"fr_399_alexiabujold",NA,"Alexia Bujold","UAlbany Great Danes","399","newcomer","none",NA
"5242036","5242036","Daria Shishkina","UAlbany Great Danes","399","stats","id",NA
"5312994","5312994","Emma Zuccon","UAlbany Great Danes","399","stats","id",NA
"fr_399_frankiemclain",NA,"Frankie McLain","UAlbany Great Danes","399","newcomer","none",NA
"fr_399_jenavaegan",NA,"Jenava Egan","UAlbany Great Danes","399","newcomer","none",NA
"fr_399_kohenmarshall",NA,"Kohen Marshall","UAlbany Great Danes","399","newcomer","none",NA
"5177268","5177268","Lara Langermann","UAlbany Great Danes","399","stats","id",NA
"5178245","5178245","Madison Roman","UAlbany Great Danes","399","stats","id",NA
"fr_399_noalopeztallon",NA,"Noa López Tallón","UAlbany Great Danes","399","newcomer","none",NA
"fr_399_sabelacarro",NA,"Sabela Carro","UAlbany Great Danes","399","newcomer","none",NA
"fr_399_shylamontgomery",NA,"Shyla Montgomery","UAlbany Great Danes","399","newcomer","none",NA
"fr_399_sofiacaraus",NA,"Sofia Caraus","UAlbany Great Danes","399","newcomer","none",NA
"5241561","5241561","Angeliki Ziaka","UC Davis Aggies","302","stats","id",NA
"fr_302_annabassett",NA,"Anna Bassett","UC Davis Aggies","302","newcomer","none",NA
"5240755","5240755","Avery Sussex","UC Davis Aggies","302","stats","id",NA
"5312801","5312801","Carrington Davis","UC Davis Aggies","302","stats","id",NA
"5312802","5312802","Emmy Ersdala","UC Davis Aggies","302","stats","id",NA
"fr_302_hollyensoll",NA,"Holly Ensoll","UC Davis Aggies","302","newcomer","none",NA
"fr_302_layladixon",NA,"Layla Dixon","UC Davis Aggies","302","newcomer","none",NA
"fr_302_martaforsline",NA,"Marta Forsline","UC Davis Aggies","302","newcomer","none",NA
"fr_302_rebeccadonnelly",NA,"Rebecca Donnelly","UC Davis Aggies","302","newcomer","none",NA
"5174965","5174965","Sahana Kanagasabay","UC Davis Aggies","302","stats","id",NA
"5312803","5312803","Sophie Lentfer","UC Davis Aggies","302","stats","id",NA
"fr_302_taylorhicks",NA,"Taylor Hicks","UC Davis Aggies","302","newcomer","none",NA
"5176878","5176878","Tegan Young","UC Davis Aggies","302","stats","id",NA
"5176548","5176548","Theoni Tsami","UC Davis Aggies","302","stats","id",NA
"5107599","5107599","Ahrray Young","UC Irvine Anteaters","300","stats","id",NA
"fr_300_alleahhanson",NA,"Alleah Hanson","UC Irvine Anteaters","300","newcomer","none",NA
"5312796","5312796","Ameerah Grant","UC Irvine Anteaters","300","stats","id",NA
"5175963","5175963","Daniela Falcon Hernandez","UC Irvine Anteaters","300","stats","id",NA
"fr_300_delaneywhite",NA,"Delaney White","UC Irvine Anteaters","300","newcomer","none",NA
"fr_300_elleryburkebrown",NA,"Ellery Burke-Brown","UC Irvine Anteaters","300","newcomer","none",NA
"5108749","5108749","Gracie Gallegos","UC Irvine Anteaters","300","stats","id",NA
"5176550","5176550","Haley Hernandez","UC Irvine Anteaters","300","stats","id",NA
"4899725","4899725","Hunter Hernandez","UC Irvine Anteaters","300","stats","id",NA
"5240751","5240751","Lauryn Madsen","UC Irvine Anteaters","300","stats","id",NA
"5177946","5177946","Makiah Asidanya","UC Irvine Anteaters","300","stats","id",NA
"5312798","5312798","Nohe'alani Stores","UC Irvine Anteaters","300","stats","id",NA
"5240753","5240753","Reese Noa","UC Irvine Anteaters","300","stats","id",NA
"5241863","5241863","Sarah Miller","UC Irvine Anteaters","300","stats","id",NA
"5176551","5176551","Shirel Nahum","UC Irvine Anteaters","300","stats","id",NA
"5176489","5176489","Summah Hanson","UC Irvine Anteaters","300","stats","id",NA
"5177890","5177890","Aaliyah Stanton","UC Riverside Highlanders","27","stats","id",NA
"5314916","5314916","Amy Pateman","UC Riverside Highlanders","27","stats","id",NA
"fr_27_celestemack",NA,"Celeste Mack","UC Riverside Highlanders","27","newcomer","none",NA
"fr_27_dylantse",NA,"Dylan Tse","UC Riverside Highlanders","27","newcomer","none",NA
"fr_27_graecynparahi",NA,"Graecyn Parahi","UC Riverside Highlanders","27","newcomer","none",NA
"5315186","5315186","Harisa Mehmedovic","UC Riverside Highlanders","27","stats","id",NA
"5240775","5240775","Kaylani Polk","UC Riverside Highlanders","27","stats","id",NA
"fr_27_kyorilloyd",NA,"Kyori Lloyd","UC Riverside Highlanders","27","newcomer","none",NA
"5109405","5109405","London Gamble","UC Riverside Highlanders","27","stats","id",NA
"5312267","5312267","Lucia Moreno Tallon","UC Riverside Highlanders","27","stats","id",NA
"5312266","5312266","Maria Mejia","UC Riverside Highlanders","27","stats","id",NA
"5312808","5312808","Morgan Mack","UC Riverside Highlanders","27","stats","id",NA
"5312265","5312265","Taylor Swanson","UC Riverside Highlanders","27","stats","id",NA
"fr_28_alexandracummins",NA,"Alexandra Cummins","UC San Diego Tritons","28","newcomer","none",NA
"5177868","5177868","Allie Cummins","UC San Diego Tritons","28","stats","id",NA
"5239532","5239532","Coryn Watts","UC San Diego Tritons","28","stats","id",NA
"5177255","5177255","Dymonique Maxie","UC San Diego Tritons","28","stats","id",NA
"fr_28_emmacook",NA,"Emma Cook","UC San Diego Tritons","28","newcomer","none",NA
"5177876","5177876","Erin Condron","UC San Diego Tritons","28","stats","id",NA
"5239096","5239096","Jite Gbemuotor","UC San Diego Tritons","28","stats","id",NA
"5312254","5312254","Lev Feiman","UC San Diego Tritons","28","stats","id",NA
"fr_28_meganroberts",NA,"Megan Roberts","UC San Diego Tritons","28","newcomer","none",NA
"5312252","5312252","Michaela Fairwell","UC San Diego Tritons","28","stats","id",NA
"5312255","5312255","Niya Price","UC San Diego Tritons","28","stats","id",NA
"fr_28_noellemulvanny",NA,"Noelle Mulvanny","UC San Diego Tritons","28","newcomer","none",NA
"5107648","5107648","Rosa Smith","UC San Diego Tritons","28","stats","id",NA
"fr_28_sadiesin",NA,"Sadie Sin","UC San Diego Tritons","28","newcomer","none",NA
"5312253","5312253","Tatum Jones","UC San Diego Tritons","28","stats","id",NA
"fr_2540_avaalbanese",NA,"Ava Albanese","UC Santa Barbara Gauchos","2540","newcomer","none",NA
"5312248","5312248","Ava Rawlins","UC Santa Barbara Gauchos","2540","stats","id",NA
"fr_2540_charlottelipkin",NA,"Charlotte Lipkin","UC Santa Barbara Gauchos","2540","newcomer","none",NA
"5312249","5312249","Chauncey Andersen","UC Santa Barbara Gauchos","2540","stats","id",NA
"fr_2540_karismaflores",NA,"Karisma Flores","UC Santa Barbara Gauchos","2540","newcomer","none",NA
"rec_2540_karismalewis",NA,"Karisma Lewis","UC Santa Barbara Gauchos","2540","newcomer","recruit",NA
"5174931","5174931","Maddie Naro","UC Santa Barbara Gauchos","2540","stats","id",NA
"5240808","5240808","Mauriana Hashemian-Orr","UC Santa Barbara Gauchos","2540","stats","id",NA
"5312800","5312800","Naomy Zonzon-Huyghe","UC Santa Barbara Gauchos","2540","stats","id",NA
"5312877","5312877","Nicole Steiner","UC Santa Barbara Gauchos","2540","stats","id",NA
"5175968","5175968","Olivia Anderson","UC Santa Barbara Gauchos","2540","stats","id",NA
"fr_2540_sarahheyn",NA,"Sarah Heyn","UC Santa Barbara Gauchos","2540","newcomer","none",NA
"5177878","5177878","Zoe Borter","UC Santa Barbara Gauchos","2540","stats","id",NA
"5240707","5240707","Zoe Shaw","UC Santa Barbara Gauchos","2540","stats","id",NA
"5312440","5312440","Caitlyn Jones","UCF Knights","2116","stats","id",NA
"5175977","5175977","Candace Kpetikou","UCF Knights","2116","stats","id",NA
"5312745","5312745","Felicia Schölander","UCF Knights","2116","stats","id",NA
"fr_2116_jabrialindsey",NA,"Jabria Lindsey","UCF Knights","2116","newcomer","none",NA
"5240634","5240634","Jasmynne Gibson","UCF Knights","2116","stats","id",NA
"5241145","5241145","Jennica Suggs","UCF Knights","2116","stats","id",NA
"5314940","5314940","Kya Hurt","UCF Knights","2116","stats","id",NA
"5239479","5239479","Mahogany Chandler-Roberts","UCF Knights","2116","stats","id",NA
"fr_2116_mariacintas",NA,"Maria Cintas","UCF Knights","2116","newcomer","none",NA
"5136989","5136989","Mikayla Johnson","UCF Knights","2116","stats","id",NA
"5311697","5311697","Nyla McFadden","UCF Knights","2116","stats","id",NA
"fr_2116_salomeboyomokeedi",NA,"Salome Boyomo Keedi","UCF Knights","2116","newcomer","none",NA
"5174750","5174750","Vittoria Blasigh","UCF Knights","2116","stats","id",NA
"5175490","5175490","Addy Brown","UCLA Bruins","26","stats","id",NA
"5175937","5175937","Amanda Muse","UCLA Bruins","26","stats","id",NA
"5311719","5311719","Bonnie Deas","UCLA Bruins","26","stats","id",NA
"5311744","5311744","Christina Karamouzi","UCLA Bruins","26","stats","id",NA
"5175915","5175915","Donovyn Hunter","UCLA Bruins","26","stats","id",NA
"5239704","5239704","Elina Aarnisalo","UCLA Bruins","26","stats","id",NA
"4565508","4565508","KK Bransford","UCLA Bruins","26","stats","id",NA
"5311745","5311745","Lena Bilic","UCLA Bruins","26","stats","id",NA
"fr_26_linajerkovic",NA,"Lina Jerkovic","UCLA Bruins","26","newcomer","none",NA
"5311746","5311746","Sienna Betts","UCLA Bruins","26","stats","id",NA
"fr_26_somtookafor",NA,"Somto Okafor","UCLA Bruins","26","newcomer","none",NA
"5105734","5105734","Timea Gardiner","UCLA Bruins","26","stats","id",NA
"5239591","5239591","Allie Ziebell","UConn Huskies","41","stats","id",NA
"5174493","5174493","Ashlynn Shade","UConn Huskies","41","stats","id",NA
"5312306","5312306","Blanca Quiñonez","UConn Huskies","41","stats","id",NA
"5312308","5312308","Gandy Malou-Mamel","UConn Huskies","41","stats","id",NA
"5125264","5125264","Jana El Alfy","UConn Huskies","41","stats","id",NA
"fr_41_jovanapopovic",NA,"Jovana Popovic","UConn Huskies","41","newcomer","none",NA
"5239664","5239664","Kayleigh Heckel","UConn Huskies","41","stats","id",NA
"5312307","5312307","Kelis Fisher","UConn Huskies","41","stats","id",NA
"5174491","5174491","KK Arnold","UConn Huskies","41","stats","id",NA
"fr_41_marinedursus",NA,"Marine Dursus","UConn Huskies","41","newcomer","none",NA
"5239593","5239593","Morgan Cheli","UConn Huskies","41","stats","id",NA
"fr_41_oliviavukosa",NA,"Olivia Vukosa","UConn Huskies","41","newcomer","none",NA
"5239592","5239592","Sarah Strong","UConn Huskies","41","stats","id",NA
"fr_82_aniyahmckenzie",NA,"Aniyah McKenzie","UIC Flames","82","newcomer","none",NA
"fr_82_daniellebrooks",NA,"Danielle Brooks","UIC Flames","82","newcomer","none",NA
"fr_82_danyellelondon",NA,"Danyelle London","UIC Flames","82","newcomer","none",NA
"5178517","5178517","Evyn Carrier","UIC Flames","82","stats","id",NA
"5176145","5176145","Julia Coleman","UIC Flames","82","stats","id",NA
"5314972","5314972","London Walker-George","UIC Flames","82","stats","id",NA
"fr_82_lylakahrimanovic",NA,"Lyla Kahrimanovic","UIC Flames","82","newcomer","none",NA
"5242217","5242217","Magdalena Winter","UIC Flames","82","stats","id",NA
"fr_82_meccacrawford",NA,"Mecca Crawford","UIC Flames","82","newcomer","none",NA
"5177897","5177897","Nevaeh Foster","UIC Flames","82","stats","id",NA
"5240002","5240002","Salma Khedr","UIC Flames","82","stats","id",NA
"5314968","5314968","TuTu Clayton","UIC Flames","82","stats","id",NA
"5242507","5242507","Aiyanna Culver","UL Monroe Warhawks","2433","stats","id",NA
"5313834","5313834","Amani Williams","UL Monroe Warhawks","2433","stats","id",NA
"fr_2433_chardelterrell",NA,"Chardel Terrell","UL Monroe Warhawks","2433","newcomer","none",NA
"5106105","5106105","Destini Ward","UL Monroe Warhawks","2433","stats","id",NA
"5178539","5178539","Erin Henry","UL Monroe Warhawks","2433","stats","id",NA
"5313608","5313608","Kayla Lindsey","UL Monroe Warhawks","2433","stats","id",NA
"5315203","5315203","Kyla McBride","UL Monroe Warhawks","2433","stats","id",NA
"5313061","5313061","Kylee Hunt","UL Monroe Warhawks","2433","stats","id",NA
"fr_2433_leanadolny",NA,"Lea Nadolny","UL Monroe Warhawks","2433","newcomer","none",NA
"5315161","5315161","Nevaeh Scott","UL Monroe Warhawks","2433","stats","id",NA
"fr_2433_nuriamucongo",NA,"Nuria Mucongo","UL Monroe Warhawks","2433","newcomer","none",NA
"5315237","5315237","Roge'Ne' Hillard","UL Monroe Warhawks","2433","stats","none",NA
"fr_2433_summerfaleafa",NA,"Summer Faleafa","UL Monroe Warhawks","2433","newcomer","none",NA
"fr_2349_acholagok",NA,"Achol Agok","UMass Lowell River Hawks","2349","newcomer","none",NA
"5239971","5239971","Adna Halilbasic","UMass Lowell River Hawks","2349","stats","id",NA
"5240889","5240889","Carla Subirats","UMass Lowell River Hawks","2349","stats","id",NA
"fr_2349_heddahakanson",NA,"Hedda Hakanson","UMass Lowell River Hawks","2349","newcomer","none",NA
"fr_2349_izabellaasp",NA,"Izabella Asp","UMass Lowell River Hawks","2349","newcomer","none",NA
"fr_2349_kaylasolomon",NA,"Kayla Solomon","UMass Lowell River Hawks","2349","newcomer","none",NA
"5313526","5313526","Kiki Modeva","UMass Lowell River Hawks","2349","stats","id",NA
"fr_2349_klimentinamodeva",NA,"Klimentina Modeva","UMass Lowell River Hawks","2349","newcomer","none",NA
"fr_2349_kyliediaz",NA,"Kylie Diaz","UMass Lowell River Hawks","2349","newcomer","none",NA
"5174537","5174537","Maddie Rice","UMass Lowell River Hawks","2349","stats","id",NA
"fr_2349_milenalund",NA,"Milena Lund","UMass Lowell River Hawks","2349","newcomer","none",NA
"5240890","5240890","Nia Chima","UMass Lowell River Hawks","2349","stats","id",NA
"5313525","5313525","Tyanna Medina","UMass Lowell River Hawks","2349","stats","id",NA
"fr_2349_yazminedwards",NA,"Yazmin Edwards","UMass Lowell River Hawks","2349","newcomer","none",NA
"5175993","5175993","Alaina Williams","UMBC Retrievers","2378","stats","id",NA
"5178134","5178134","Alden Yergey","UMBC Retrievers","2378","stats","id",NA
"5240845","5240845","Angela Williams","UMBC Retrievers","2378","stats","id",NA
"fr_2378_cairoberson",NA,"Cai Roberson","UMBC Retrievers","2378","newcomer","none",NA
"5242505","5242505","Dagny Slomack","UMBC Retrievers","2378","stats","id",NA
"5108883","5108883","Gabby Scott","UMBC Retrievers","2378","stats","id",NA
"5313532","5313532","Heidi Williams","UMBC Retrievers","2378","stats","id",NA
"5106078","5106078","Jeanine Brandsma","UMBC Retrievers","2378","stats","id",NA
"5313533","5313533","Kennedy Austin","UMBC Retrievers","2378","stats","id",NA
"5313536","5313536","Maisie Crowley","UMBC Retrievers","2378","stats","id",NA
"5239430","5239430","Shariah Baynes","UMBC Retrievers","2378","stats","id",NA
"fr_2378_sydsutton",NA,"Syd Sutton","UMBC Retrievers","2378","newcomer","none",NA
"5109401","5109401","Tiara Bellamy","UMBC Retrievers","2378","stats","id",NA
"5242250","5242250","Amany Lopez","UNC Asheville Bulldogs","2427","stats","id",NA
"5314199","5314199","Amaya Shaw","UNC Asheville Bulldogs","2427","stats","id",NA
"5313858","5313858","Clementina Odom","UNC Asheville Bulldogs","2427","stats","id",NA
"5315670","5315670","Dariasia Pitts","UNC Asheville Bulldogs","2427","stats","id",NA
"5313855","5313855","Jamaria Freeman","UNC Asheville Bulldogs","2427","stats","id",NA
"fr_2427_laniciaparker",NA,"LaNicia Parker","UNC Asheville Bulldogs","2427","newcomer","none",NA
"5315751","5315751","Mercy Wamet","UNC Asheville Bulldogs","2427","stats","id",NA
"fr_2427_niyonnaasbelle",NA,"Niyonna Asbelle","UNC Asheville Bulldogs","2427","newcomer","none",NA
"5323686","5323686","Olivia Johnson","UNC Asheville Bulldogs","2427","stats","none",NA
"fr_2427_rileymilausnic",NA,"Riley Milausnic","UNC Asheville Bulldogs","2427","newcomer","none",NA
"fr_2427_sophiaross",NA,"Sophia Ross","UNC Asheville Bulldogs","2427","newcomer","none",NA
"5243260","5243260","Tre'Miyah Berry","UNC Asheville Bulldogs","2427","stats","id",NA
"fr_2427_tristanstoutermire",NA,"Tristan Stoutermire","UNC Asheville Bulldogs","2427","newcomer","none",NA
"fr_2430_amyjakpa",NA,"Amy Jakpa","UNC Greensboro Spartans","2430","newcomer","none",NA
"fr_2430_clarafelix",NA,"Clara Felix","UNC Greensboro Spartans","2430","newcomer","none",NA
"fr_2430_gloriatony",NA,"Gloria Tony","UNC Greensboro Spartans","2430","newcomer","none",NA
"5177945","5177945","Joelle Davis","UNC Greensboro Spartans","2430","stats","id",NA
"5243530","5243530","Kristina Rakotobe","UNC Greensboro Spartans","2430","stats","id",NA
"fr_2430_kylacantey",NA,"Kyla Cantey","UNC Greensboro Spartans","2430","newcomer","none",NA
"fr_2430_laneighscales",NA,"Laneigh Scales","UNC Greensboro Spartans","2430","newcomer","none",NA
"5315714","5315714","Leyla Minor","UNC Greensboro Spartans","2430","stats","id",NA
"fr_2430_marinakusanovic",NA,"Marina Kusanovic","UNC Greensboro Spartans","2430","newcomer","none",NA
"fr_2430_ninastavrov",NA,"Nina Stavrov","UNC Greensboro Spartans","2430","newcomer","none",NA
"fr_2430_rosesimpson",NA,"Rose Simpson","UNC Greensboro Spartans","2430","newcomer","none",NA
"5315716","5315716","Salimata Traore","UNC Greensboro Spartans","2430","stats","id",NA
"5315120","5315120","Savannah Robinson-Holmes","UNC Greensboro Spartans","2430","stats","id",NA
"fr_2430_sydneymurphy",NA,"Sydney Murphy","UNC Greensboro Spartans","2430","newcomer","none",NA
"fr_2430_tiarnachambersdesmond",NA,"Tiarna Chambers-Desmond","UNC Greensboro Spartans","2430","newcomer","none",NA
"fr_350_alvahagerstrom",NA,"Alva Hägerström","UNC Wilmington Seahawks","350","newcomer","none",NA
"5178215","5178215","Bella Toomey","UNC Wilmington Seahawks","350","stats","id",NA
"5312044","5312044","Ebbony Wilson","UNC Wilmington Seahawks","350","stats","id",NA
"fr_350_jazlynbowman",NA,"Jazlyn Bowman","UNC Wilmington Seahawks","350","newcomer","none",NA
"5178558","5178558","Kimmie Hicks","UNC Wilmington Seahawks","350","stats","id",NA
"5312777","5312777","Leah Keyes","UNC Wilmington Seahawks","350","stats","id",NA
"5175800","5175800","Loghan Johnson","UNC Wilmington Seahawks","350","stats","id",NA
"fr_350_morganwhite",NA,"Morgan White","UNC Wilmington Seahawks","350","newcomer","none",NA
"5108754","5108754","Naylee Cortes","UNC Wilmington Seahawks","350","stats","id",NA
"fr_350_promisenjoku",NA,"Promise Njoku","UNC Wilmington Seahawks","350","newcomer","none",NA
"5240304","5240304","Sienna Dauer","UNC Wilmington Seahawks","350","stats","id",NA
"fr_350_tiarathompson",NA,"Tiara Thompson","UNC Wilmington Seahawks","350","newcomer","none",NA
"fr_2439_avabergeson",NA,"Ava Bergeson","UNLV Lady Rebels","2439","newcomer","none",NA
"fr_2439_bergankinnebrew",NA,"Bergan Kinnebrew","UNLV Lady Rebels","2439","newcomer","none",NA
"5109818","5109818","Jasmyn Lott","UNLV Lady Rebels","2439","stats","id",NA
"fr_2439_jaylaconstant",NA,"Jayla Constant","UNLV Lady Rebels","2439","newcomer","none",NA
"fr_2439_keonnilewis",NA,"Keonni Lewis","UNLV Lady Rebels","2439","newcomer","none",NA
"5242661","5242661","Maia Rosarion","UNLV Lady Rebels","2439","stats","id",NA
"5107733","5107733","Marley Washenitz","UNLV Lady Rebels","2439","stats","id",NA
"5178158","5178158","Meadow Roland","UNLV Lady Rebels","2439","stats","id",NA
"5315013","5315013","Norah Moo","UNLV Lady Rebels","2439","stats","id",NA
"5178149","5178149","Sydni Summers","UNLV Lady Rebels","2439","stats","id",NA
"fr_2439_terriarussell",NA,"Terri'A Russell","UNLV Lady Rebels","2439","newcomer","none",NA
"fr_2439_tristanwilliams",NA,"Tristan Williams","UNLV Lady Rebels","2439","newcomer","none",NA
"5315200","5315200","Trystan James","UNLV Lady Rebels","2439","stats","id",NA
"5239667","5239667","Brooklyn Shamblin","USC Trojans","30","stats","id",NA
"5311754","5311754","Jazzy Davidson","USC Trojans","30","stats","id",NA
"5175946","5175946","JuJu Watkins","USC Trojans","30","stats","id",NA
"5239665","5239665","Kennedy Smith","USC Trojans","30","stats","id",NA
"5239663","5239663","Laura Williams","USC Trojans","30","stats","id",NA
"5311990","5311990","Pania Davis","USC Trojans","30","stats","id",NA
"5239662","5239662","Rian Forestier","USC Trojans","30","stats","id",NA
"5240754","5240754","Ryann Bennett","USC Trojans","30","stats","id",NA
"fr_30_saniyahhall",NA,"Saniyah Hall","USC Trojans","30","newcomer","none",NA
"fr_30_saraokeke",NA,"Sara Okeke","USC Trojans","30","newcomer","none",NA
"5331305","5331305","Sitaya Fagan","USC Trojans","30","stats","none",NA
"fr_250_ahniyahbennett",NA,"Ahniyah Bennett","UT Arlington Mavericks","250","newcomer","none",NA
"5175720","5175720","Amiyah Reynolds","UT Arlington Mavericks","250","stats","id",NA
"fr_250_avaraymond",NA,"Ava Raymond","UT Arlington Mavericks","250","newcomer","none",NA
"fr_250_chelseabishop",NA,"Chelsea Bishop","UT Arlington Mavericks","250","newcomer","none",NA
"5175718","5175718","Faith Carson","UT Arlington Mavericks","250","stats","id",NA
"fr_250_journeehampton",NA,"Journee Hampton","UT Arlington Mavericks","250","newcomer","none",NA
"fr_250_katelynbrinkley",NA,"Katelyn Brinkley","UT Arlington Mavericks","250","newcomer","none",NA
"fr_250_keshantigordon",NA,"Keshanti Gordon","UT Arlington Mavericks","250","newcomer","none",NA
"5263811","5263811","Liz Murphy","UT Arlington Mavericks","250","stats","id",NA
"5175522","5175522","Miraya Perkins","UT Arlington Mavericks","250","stats","id",NA
"5312983","5312983","Morane Dossou","UT Arlington Mavericks","250","stats","id",NA
"5241088","5241088","Nisaa Muhammad","UT Arlington Mavericks","250","stats","id",NA
"fr_2630_alorianstory",NA,"Alorian Story","UT Martin Skyhawks","2630","newcomer","none",NA
"fr_2630_angelamirkovic",NA,"Angela Mirkovic","UT Martin Skyhawks","2630","newcomer","none",NA
"5108967","5108967","Chloe Chard Peloquin","UT Martin Skyhawks","2630","stats","id",NA
"fr_2630_curneshataylor",NA,"Curnesha Taylor","UT Martin Skyhawks","2630","newcomer","none",NA
"5315637","5315637","Kennedy Horton","UT Martin Skyhawks","2630","stats","id",NA
"fr_2630_lilyespelet",NA,"Lily Espelet","UT Martin Skyhawks","2630","newcomer","none",NA
"fr_2630_madelinepenney",NA,"Madeline Penney","UT Martin Skyhawks","2630","newcomer","none",NA
"fr_2630_mimilazarevic",NA,"Mimi Lazarevic","UT Martin Skyhawks","2630","newcomer","none",NA
"fr_2630_nakayjahholman",NA,"Na'Kayjah Holman","UT Martin Skyhawks","2630","newcomer","none",NA
"5315638","5315638","Sidni Middleton","UT Martin Skyhawks","2630","stats","id",NA
"fr_2630_sophiechardpeloquin",NA,"Sophie Chard Peloquin","UT Martin Skyhawks","2630","newcomer","none",NA
"5312958","5312958","Tyler Jones","UT Martin Skyhawks","2630","stats","id",NA
"5314984","5314984","Bhret Clay","UT Rio Grande Valley Vaqueros","292","stats","id",NA
"5315089","5315089","Chazlyn Dettor","UT Rio Grande Valley Vaqueros","292","stats","id",NA
"5315093","5315093","Elise Horne","UT Rio Grande Valley Vaqueros","292","stats","id",NA
"5241969","5241969","Elizabeth Romer","UT Rio Grande Valley Vaqueros","292","stats","id",NA
"5312750","5312750","Emily Hunter","UT Rio Grande Valley Vaqueros","292","stats","id",NA
"5108609","5108609","Erin Maguire","UT Rio Grande Valley Vaqueros","292","stats","id",NA
"5241968","5241968","Gianna Angiolet","UT Rio Grande Valley Vaqueros","292","stats","id",NA
"5107573","5107573","Janette Aarnio","UT Rio Grande Valley Vaqueros","292","stats","id",NA
"fr_292_jessicaborders",NA,"Jessica Borders","UT Rio Grande Valley Vaqueros","292","newcomer","none",NA
"5243622","5243622","Jesslynn Jalomo","UT Rio Grande Valley Vaqueros","292","stats","id",NA
"5315780","5315780","Kamryn McLaurin","UT Rio Grande Valley Vaqueros","292","stats","id",NA
"5175485","5175485","Kierra Merchant","UT Rio Grande Valley Vaqueros","292","stats","id",NA
"fr_292_linafimbo",NA,"Lina Fimbo","UT Rio Grande Valley Vaqueros","292","newcomer","none",NA
"5178502","5178502","Madison Huhn","UT Rio Grande Valley Vaqueros","292","stats","id",NA
"5106161","5106161","Praise Egharevba","UT Rio Grande Valley Vaqueros","292","stats","id",NA
"5315095","5315095","Rylie Whitehair","UT Rio Grande Valley Vaqueros","292","stats","id",NA
"5315710","5315710","Trinity Bane","UT Rio Grande Valley Vaqueros","292","stats","id",NA
"5105747","5105747","Aaliyah Gayles","Utah State Aggies","328","stats","id",NA
"5315286","5315286","Aitana Rosello Lopez","Utah State Aggies","328","stats","id",NA
"5315288","5315288","Bella Cosme","Utah State Aggies","328","stats","id",NA
"5239061","5239061","Danika Galea","Utah State Aggies","328","stats","id",NA
"5321714","5321714","Kylani Rookstool","Utah State Aggies","328","stats","none",NA
"5175730","5175730","Lisa Thompson","Utah State Aggies","328","stats","id",NA
"5315291","5315291","Macie Brown","Utah State Aggies","328","stats","id",NA
"5315287","5315287","Paloma Munoz Herreros","Utah State Aggies","328","stats","id",NA
"5312721","5312721","Sami Mancini","Utah State Aggies","328","stats","id",NA
"fr_3101_alyssabowen",NA,"Alyssa Bowen","Utah Tech Trailblazers","3101","newcomer","none",NA
"5315175","5315175","Aubrey Cook","Utah Tech Trailblazers","3101","stats","id",NA
"5242479","5242479","Ava Smith","Utah Tech Trailblazers","3101","stats","id",NA
"fr_3101_calynwood",NA,"Calyn Wood","Utah Tech Trailblazers","3101","newcomer","none",NA
"fr_3101_ellaseymore",NA,"Ella Seymore","Utah Tech Trailblazers","3101","newcomer","none",NA
"fr_3101_evawoodward",NA,"Eva Woodward","Utah Tech Trailblazers","3101","newcomer","none",NA
"fr_3101_gabbygomez",NA,"Gabby Gomez","Utah Tech Trailblazers","3101","newcomer","none",NA
"fr_3101_kendalldykstra",NA,"Kendall Dykstra","Utah Tech Trailblazers","3101","newcomer","none",NA
"fr_3101_kyaravargas",NA,"Kyara Vargas","Utah Tech Trailblazers","3101","newcomer","none",NA
"fr_3101_macihess",NA,"Maci Hess","Utah Tech Trailblazers","3101","newcomer","none",NA
"fr_3101_maiarhay",NA,"Maia Rhay","Utah Tech Trailblazers","3101","newcomer","none",NA
"fr_3101_savannahstoker",NA,"Savannah Stoker","Utah Tech Trailblazers","3101","newcomer","none",NA
"5241970","5241970","Sophia Zufelt","Utah Tech Trailblazers","3101","stats","id",NA
"5107846","5107846","Chyra Evans","Utah Utes","254","stats","id",NA
"5242484","5242484","Elise Livingston","Utah Utes","254","stats","id",NA
"5311814","5311814","Ella Todd","Utah Utes","254","stats","none",NA
"fr_254_emmapetrie",NA,"Emma Petrie","Utah Utes","254","newcomer","none",NA
"5311813","5311813","Evelina Otto","Utah Utes","254","stats","id",NA
"5107944","5107944","Filipa Barros","Utah Utes","254","stats","id",NA
"5239496","5239496","Kamryn Mafua","Utah Utes","254","stats","id",NA
"5175747","5175747","Laia Conesa","Utah Utes","254","stats","id",NA
"5312751","5312751","Lena Girardi","Utah Utes","254","stats","id",NA
"fr_254_milikasatuala",NA,"Milika Satuala","Utah Utes","254","newcomer","none",NA
"5177879","5177879","Olivia Bradley","Utah Utes","254","stats","id",NA
"rec_254_peytonjones",NA,"Peyton Jones","Utah Utes","254","newcomer","recruit",NA
"fr_254_ryleelittle",NA,"Rylee Little","Utah Utes","254","newcomer","none",NA
"5315517","5315517","Anna Shreeve","Utah Valley Wolverines","3084","stats","id",NA
"5241806","5241806","Cambree Blackham","Utah Valley Wolverines","3084","stats","id",NA
"5240223","5240223","Elizabeth Gentry","Utah Valley Wolverines","3084","stats","id",NA
"5315519","5315519","Evie Leeson","Utah Valley Wolverines","3084","stats","id",NA
"fr_3084_gabimoultrie",NA,"Gabi Moultrie","Utah Valley Wolverines","3084","newcomer","none",NA
"fr_3084_graciejohnson",NA,"Gracie Johnson","Utah Valley Wolverines","3084","newcomer","none",NA
"fr_3084_kendrakitchen",NA,"Kendra Kitchen","Utah Valley Wolverines","3084","newcomer","none",NA
"fr_3084_laurenjohnson",NA,"Lauren Johnson","Utah Valley Wolverines","3084","newcomer","none",NA
"fr_3084_marenmckenna",NA,"Maren McKenna","Utah Valley Wolverines","3084","newcomer","none",NA
"5239445","5239445","Naia Tanuvasa","Utah Valley Wolverines","3084","stats","id",NA
"fr_3084_oliviastephens",NA,"Olivia Stephens","Utah Valley Wolverines","3084","newcomer","none",NA
"fr_3084_tabiclark",NA,"Tabi Clark","Utah Valley Wolverines","3084","newcomer","none",NA
"5313017","5313017","Aolani Woldai","UTEP Miners","2638","stats","id",NA
"fr_2638_apostoliazormpala",NA,"Apostolia Zormpala","UTEP Miners","2638","newcomer","none",NA
"fr_2638_armandasindalawa",NA,"Armanda Sindalawa","UTEP Miners","2638","newcomer","none",NA
"fr_2638_armindajoaquim",NA,"Arminda Joaquim","UTEP Miners","2638","newcomer","none",NA
"fr_2638_charlottealdridge",NA,"Charlotte Aldridge","UTEP Miners","2638","newcomer","none",NA
"fr_2638_dilanguecruz",NA,"Dilangue Cruz","UTEP Miners","2638","newcomer","none",NA
"fr_2638_isabeljoao",NA,"Isabel Joao","UTEP Miners","2638","newcomer","none",NA
"fr_2638_kobejohnson",NA,"Kobe Johnson","UTEP Miners","2638","newcomer","none",NA
"fr_2638_kristalukasevica",NA,"Krista Lukasevica","UTEP Miners","2638","newcomer","none",NA
"5239992","5239992","Mary Moses Amaniyo","UTEP Miners","2638","stats","id",NA
"5313015","5313015","Tatiana Collazo","UTEP Miners","2638","stats","id",NA
"fr_2638_zainabolalekan",NA,"Zainab Olalekan","UTEP Miners","2638","newcomer","none",NA
"5315341","5315341","Adriana Robles","UTSA Roadrunners","2636","stats","id",NA
"fr_2636_amayamcdonald",NA,"Amaya McDonald","UTSA Roadrunners","2636","newcomer","none",NA
"5240953","5240953","Damara Allen","UTSA Roadrunners","2636","stats","id",NA
"5175421","5175421","Idara Udo","UTSA Roadrunners","2636","stats","id",NA
"fr_2636_janaros",NA,"Jana Ros","UTSA Roadrunners","2636","newcomer","none",NA
"5326279","5326279","Marie Han","UTSA Roadrunners","2636","stats","id",NA
"5240954","5240954","Mia Hammonds","UTSA Roadrunners","2636","stats","id",NA
"fr_2636_rihyanakinsey",NA,"Rihyana Kinsey","UTSA Roadrunners","2636","newcomer","none",NA
"5315340","5315340","Sanaa Bean","UTSA Roadrunners","2636","stats","id",NA
"5314974","5314974","Allia von Schlegell","Valparaiso Beacons","2674","stats","id",NA
"5314976","5314976","Autumn Dibb","Valparaiso Beacons","2674","stats","id",NA
"fr_2674_constanzaaravena",NA,"Constanza Aravena","Valparaiso Beacons","2674","newcomer","none",NA
"fr_2674_daniguedet",NA,"Dani Guedet","Valparaiso Beacons","2674","newcomer","none",NA
"fr_2674_denzaallen",NA,"Denza Allen","Valparaiso Beacons","2674","newcomer","none",NA
"5241142","5241142","Hillary Offing","Valparaiso Beacons","2674","stats","id",NA
"5314975","5314975","Isabella Anderson","Valparaiso Beacons","2674","stats","id",NA
"fr_2674_jananogues",NA,"Jana Nogues","Valparaiso Beacons","2674","newcomer","none",NA
"5242012","5242012","Kylee Norkus","Valparaiso Beacons","2674","stats","id",NA
"5107753","5107753","Maddie Vejsicky","Valparaiso Beacons","2674","stats","id",NA
"5239993","5239993","Osadebamwen Igbinedion Omoruyi","Valparaiso Beacons","2674","stats","id",NA
"5174269","5174269","Aalyah Del Rosario","Vanderbilt Commodores","238","stats","id",NA
"5174310","5174310","Aiyana Mitchell","Vanderbilt Commodores","238","stats","id",NA
"5311546","5311546","Aubrey Galvan","Vanderbilt Commodores","238","stats","id",NA
"fr_238_jhaijohnson",NA,"Jhai Johnson","Vanderbilt Commodores","238","newcomer","none",NA
"5174307","5174307","Madison Greene","Vanderbilt Commodores","238","stats","id",NA
"5239076","5239076","Mia Woolfolk","Vanderbilt Commodores","238","stats","id",NA
"5239107","5239107","Mikayla Blakes","Vanderbilt Commodores","238","stats","id",NA
"5311548","5311548","Monique Williams","Vanderbilt Commodores","238","stats","id",NA
"rec_238_oliviajones",NA,"Olivia Jones","Vanderbilt Commodores","238","newcomer","recruit",NA
"fr_238_stherubaka",NA,"Sther Ubaka","Vanderbilt Commodores","238","newcomer","none",NA
"5239108","5239108","Trinity Wilson","Vanderbilt Commodores","238","stats","id",NA
"5243322","5243322","Vernell Atamah","Vanderbilt Commodores","238","stats","id",NA
"5177221","5177221","Ann Zachariah","VCU Rams","2670","stats","id",NA
"5240700","5240700","Cyriah Griffin","VCU Rams","2670","stats","id",NA
"5315305","5315305","Daija Preston","VCU Rams","2670","stats","id",NA
"5315308","5315308","Laia Crespín","VCU Rams","2670","stats","id",NA
"4704867","4704867","Lexi Fleming","VCU Rams","2670","stats","id",NA
"5174402","5174402","Lucía Sotelo","VCU Rams","2670","stats","id",NA
"5178468","5178468","Lucy Ghaifan","VCU Rams","2670","stats","id",NA
"5178156","5178156","Macy Spencer","VCU Rams","2670","stats","id",NA
"5315306","5315306","Patricia Augustin","VCU Rams","2670","stats","id",NA
"5177755","5177755","Arantxa Portalez","Vermont Catamounts","261","stats","id",NA
"4898987","4898987","Catherine Gilwee","Vermont Catamounts","261","stats","id",NA
"5240891","5240891","Emma Haan","Vermont Catamounts","261","stats","id",NA
"5313537","5313537","Jacklynn Hosier","Vermont Catamounts","261","stats","id",NA
"5313540","5313540","Lia Hanson","Vermont Catamounts","261","stats","id",NA
"fr_261_maisiekeyes",NA,"Maisie Keyes","Vermont Catamounts","261","newcomer","none",NA
"5174549","5174549","Malia Lenz","Vermont Catamounts","261","stats","id",NA
"5313538","5313538","Maren Maxon","Vermont Catamounts","261","stats","id",NA
"fr_261_mejajaegerskog",NA,"Meja Jaegerskog","Vermont Catamounts","261","newcomer","none",NA
"5245558","5245558","Meja Jägerskog","Vermont Catamounts","261","stats","id",NA
"fr_261_netamayshar",NA,"Neta Mayshar","Vermont Catamounts","261","newcomer","none",NA
"5240894","5240894","Piper Risdon","Vermont Catamounts","261","stats","id",NA
"5240897","5240897","Savanna Creal","Vermont Catamounts","261","stats","id",NA
"fr_261_siennapapanastasiouthomas",NA,"Sienna Papanastasiou-Thomas","Vermont Catamounts","261","newcomer","none",NA
"fr_222_alexiseberz",NA,"Alexis Eberz","Villanova Wildcats","222","newcomer","none",NA
"5178121","5178121","Anna Foley","Villanova Wildcats","222","stats","id",NA
"5312736","5312736","Brooke Bender","Villanova Wildcats","222","stats","id",NA
"5174764","5174764","Brynn McCurry","Villanova Wildcats","222","stats","id",NA
"5240246","5240246","Dani Ceseretti","Villanova Wildcats","222","stats","id",NA
"5312735","5312735","Elise Bender","Villanova Wildcats","222","stats","none",NA
"fr_222_janetoriakhi",NA,"Janet Oriakhi","Villanova Wildcats","222","newcomer","none",NA
"5240245","5240245","Jasmine Bascoe","Villanova Wildcats","222","stats","id",NA
"5175489","5175489","Kelsey Joens","Villanova Wildcats","222","stats","id",NA
"5312737","5312737","Kennedy Henry","Villanova Wildcats","222","stats","id",NA
"5343112","5343112","Miky Panait","Villanova Wildcats","222","stats","none",NA
"5240247","5240247","Rachel Wirts","Villanova Wildcats","222","stats","id",NA
"5238296","5238296","Simone Pelish","Villanova Wildcats","222","stats","id",NA
"5239477","5239477","Adeang Ring","Virginia Cavaliers","258","stats","id",NA
"5238318","5238318","Breona Hurd","Virginia Cavaliers","258","stats","id",NA
"5311711","5311711","Caterina Piatti","Virginia Cavaliers","258","stats","id",NA
"fr_258_emiliebrzonova",NA,"Emilie Brzonova","Virginia Cavaliers","258","newcomer","none",NA
"fr_258_ericagribble",NA,"Erica Gribble","Virginia Cavaliers","258","newcomer","none",NA
"5239058","5239058","Eris Lester","Virginia Cavaliers","258","stats","id",NA
"5174265","5174265","Janae Walker","Virginia Cavaliers","258","stats","id",NA
"5174436","5174436","Kymora Johnson","Virginia Cavaliers","258","stats","id",NA
"fr_258_lylacoogen",NA,"Lyla Coogen","Virginia Cavaliers","258","newcomer","none",NA
"5107544","5107544","Mary-Anna Asare","Virginia Cavaliers","258","stats","id",NA
"5174434","5174434","Olivia McGhee","Virginia Cavaliers","258","stats","id",NA
"fr_258_sintijaaukstikalnyte",NA,"Sintija Aukštikalnytė","Virginia Cavaliers","258","newcomer","none",NA
"4698733","4698733","Tabitha Amanze","Virginia Cavaliers","258","stats","id",NA
"5174433","5174433","Alyssa Latham","Virginia Tech Hokies","259","stats","id",NA
"5312437","5312437","Amani Jenkins","Virginia Tech Hokies","259","stats","id",NA
"5312438","5312438","Aniya Trent","Virginia Tech Hokies","259","stats","id",NA
"fr_259_ariannaharrismott",NA,"Arianna Harris-Mott","Virginia Tech Hokies","259","newcomer","none",NA
"4683000","4683000","Carleigh Wenzel","Virginia Tech Hokies","259","stats","id",NA
"fr_259_francescabaldassarre",NA,"Francesca Baldassarre","Virginia Tech Hokies","259","newcomer","none",NA
"fr_259_jessicadimaro",NA,"Jessica Dimaro","Virginia Tech Hokies","259","newcomer","none",NA
"fr_259_kaleoanderson",NA,"Kaleo Anderson","Virginia Tech Hokies","259","newcomer","none",NA
"rp_259_katesears",NA,"Kate Sears","Virginia Tech Hokies","259","newcomer","none",NA
"5311571","5311571","Lauren Hurst","Virginia Tech Hokies","259","stats","id",NA
"5238319","5238319","Leila Wells","Virginia Tech Hokies","259","stats","id",NA
"fr_259_nataleegoff",NA,"Natalee Goff","Virginia Tech Hokies","259","newcomer","none",NA
"5174441","5174441","Samyha Suffren","Virginia Tech Hokies","259","stats","id",NA
"fr_2681_agathaagba",NA,"Agatha Agba","Wagner Seahawks","2681","newcomer","none",NA
"5315328","5315328","Alivia Landy","Wagner Seahawks","2681","stats","id",NA
"fr_2681_amaoforiboampong",NA,"Ama Ofori Boampong","Wagner Seahawks","2681","newcomer","none",NA
"fr_2681_averyblue",NA,"Avery Blue","Wagner Seahawks","2681","newcomer","none",NA
"fr_2681_fatifall",NA,"Fati Fall","Wagner Seahawks","2681","newcomer","none",NA
"5315326","5315326","Jada Johnson","Wagner Seahawks","2681","stats","id",NA
"fr_2681_jannadauer",NA,"Janna Dauer","Wagner Seahawks","2681","newcomer","none",NA
"5242489","5242489","Lana Beslic","Wagner Seahawks","2681","stats","id",NA
"fr_2681_laylamapp",NA,"Layla Mapp","Wagner Seahawks","2681","newcomer","none",NA
"fr_2681_nahiaesnaola",NA,"Nahia Esnaola","Wagner Seahawks","2681","newcomer","none",NA
"5315327","5315327","Saioa San Francisco","Wagner Seahawks","2681","stats","id",NA
"5314918","5314918","Sophia Priestley","Wagner Seahawks","2681","stats","id",NA
"5242476","5242476","Stella Sgro","Wagner Seahawks","2681","stats","id",NA
"fr_2681_syliavigka",NA,"Sylia Vigka","Wagner Seahawks","2681","newcomer","none",NA
"5242202","5242202","Ternadoo Agatha Agba","Wagner Seahawks","2681","stats","id",NA
"fr_154_adoranwude",NA,"Adora Nwude","Wake Forest Demon Deacons","154","newcomer","none",NA
"fr_154_alexiscashdollar",NA,"Alexis Cashdollar","Wake Forest Demon Deacons","154","newcomer","none",NA
"5238323","5238323","Aurora Sorbye","Wake Forest Demon Deacons","154","stats","id",NA
"5107533","5107533","Breauna Ware","Wake Forest Demon Deacons","154","stats","id",NA
"5312443","5312443","Grace Galbavy","Wake Forest Demon Deacons","154","stats","id",NA
"fr_154_helenadanielewicz",NA,"Helena Danielewicz","Wake Forest Demon Deacons","154","newcomer","none",NA
"5174445","5174445","Madisyn Jordan","Wake Forest Demon Deacons","154","stats","id",NA
"5175904","5175904","Mary Carter","Wake Forest Demon Deacons","154","stats","id",NA
"5312442","5312442","Opal Bird","Wake Forest Demon Deacons","154","stats","id",NA
"fr_154_oshaunaholland",NA,"Oshauna Holland","Wake Forest Demon Deacons","154","newcomer","none",NA
"5175483","5175483","Ramiyah Byrd","Wake Forest Demon Deacons","154","stats","id",NA
"5312441","5312441","Savannah Metcalfe","Wake Forest Demon Deacons","154","stats","id",NA
"rec_264_amayahgarcia",NA,"Amayah Garcia","Washington Huskies","264","newcomer","recruit",NA
"5239666","5239666","Avery Howell","Washington Huskies","264","stats","id",NA
"5242455","5242455","Brooke Carlson","Washington Huskies","264","stats","id",NA
"5311756","5311756","Brynn McGaughy","Washington Huskies","264","stats","id",NA
"5311755","5311755","Daniella McLean","Washington Huskies","264","stats","none",NA
"5240010","5240010","Devin Coppinger","Washington Huskies","264","stats","id",NA
"5311619","5311619","Kaelyn Carroll","Washington Huskies","264","stats","id",NA
"5311757","5311757","Nina Cain","Washington Huskies","264","stats","id",NA
"5175965","5175965","Sayvia Sellers","Washington Huskies","264","stats","id",NA
"5238301","5238301","Tilda Trygger","Washington Huskies","264","stats","id",NA
"fr_265_aichabah",NA,"Aicha Bah","Washington State Cougars","265","newcomer","none",NA
"5175979","5175979","Alex Covill","Washington State Cougars","265","stats","id",NA
"5241568","5241568","Charlotte Abraham","Washington State Cougars","265","stats","id",NA
"5175978","5175978","Eleonora Villa","Washington State Cougars","265","stats","id",NA
"5312412","5312412","Elizaveta Filchagina","Washington State Cougars","265","stats","id",NA
"fr_265_gianellaespadale",NA,"Gianella Espadale","Washington State Cougars","265","newcomer","none",NA
"fr_265_lizzyfilchagina",NA,"Lizzy Filchagina","Washington State Cougars","265","newcomer","none",NA
"5177896","5177896","Mackenzie Chatfield","Washington State Cougars","265","stats","id",NA
"5313393","5313393","Malia Ruud","Washington State Cougars","265","stats","id",NA
"5313390","5313390","Malvina Haziri","Washington State Cougars","265","stats","id",NA
"fr_265_reesejordan",NA,"Reese Jordan","Washington State Cougars","265","newcomer","none",NA
"5313391","5313391","Tahara Magassa","Washington State Cougars","265","stats","none",NA
"5313392","5313392","Tanja Valancic","Washington State Cougars","265","stats","id",NA
"5175996","5175996","Adria Lincoln","Weber State Wildcats","2692","stats","id",NA
"fr_2692_berkleyhart",NA,"Berkley Hart","Weber State Wildcats","2692","newcomer","none",NA
"5107676","5107676","Draya Wacker","Weber State Wildcats","2692","stats","id",NA
"5312752","5312752","Favour Onoh","Weber State Wildcats","2692","stats","id",NA
"5315656","5315656","Grace Hintz","Weber State Wildcats","2692","stats","id",NA
"5109760","5109760","Hannah Robbins","Weber State Wildcats","2692","stats","id",NA
"fr_2692_izabellajuarez",NA,"Izabella Juarez","Weber State Wildcats","2692","newcomer","none",NA
"5175513","5175513","Nicole Willardson","Weber State Wildcats","2692","stats","id",NA
"5177269","5177269","Paris Lauro","Weber State Wildcats","2692","stats","id",NA
"5108347","5108347","Siena Guttadauro","Weber State Wildcats","2692","stats","id",NA
"5175540","5175540","Sydney White","Weber State Wildcats","2692","stats","id",NA
"fr_2698_areillemarc",NA,"Areille Marc","West Georgia Wolves","2698","newcomer","none",NA
"5181594","5181594","Grace O'Gara","West Georgia Wolves","2698","stats","id",NA
"fr_2698_jaylarankin",NA,"Jayla Rankin","West Georgia Wolves","2698","newcomer","none",NA
"fr_2698_kobibarnes",NA,"Kobi Barnes","West Georgia Wolves","2698","newcomer","none",NA
"fr_2698_liyahwilliams",NA,"Liyah Williams","West Georgia Wolves","2698","newcomer","none",NA
"5178196","5178196","Meghan Gentile","West Georgia Wolves","2698","stats","id",NA
"5315199","5315199","Ongolea Afu","West Georgia Wolves","2698","stats","id",NA
"5240650","5240650","Sydne Tolbert","West Georgia Wolves","2698","stats","id",NA
"5311508","5311508","Alexis Bordas","West Virginia Mountaineers","277","stats","id",NA
"fr_277_chantemurray",NA,"Chanté Murray","West Virginia Mountaineers","277","newcomer","none",NA
"fr_277_divinetumba",NA,"Divine Tumba","West Virginia Mountaineers","277","newcomer","none",NA
"4607456","4607456","Gia Cooke","West Virginia Mountaineers","277","stats","id",NA
"5175685","5175685","Hawa Doumbouya","West Virginia Mountaineers","277","stats","id",NA
"4683156","4683156","Kate Hollifield","West Virginia Mountaineers","277","stats","id",NA
"5242511","5242511","Kayla Mount","West Virginia Mountaineers","277","stats","id",NA
"5174358","5174358","Kennedy Harris","West Virginia Mountaineers","277","stats","id",NA
"5175812","5175812","Khyala Ngodu","West Virginia Mountaineers","277","stats","id",NA
"5311809","5311809","Madison Parrish","West Virginia Mountaineers","277","stats","id",NA
"5108570","5108570","Marya Hudgins","West Virginia Mountaineers","277","stats","id",NA
"5312406","5312406","Nylah Wilson","West Virginia Mountaineers","277","stats","id",NA
"5175019","5175019","Skylar Forbes","West Virginia Mountaineers","277","stats","id",NA
"5107451","5107451","Zahirah Walton","West Virginia Mountaineers","277","stats","id",NA
"5174741","5174741","Ally Hollifield","Western Carolina Catamounts","2717","stats","id",NA
"fr_2717_avajarrett",NA,"Ava Jarrett","Western Carolina Catamounts","2717","newcomer","none",NA
"fr_2717_camrihobbs",NA,"Camri Hobbs","Western Carolina Catamounts","2717","newcomer","none",NA
"5315719","5315719","Ellie Richardson","Western Carolina Catamounts","2717","stats","id",NA
"fr_2717_finleyvanbree",NA,"Finley Van Bree","Western Carolina Catamounts","2717","newcomer","none",NA
"5315723","5315723","Justice Zimmerman","Western Carolina Catamounts","2717","stats","id",NA
"fr_2717_myasiayoung",NA,"My'Asia Young","Western Carolina Catamounts","2717","newcomer","none",NA
"5315720","5315720","Riley Price","Western Carolina Catamounts","2717","stats","id",NA
"fr_2717_tinabowers",NA,"Tina Bowers","Western Carolina Catamounts","2717","newcomer","none",NA
"5178452","5178452","Ainsley Holthaus","Western Illinois Leathernecks","2710","stats","id",NA
"fr_2710_jaelynjones",NA,"Jaelyn Jones","Western Illinois Leathernecks","2710","newcomer","none",NA
"5242704","5242704","Katelyn Eggena","Western Illinois Leathernecks","2710","stats","id",NA
"5178454","5178454","Kaylen Reed","Western Illinois Leathernecks","2710","stats","id",NA
"5242703","5242703","Kennedy Herrig","Western Illinois Leathernecks","2710","stats","id",NA
"5242701","5242701","Madison Davis","Western Illinois Leathernecks","2710","stats","id",NA
"fr_2710_melainagranquist",NA,"Melaina Granquist","Western Illinois Leathernecks","2710","newcomer","none",NA
"fr_2710_myarobinson",NA,"Mya Robinson","Western Illinois Leathernecks","2710","newcomer","none",NA
"fr_2710_myleestiefel",NA,"Mylee Stiefel","Western Illinois Leathernecks","2710","newcomer","none",NA
"5242702","5242702","Shelby Bowman","Western Illinois Leathernecks","2710","stats","id",NA
"5315653","5315653","Sidney Skrobot","Western Illinois Leathernecks","2710","stats","id",NA
"fr_98_avamoore",NA,"Ava Moore","Western Kentucky Lady Toppers","98","newcomer","none",NA
"fr_98_elisecoleman",NA,"Elise Coleman","Western Kentucky Lady Toppers","98","newcomer","none",NA
"5240225","5240225","Ellery Minch","Western Kentucky Lady Toppers","98","stats","id",NA
"5313020","5313020","Enni Ahervuo","Western Kentucky Lady Toppers","98","stats","id",NA
"5240170","5240170","Hayven Smith","Western Kentucky Lady Toppers","98","stats","id",NA
"fr_98_jamilaray",NA,"Jamila Ray","Western Kentucky Lady Toppers","98","newcomer","none",NA
"5315235","5315235","Kamille Brown","Western Kentucky Lady Toppers","98","stats","id",NA
"5313018","5313018","Lola Bond","Western Kentucky Lady Toppers","98","stats","id",NA
"fr_98_mafaldafontan",NA,"Mafalda Fontan","Western Kentucky Lady Toppers","98","newcomer","none",NA
"5239999","5239999","Tatum Boettjer","Western Kentucky Lady Toppers","98","stats","id",NA
"5239998","5239998","Torri James","Western Kentucky Lady Toppers","98","stats","id",NA
"5241101","5241101","Trinity Rowe","Western Kentucky Lady Toppers","98","stats","id",NA
"5242220","5242220","Alli Harness","Western Michigan Broncos","2711","stats","id",NA
"fr_2711_avarodriguez",NA,"Ava Rodriguez","Western Michigan Broncos","2711","newcomer","none",NA
"fr_2711_caseyvyverman",NA,"Casey Vyverman","Western Michigan Broncos","2711","newcomer","none",NA
"fr_2711_emilyvantimmeren",NA,"Emily Van Timmeren","Western Michigan Broncos","2711","newcomer","none",NA
"5240173","5240173","Faith Wiseman","Western Michigan Broncos","2711","stats","id",NA
"fr_2711_isabellamiljkovic",NA,"Isabella Miljkovic","Western Michigan Broncos","2711","newcomer","none",NA
"5241110","5241110","Kailey Starks","Western Michigan Broncos","2711","stats","id",NA
"fr_2711_kaylynbuchanon",NA,"Kaylyn Buchanon","Western Michigan Broncos","2711","newcomer","none",NA
"fr_2711_mayrevah",NA,"May Revah","Western Michigan Broncos","2711","newcomer","none",NA
"5178518","5178518","Nile Muguira Orbe","Western Michigan Broncos","2711","stats","id",NA
"fr_2711_vanessarodriguez",NA,"Vanessa Rodriguez","Western Michigan Broncos","2711","newcomer","none",NA
"fr_2724_aaliyahbroadus",NA,"Aaliyah Broadus","Wichita State Shockers","2724","newcomer","none",NA
"fr_2724_alexisleyva",NA,"Alexis Leyva","Wichita State Shockers","2724","newcomer","none",NA
"fr_2724_amayalacy",NA,"Amaya Lacy","Wichita State Shockers","2724","newcomer","none",NA
"5311715","5311715","Clara Koulibaly","Wichita State Shockers","2724","stats","id",NA
"fr_2724_kaylealacey",NA,"Kaylea Lacey","Wichita State Shockers","2724","newcomer","none",NA
"5241798","5241798","Kendal Robinson","Wichita State Shockers","2724","stats","id",NA
"fr_2724_liliharrison",NA,"Lili Harrison","Wichita State Shockers","2724","newcomer","none",NA
"5174761","5174761","Lily Ba","Wichita State Shockers","2724","stats","id",NA
"5239092","5239092","Ma'Riya Vincent","Wichita State Shockers","2724","stats","id",NA
"fr_2724_marimilton",NA,"Mari Milton","Wichita State Shockers","2724","newcomer","none",NA
"fr_2724_rachelskulsky",NA,"Rachel Skulsky","Wichita State Shockers","2724","newcomer","none",NA
"5312227","5312227","Aisha Dos Santos","William & Mary Tribe","2729","stats","id",NA
"5312226","5312226","Amelia Basit","William & Mary Tribe","2729","stats","id",NA
"5312224","5312224","Ari Mercado","William & Mary Tribe","2729","stats","id",NA
"5177804","5177804","Cassidy Geddes","William & Mary Tribe","2729","stats","id",NA
"fr_2729_denvercarlton",NA,"Denver Carlton","William & Mary Tribe","2729","newcomer","none",NA
"5312225","5312225","Dynasti Pierce","William & Mary Tribe","2729","stats","id",NA
"5239440","5239440","Emma West","William & Mary Tribe","2729","stats","id",NA
"5239436","5239436","Marley Long","William & Mary Tribe","2729","stats","id",NA
"5177803","5177803","Monet Dance","William & Mary Tribe","2729","stats","id",NA
"5239439","5239439","Natalie Fox","William & Mary Tribe","2729","stats","id",NA
"fr_2729_skylamastronardi",NA,"Skyla Mastronardi","William & Mary Tribe","2729","newcomer","none",NA
"5239438","5239438","Sophia LeGoullon","William & Mary Tribe","2729","stats","id",NA
"5254418","5254418","Autumn Taylor","Winthrop Eagles","2737","stats","id",NA
"5178551","5178551","Kayla Preston","Winthrop Eagles","2737","stats","id",NA
"fr_2737_kyrataylor",NA,"Kyra Taylor","Winthrop Eagles","2737","newcomer","none",NA
"fr_2737_laurasilva",NA,"Laura Silva","Winthrop Eagles","2737","newcomer","none",NA
"fr_2737_luciaskvarekova",NA,"Lucia Skvarekova","Winthrop Eagles","2737","newcomer","none",NA
"fr_2737_madisonbushlewis",NA,"Madison Bush-Lewis","Winthrop Eagles","2737","newcomer","none",NA
"5242081","5242081","Madison Ruff","Winthrop Eagles","2737","stats","id",NA
"5186470","5186470","Marta Guilera","Winthrop Eagles","2737","stats","id",NA
"fr_2737_mayarobinson",NA,"Maya Robinson","Winthrop Eagles","2737","newcomer","none",NA
"5313863","5313863","Mya Hamilton","Winthrop Eagles","2737","stats","id",NA
"5313864","5313864","Ryiah Wilson","Winthrop Eagles","2737","stats","id",NA
"fr_2737_summerhenderson",NA,"Summer Henderson","Winthrop Eagles","2737","newcomer","none",NA
"5313866","5313866","Tocarra Johnson","Winthrop Eagles","2737","stats","id",NA
"fr_275_adalinesheplee",NA,"Adaline Sheplee","Wisconsin Badgers","275","newcomer","none",NA
"5311543","5311543","Addie Deal","Wisconsin Badgers","275","stats","id",NA
"5240012","5240012","Alba Martin Mesa","Wisconsin Badgers","275","stats","id",NA
"fr_275_aliciacourthiau",NA,"Alicia Courthiau","Wisconsin Badgers","275","newcomer","none",NA
"5176512","5176512","Caia Elisaldez","Wisconsin Badgers","275","stats","id",NA
"fr_275_caiarose",NA,"Caia Rose","Wisconsin Badgers","275","newcomer","none",NA
"5311769","5311769","Dorja Iva Zaja","Wisconsin Badgers","275","stats","id",NA
"fr_275_gisellejanowski",NA,"Giselle Janowski","Wisconsin Badgers","275","newcomer","none",NA
"5108033","5108033","Kadidia Toure","Wisconsin Badgers","275","stats","id",NA
"5178528","5178528","Kyrah Daniels","Wisconsin Badgers","275","stats","id",NA
"5174355","5174355","Laci Steele","Wisconsin Badgers","275","stats","id",NA
"fr_275_leahnordin",NA,"Leah Nordin","Wisconsin Badgers","275","newcomer","none",NA
"5311768","5311768","Nikki Kerstein","Wisconsin Badgers","275","stats","id",NA
"5106234","5106234","Shay Bollin","Wisconsin Badgers","275","stats","id",NA
"5240178","5240178","Teagan Mallegni","Wisconsin Badgers","275","stats","id",NA
"5315726","5315726","Abby Eller","Wofford Terriers","2747","stats","id",NA
"fr_2747_aleksandranoworol",NA,"Aleksandra Noworol","Wofford Terriers","2747","newcomer","none",NA
"5239435","5239435","Angelina Pelayo","Wofford Terriers","2747","stats","id",NA
"5174385","5174385","Courtney Swider","Wofford Terriers","2747","stats","id",NA
"5315724","5315724","Elli Porter","Wofford Terriers","2747","stats","id",NA
"fr_2747_emmanuellebroude",NA,"Emmanuelle Broude","Wofford Terriers","2747","newcomer","none",NA
"5315725","5315725","Gabby Mundy","Wofford Terriers","2747","stats","id",NA
"5177951","5177951","Maddie Heiss","Wofford Terriers","2747","stats","id",NA
"5243520","5243520","Molly Masingale","Wofford Terriers","2747","stats","id",NA
"5177955","5177955","Sara Deidda","Wofford Terriers","2747","stats","id",NA
"fr_2747_saylerlowe",NA,"Sayler Lowe","Wofford Terriers","2747","newcomer","none",NA
"fr_2747_siennawolfe",NA,"Sienna Wolfe","Wofford Terriers","2747","newcomer","none",NA
"5178182","5178182","Abbie Riddle","Wright State Raiders","2750","stats","id",NA
"fr_2750_alliedaniels",NA,"Allie Daniels","Wright State Raiders","2750","newcomer","none",NA
"5313122","5313122","Elaina Rager","Wright State Raiders","2750","stats","id",NA
"5243421","5243421","Grace Okih","Wright State Raiders","2750","stats","id",NA
"5109804","5109804","Jasmine Fearne","Wright State Raiders","2750","stats","id",NA
"5312929","5312929","Jayden Terry","Wright State Raiders","2750","stats","id",NA
"5313123","5313123","Maja Dilen","Wright State Raiders","2750","stats","id",NA
"fr_2750_megancampbell",NA,"Megan Campbell","Wright State Raiders","2750","newcomer","none",NA
"fr_2750_meganganschow",NA,"Megan Ganschow","Wright State Raiders","2750","newcomer","none",NA
"5178142","5178142","Olivia Brown","Wright State Raiders","2750","stats","id",NA
"fr_2750_paulasevilla",NA,"Paula Sevilla","Wright State Raiders","2750","newcomer","none",NA
"fr_2750_rowanklesmit",NA,"Rowan Klesmit","Wright State Raiders","2750","newcomer","none",NA
"5178108","5178108","Rylee Sagester","Wright State Raiders","2750","stats","id",NA
"fr_2750_sydneywilliams",NA,"Sydney Williams","Wright State Raiders","2750","newcomer","none",NA
"5179307","5179307","Diawna Carter-Hartley","Wyoming Cowgirls","2751","stats","id",NA
"5311736","5311736","Hila Karsh","Wyoming Cowgirls","2751","stats","id",NA
"5315303","5315303","Jane Rumpf","Wyoming Cowgirls","2751","stats","id",NA
"5315302","5315302","Katie Harrington","Wyoming Cowgirls","2751","stats","id",NA
"5178128","5178128","Kaylan Deveney","Wyoming Cowgirls","2751","stats","id",NA
"5315301","5315301","Liv Blomkvist","Wyoming Cowgirls","2751","stats","id",NA
"5239470","5239470","Maria Anais Rodriguez","Wyoming Cowgirls","2751","stats","id",NA
"5315711","5315711","Merceius Mili","Wyoming Cowgirls","2751","stats","id",NA
"5178448","5178448","Norah Clark","Wyoming Cowgirls","2751","stats","id",NA
"5312893","5312893","Ophelia Powell","Wyoming Cowgirls","2751","stats","id",NA
"4899452","4899452","Payton Muma","Wyoming Cowgirls","2751","stats","id",NA
"5315304","5315304","Peyton Wohlford","Wyoming Cowgirls","2751","stats","id",NA
"5312741","5312741","Denise Neves","Xavier Musketeers","2752","stats","id",NA
"fr_2752_kejiaran",NA,"Kejia Ran","Xavier Musketeers","2752","newcomer","none",NA
"5312739","5312739","Kodee Williams-Sefo","Xavier Musketeers","2752","stats","none",NA
"fr_2752_lucilejerome",NA,"Lucile Jerome","Xavier Musketeers","2752","newcomer","none",NA
"fr_2752_martamoscarella",NA,"Marta Moscarella","Xavier Musketeers","2752","newcomer","none",NA
"5240248","5240248","Meri Kanerva","Xavier Musketeers","2752","stats","id",NA
"fr_2752_morganjenkins",NA,"Morgan Jenkins","Xavier Musketeers","2752","newcomer","none",NA
"5108020","5108020","Mya Moore","Xavier Musketeers","2752","stats","id",NA
"5312738","5312738","Payton Richards","Xavier Musketeers","2752","stats","none",NA
"fr_2752_stellamavuanga",NA,"Stella Mavuanga","Xavier Musketeers","2752","newcomer","none",NA
"5175733","5175733","Ana Guillen","Yale Bulldogs","43","stats","id",NA
"5241578","5241578","Ciniya Moore","Yale Bulldogs","43","stats","id",NA
"5240796","5240796","Cloe Vecina","Yale Bulldogs","43","stats","id",NA
"5313322","5313322","Dorka Kastl","Yale Bulldogs","43","stats","id",NA
"5313320","5313320","Hannah Wasserman","Yale Bulldogs","43","stats","id",NA
"fr_43_helenakeane",NA,"Helena Keane","Yale Bulldogs","43","newcomer","none",NA
"fr_43_kaseydavey",NA,"Kasey Davey","Yale Bulldogs","43","newcomer","none",NA
"fr_43_katiediao",NA,"Katie Diao","Yale Bulldogs","43","newcomer","none",NA
"5241581","5241581","Ke'iara Odume","Yale Bulldogs","43","stats","id",NA
"fr_43_leavukic",NA,"Lea Vukic","Yale Bulldogs","43","newcomer","none",NA
"5176462","5176462","Lucy Lynn","Yale Bulldogs","43","stats","id",NA
"5177895","5177895","Luisa Vydrova","Yale Bulldogs","43","stats","id",NA
"fr_43_maddiesmith",NA,"Maddie Smith","Yale Bulldogs","43","newcomer","none",NA
"5241580","5241580","Magdalena Schmidt","Yale Bulldogs","43","stats","id",NA
"5241582","5241582","Marisa Chapman","Yale Bulldogs","43","stats","id",NA
"5175695","5175695","Mary Meng","Yale Bulldogs","43","stats","id",NA
"5313319","5313319","Olivia Kim","Yale Bulldogs","43","stats","id",NA
"5313321","5313321","Radhika Garapaty","Yale Bulldogs","43","stats","none",NA
"5313323","5313323","Sophia Gibson","Yale Bulldogs","43","stats","id",NA
"5313278","5313278","Brooke Adkins","Youngstown State Penguins","2754","stats","id",NA
"5178140","5178140","Dacia Lewandowski","Youngstown State Penguins","2754","stats","id",NA
"5241151","5241151","Danielle Cameron","Youngstown State Penguins","2754","stats","id",NA
"5241152","5241152","Erica King","Youngstown State Penguins","2754","stats","id",NA
"fr_2754_evelynmcknight",NA,"Evelyn McKnight","Youngstown State Penguins","2754","newcomer","none",NA
"5241153","5241153","Hayden Barrier","Youngstown State Penguins","2754","stats","id",NA
"fr_2754_kaitlynturinsky",NA,"Kaitlyn Turinsky","Youngstown State Penguins","2754","newcomer","none",NA
"fr_2754_miakalich",NA,"Mia Kalich","Youngstown State Penguins","2754","newcomer","none",NA
"5177874","5177874","Paulina Hernandez","Youngstown State Penguins","2754","stats","id",NA
"5241156","5241156","Sarah Baker","Youngstown State Penguins","2754","stats","id",NA
