"pid","athlete_id","name","team","team_id","status","source","matched","prev_team","cls","exp_years","rank","pm","pm_disp","pvO","pvD","pv","note"
"5175545","5175545","Payton Hull","Abilene Christian Wildcats","2000","Returning","stats","id","Abilene Christian Wildcats",NA,3,NA,28.23,33.7,5.54,1.21,6.75,NA
"5178096","5178096","Erin Woodson","Abilene Christian Wildcats","2000","Returning","stats","id","Abilene Christian Wildcats",NA,3,NA,26.28,31.36,4.27,1.34,5.61,NA
"5175546","5175546","Meredith Mayes","Abilene Christian Wildcats","2000","Returning","stats","id","Abilene Christian Wildcats",NA,3,NA,23.75,28.34,7.27,1.22,8.49,NA
"5175548","5175548","Emma Troxell","Abilene Christian Wildcats","2000","Returning","stats","id","Abilene Christian Wildcats",NA,3,NA,21.43,25.57,-0.39,0.4,0.01,NA
"5109756","5109756","Natalia Chavez","Abilene Christian Wildcats","2000","Returning","stats","id","Abilene Christian Wildcats",NA,4,NA,17.56,20.96,2.61,0.1,2.71,NA
"5177964","5177964","Raimi McCrary","Abilene Christian Wildcats","2000","Transfer","stats","id","Incarnate Word Cardinals",NA,3,NA,12.86,15.35,0.16,-1.42,-1.26,NA
"5108756","5108756","Jazmyn Stone","Abilene Christian Wildcats","2000","Returning","stats","id","Abilene Christian Wildcats",NA,3,NA,11.54,13.77,-3.27,-0.43,-3.71,NA
"5315742","5315742","Riley Grohman","Abilene Christian Wildcats","2000","Returning","stats","id","Abilene Christian Wildcats",NA,1,NA,10.27,12.26,-1.14,-0.18,-1.32,NA
"fr_2000_alexalane","fr_2000_alexalane","Alexa Lane","Abilene Christian Wildcats","2000","Newcomer","newcomer","none","North Lamar HS","Fr.",0,NA,9.3,11.1,-0.75,-0.01,-0.76,NA
"5315740","5315740","Emma Daugherty","Abilene Christian Wildcats","2000","Returning","stats","id","Abilene Christian Wildcats",NA,1,NA,8.9,10.62,-3.8,-0.04,-3.84,NA
"fr_2000_salenacarrasco","fr_2000_salenacarrasco","Salena Carrasco","Abilene Christian Wildcats","2000","Newcomer","newcomer","none","Boswell HS","Fr.",0,NA,8.87,10.59,-0.75,-0.01,-0.76,NA
"fr_2000_samaramorrow","fr_2000_samaramorrow","Samara Morrow","Abilene Christian Wildcats","2000","Newcomer","newcomer","none","College of Southern Idaho","Jr.",0,NA,8.56,10.22,-0.75,-0.01,-0.76,NA
"5315739","5315739","Molly Daugherty","Abilene Christian Wildcats","2000","Returning","stats","id","Abilene Christian Wildcats",NA,1,NA,6.7,7.99,-1.53,-0.48,-2.01,NA
"5241475","5241475","Aimee Flippen","Abilene Christian Wildcats","2000","Returning","stats","id","Abilene Christian Wildcats",NA,2,NA,5.76,6.87,-3.34,-0.63,-3.97,NA
"5177199","5177199","Jayda McNabb","Air Force Falcons","2005","Returning","stats","id","Air Force Falcons",NA,3,NA,27.86,33.25,4.2,0.86,5.06,NA
"5177198","5177198","Alexis Cortez","Air Force Falcons","2005","Returning","stats","id","Air Force Falcons",NA,3,NA,24.25,28.94,-2.51,-0.72,-3.23,NA
"5177200","5177200","Keelie O'Hollaren","Air Force Falcons","2005","Returning","stats","id","Air Force Falcons",NA,3,NA,21.6,25.78,-0.01,0.05,0.03,NA
"5177197","5177197","Jordyn DeVaughn","Air Force Falcons","2005","Returning","stats","id","Air Force Falcons",NA,3,NA,18.09,21.59,-1.74,-1.08,-2.81,NA
"5177203","5177203","Marissa Hargrave","Air Force Falcons","2005","Returning","stats","id","Air Force Falcons",NA,3,NA,15.35,18.32,-5.63,0.15,-5.47,NA
"5314982","5314982","Maddy Jensen","Air Force Falcons","2005","Returning","stats","id","Air Force Falcons",NA,1,NA,11.33,13.52,-3.96,-0.79,-4.75,NA
"5314983","5314983","Eva Love","Air Force Falcons","2005","Returning","stats","id","Air Force Falcons",NA,1,NA,10.93,13.04,-1.42,-0.37,-1.79,NA
"fr_2005_carsonfayard","fr_2005_carsonfayard","Carson Fayard","Air Force Falcons","2005","Newcomer","newcomer","none","Niceville HS","Fr.",0,NA,10.3,12.3,-1.73,-0.51,-2.24,NA
"fr_2005_chloeparker","fr_2005_chloeparker","Chloe Parker","Air Force Falcons","2005","Newcomer","newcomer","none","Riverdale Ridge HS","Fr.",0,NA,9.74,11.63,-1.73,-0.51,-2.24,NA
"fr_2005_dixonmclanahan","fr_2005_dixonmclanahan","Dixon McLanahan","Air Force Falcons","2005","Newcomer","newcomer","none","Folsom HS","Fr.",0,NA,9.34,11.15,-1.73,-0.51,-2.24,NA
"fr_2005_felicitymcfillin","fr_2005_felicitymcfillin","Felicity McFillin","Air Force Falcons","2005","Newcomer","newcomer","none","Archbishop John Carroll HS/USAFA Prep","So.",0,NA,8.9,10.62,-1.73,-0.51,-2.24,NA
"fr_2005_marisataylor","fr_2005_marisataylor","Marisa Taylor","Air Force Falcons","2005","Newcomer","newcomer","none","Valor Christian","Fr.",0,NA,8.58,10.24,-1.73,-0.51,-2.24,NA
"fr_2005_morganainsworth","fr_2005_morganainsworth","Morgan Ainsworth","Air Force Falcons","2005","Newcomer","newcomer","none","Colony HS","Fr.",0,NA,7.99,9.54,-1.73,-0.51,-2.24,NA
"fr_2005_taylorsipfle","fr_2005_taylorsipfle","Taylor Sipfle","Air Force Falcons","2005","Newcomer","newcomer","none","Hamilton HS","Fr.",0,NA,7.37,8.79,-1.73,-0.51,-2.24,NA
"5314981","5314981","AJ Mannering","Air Force Falcons","2005","Returning","stats","id","Air Force Falcons",NA,1,NA,4.24,5.06,-1.67,-0.86,-2.53,NA
"5314986","5314986","Julia Leach","Air Force Falcons","2005","Returning","stats","id","Air Force Falcons",NA,1,NA,4.13,4.92,-1.01,-0.81,-1.82,NA
"5314669","5314669","Shaena Brew","Akron Zips","2006","Returning","stats","id","Akron Zips",NA,1,NA,26.94,32.15,1.55,-1.49,0.05,NA
"5314670","5314670","Corinne Reed","Akron Zips","2006","Returning","stats","id","Akron Zips",NA,1,NA,23.21,27.7,-1.27,-1.41,-2.68,NA
"5178512","5178512","Macey Fegan","Akron Zips","2006","Transfer","stats","id","Cleveland State Vikings",NA,3,NA,20.55,24.53,0.33,-0.79,-0.46,NA
"5314671","5314671","Monique Mitchell","Akron Zips","2006","Returning","stats","id","Akron Zips",NA,1,NA,19.15,22.86,0.68,-2,-1.32,NA
"5312960","5312960","Jessie Joaquim","Akron Zips","2006","Transfer","stats","id","New Mexico Lobos",NA,3,NA,17.87,21.33,1.8,0.46,2.26,NA
"5107831","5107831","Kam'Ren Rhodes","Akron Zips","2006","Returning","stats","id","Akron Zips",NA,4,NA,14.2,16.95,-4.69,-2.38,-7.07,NA
"5240738","5240738","Tyla Heard","Akron Zips","2006","Transfer","stats","id","Oklahoma State Cowgirls",NA,2,NA,13.79,16.45,-1.76,-0.56,-2.32,NA
"5240397","5240397","Annika Manthy","Akron Zips","2006","Transfer","stats","id","Richmond Spiders",NA,2,NA,12.53,14.96,-1.48,-0.68,-2.17,NA
"5178141","5178141","Teniesha Clarke","Akron Zips","2006","Returning","stats","id","Akron Zips",NA,3,NA,11.87,14.17,-4.26,-2.24,-6.51,NA
"fr_2006_christaeshajackson","fr_2006_christaeshajackson","Christaesha Jackson","Akron Zips","2006","Newcomer","newcomer","none","Mayfair HS / Cypress College","Jr.",0,NA,10.75,12.83,-1.67,-2.01,-3.67,NA
"fr_2006_kaylahthornton","fr_2006_kaylahthornton","Kaylah Thornton","Akron Zips","2006","Newcomer","newcomer","none","Kettering Fairmont","Fr.",0,NA,10.15,12.12,-1.67,-2.01,-3.67,NA
"fr_2006_kayleeking","fr_2006_kayleeking","Kaylee King","Akron Zips","2006","Newcomer","newcomer","none","Wayne Memorial","Fr.",0,NA,9.73,11.61,-1.67,-2.01,-3.67,NA
"fr_2006_ofirparpara","fr_2006_ofirparpara","Ofir Parpara","Akron Zips","2006","Newcomer","newcomer","none","UNC-Wilmington / Eastern Florida State College","Jr.",0,NA,9.25,11.05,-1.67,-2.01,-3.67,NA
"5315609","5315609","Vanessa Wimberly","Alabama A&M Bulldogs","2010","Returning","stats","id","Alabama A&M Bulldogs",NA,1,NA,26.96,32.18,-3.96,0.41,-3.55,NA
"5242773","5242773","Aniya Palmer","Alabama A&M Bulldogs","2010","Returning","stats","id","Alabama A&M Bulldogs",NA,3,NA,24.87,29.68,-0.24,2.27,2.03,NA
"5315809","5315809","Alisha Murray","Alabama A&M Bulldogs","2010","Transfer","stats","id","Grambling Lady Tigers",NA,3,NA,20.22,24.13,0.2,1.35,1.55,NA
"5315612","5315612","Sumayah McIntosh","Alabama A&M Bulldogs","2010","Returning","stats","id","Alabama A&M Bulldogs",NA,1,NA,17.67,21.09,-5.59,0.4,-5.18,NA
"5240399","5240399","Shun'teria Anumele","Alabama A&M Bulldogs","2010","Transfer","stats","id","Houston Cougars",NA,2,NA,17.54,20.93,-0.51,0.12,-0.39,NA
"5318150","5318150","Kalea Rainey","Alabama A&M Bulldogs","2010","Transfer (non-D1)","stats","none","Florida Memorial FLORIDA MEMORIAL",NA,3,NA,13.99,16.7,-2.37,-2.36,-4.73,"Valued at the D2/NAIA level (assumed)"
"5242951","5242951","Janessa Kelley","Alabama A&M Bulldogs","2010","Transfer","stats","id","Bethune-Cookman Wildcats",NA,2,NA,13.37,15.96,0.68,-2,-1.32,NA
"fr_2010_aylabenson","fr_2010_aylabenson","Ayla Benson","Alabama A&M Bulldogs","2010","Newcomer","newcomer","none","Madison Central HS","Fr.",0,NA,11.85,14.14,-2.43,0.12,-2.31,NA
"fr_2010_khloebradley","fr_2010_khloebradley","Khloe Bradley","Alabama A&M Bulldogs","2010","Newcomer","newcomer","none","Sparkman HS","Fr.",0,NA,11.36,13.55,-2.43,0.12,-2.31,NA
"5261306","5261306","Skylar White","Alabama A&M Bulldogs","2010","Transfer (non-D1)","stats","none","Virginia St Trojans",NA,3,NA,11.2,13.36,-2.89,-0.72,-3.61,"Valued at the D2/NAIA level (assumed)"
"fr_2010_logynmcneil","fr_2010_logynmcneil","Logyn McNeil","Alabama A&M Bulldogs","2010","Newcomer","newcomer","none","Houston","R-Jr.",0,NA,10.82,12.91,-2.43,0.12,-2.31,NA
"fr_2010_miracleakypotayobo","fr_2010_miracleakypotayobo","Miracle Akypotayobo","Alabama A&M Bulldogs","2010","Newcomer","newcomer","none","Arizona","Jr.",0,NA,10.43,12.45,-2.43,0.12,-2.31,NA
"fr_2010_taziharris","fr_2010_taziharris","Tazi Harris","Alabama A&M Bulldogs","2010","Newcomer","newcomer","none","Snead State CC","Jr.",0,NA,9.72,11.6,-2.43,0.12,-2.31,NA
"5239975","5239975","Paris Bradley","Alabama Crimson Tide","333","Transfer","stats","id","Louisiana Tech Lady Techsters",NA,2,NA,28.56,34.09,5.65,1.69,7.33,NA
"5178277","5178277","Brooke Coffey","Alabama Crimson Tide","333","Transfer","stats","id","Lindenwood Lions",NA,3,NA,26.32,31.41,6.05,2.72,8.78,NA
"5311721","5311721","Ace Austin","Alabama Crimson Tide","333","Returning","stats","id","Alabama Crimson Tide",NA,1,NA,21.87,26.1,4.2,2.38,6.59,NA
"5174250","5174250","Naomi Jones","Alabama Crimson Tide","333","Returning","stats","id","Alabama Crimson Tide",NA,2,NA,20.93,24.98,2.76,3.53,6.29,NA
"5313644","5313644","Kylie Torrence","Alabama Crimson Tide","333","Transfer","stats","id","Cincinnati Bearcats",NA,1,NA,19.76,23.58,1.04,2.01,3.05,NA
"5311823","5311823","Amirah Anderson","Alabama Crimson Tide","333","Transfer","stats","id","Boston College Eagles",NA,1,NA,17.26,20.6,2.57,0.61,3.18,NA
"5240224","5240224","Alayna West","Alabama Crimson Tide","333","Transfer","stats","id","DePaul Blue Demons",NA,1,NA,16.9,20.17,-0.04,1.96,1.92,NA
"5177899","5177899","Caitlin Staley","Alabama Crimson Tide","333","Transfer","stats","id","Charlotte 49ers",NA,3,NA,16.11,19.23,0.75,1.17,1.92,NA
"5311722","5311722","Tianna Chambers","Alabama Crimson Tide","333","Returning","stats","id","Alabama Crimson Tide",NA,1,NA,11.87,14.16,-0.82,0.91,0.09,"No. 92 recruit in 2025; pedigree counts 65% (82 college min)"
"5247469","5247469","Rickell Brown","Alabama Crimson Tide","333","Transfer (non-D1)","stats","none","Newberry Wolves",NA,2,NA,10.77,12.85,-3.87,0.14,-3.73,"Valued at the D2/NAIA level (assumed)"
"5239059","5239059","Leah Brooks","Alabama Crimson Tide","333","Returning","stats","id","Alabama Crimson Tide",NA,2,NA,9.66,11.53,-0.5,0.97,0.47,NA
"5315815","5315815","Ny'Keria Flowers","Alabama State Lady Hornets","2011","Returning","stats","id","Alabama State Lady Hornets",NA,1,NA,26.19,31.26,-4.62,-0.23,-4.86,NA
"5242814","5242814","Alanah Pooler","Alabama State Lady Hornets","2011","Returning","stats","id","Alabama State Lady Hornets",NA,3,NA,22.72,27.12,-1.36,-2,-3.36,NA
"5315816","5315816","Charlese McClendon","Alabama State Lady Hornets","2011","Returning","stats","id","Alabama State Lady Hornets",NA,3,NA,21.17,25.27,-1.76,1.05,-0.71,NA
"5315822","5315822","Caylee Simpson","Alabama State Lady Hornets","2011","Returning","stats","id","Alabama State Lady Hornets",NA,3,NA,19.44,23.2,1.65,-0.21,1.44,NA
"5312242","5312242","Makala Hobdy","Alabama State Lady Hornets","2011","Transfer","stats","id","Jacksonville State Gamecocks",NA,3,NA,16.49,19.68,-0.67,0.56,-0.11,NA
"5239422","5239422","Elliott Jessup","Alabama State Lady Hornets","2011","Transfer","stats","id","North Carolina A&T Aggies",NA,2,NA,14.1,16.83,-3.99,-1.09,-5.08,NA
"5177909","5177909","Takya Walters-Norman","Alabama State Lady Hornets","2011","Returning","stats","id","Alabama State Lady Hornets",NA,3,NA,11.85,14.14,-1.25,0.98,-0.27,NA
"fr_2011_aamoridaniels","fr_2011_aamoridaniels","Aamori Daniels","Alabama State Lady Hornets","2011","Newcomer","newcomer","none","San Diego City College","Jr.",0,NA,10.91,13.03,-3.34,-0.7,-4.04,NA
"fr_2011_calisechisholm","fr_2011_calisechisholm","Calise Chisholm","Alabama State Lady Hornets","2011","Newcomer","newcomer","none","Daytona State CC","Jr.",0,NA,10.31,12.3,-3.34,-0.7,-4.04,NA
"fr_2011_kaleighheywood","fr_2011_kaleighheywood","Kaleigh Heywood","Alabama State Lady Hornets","2011","Newcomer","newcomer","none","Collins Hill HS","Fr.",0,NA,9.87,11.78,-3.34,-0.7,-4.04,NA
"5239419","5239419","Rachel Griffin","Alabama State Lady Hornets","2011","Transfer","stats","id","North Carolina A&T Aggies",NA,2,NA,9.63,11.49,-2.76,-0.59,-3.35,NA
"fr_2011_karrellgreene","fr_2011_karrellgreene","Karrell Greene","Alabama State Lady Hornets","2011","Newcomer","newcomer","none","Langston Hughes HS","Fr.",0,NA,9.39,11.2,-3.34,-0.7,-4.04,NA
"fr_2011_morghanslater","fr_2011_morghanslater","Morghan Slater","Alabama State Lady Hornets","2011","Newcomer","newcomer","none","Woodstock HS","Fr.",0,NA,9.04,10.79,-3.34,-0.7,-4.04,NA
"5311978","5311978","Londyn Walker","Alabama State Lady Hornets","2011","Transfer","stats","id","North Carolina A&T Aggies",NA,1,NA,8.89,10.62,-3.05,-0.6,-3.65,NA
"5315623","5315623","Lauren Nelson","Alcorn State Lady Braves","2016","Returning","stats","id","Alcorn State Lady Braves",NA,3,NA,30.68,36.61,-3.1,-1.71,-4.8,NA
"5240608","5240608","Chrishunti Walker","Alcorn State Lady Braves","2016","Returning","stats","id","Alcorn State Lady Braves",NA,2,NA,26.58,31.72,-5.29,-0.93,-6.22,NA
"5183980","5183980","Jada Morgan","Alcorn State Lady Braves","2016","Transfer","stats","id","Albany State Golden Rams",NA,3,NA,22.81,27.22,-5.29,-1.81,-7.1,"Missed 2025-26; 2024-25: 19.0 mpg, 4.8 ppg"
"5242919","5242919","Leyah Houston","Alcorn State Lady Braves","2016","Returning","stats","id","Alcorn State Lady Braves",NA,3,NA,21.08,25.15,-4.08,-1.87,-5.95,NA
"5109850","5109850","Arene Iyekekpolor","Alcorn State Lady Braves","2016","Returning","stats","id","Alcorn State Lady Braves",NA,3,NA,20.97,25.03,-6.4,-1.59,-7.99,NA
"5315621","5315621","Jazlyn Johnson","Alcorn State Lady Braves","2016","Returning","stats","id","Alcorn State Lady Braves",NA,1,NA,17.74,21.17,-2.18,-0.45,-2.64,NA
"5315622","5315622","Frances Anyakudo","Alcorn State Lady Braves","2016","Returning","stats","id","Alcorn State Lady Braves",NA,1,NA,17.53,20.93,-2.87,-0.68,-3.55,NA
"5242921","5242921","Milaan Moore","Alcorn State Lady Braves","2016","Returning","stats","id","Alcorn State Lady Braves",NA,2,NA,15.22,18.16,-5.4,-0.8,-6.2,NA
"5315620","5315620","Ariyah Burke","Alcorn State Lady Braves","2016","Returning","stats","id","Alcorn State Lady Braves",NA,1,NA,13.7,16.34,-3.73,-0.81,-4.54,NA
"pad_2016_1","pad_2016_1","Unlisted roster spot","Alcorn State Lady Braves","2016","Unlisted spot","pad","pad",NA,NA,0,NA,13.7,16.34,-7.14,-1.74,-8.88,NA
"5242705","5242705","Molly Driscoll","American University Eagles","44","Returning","stats","id","American University Eagles",NA,2,NA,27.61,32.95,0.32,-2.65,-2.33,NA
"5242707","5242707","Madisyn Moore-Nicholson","American University Eagles","44","Returning","stats","id","American University Eagles",NA,2,NA,23.95,28.58,-1.35,-2.64,-3.99,NA
"5176882","5176882","Lexi Salazar","American University Eagles","44","Returning","stats","id","American University Eagles",NA,3,NA,21.14,25.23,-5.44,-2.92,-8.36,NA
"5314863","5314863","Kayla Greyvensteyn","American University Eagles","44","Returning","stats","id","American University Eagles",NA,1,NA,16.27,19.42,-1.99,-1.76,-3.75,NA
"5242706","5242706","Elizabeth Archer","American University Eagles","44","Returning","stats","id","American University Eagles",NA,2,NA,14.37,17.15,-2.27,-1.51,-3.78,NA
"5176881","5176881","Grace Koepke","American University Eagles","44","Returning","stats","id","American University Eagles",NA,3,NA,12.96,15.46,-1.9,-2.24,-4.13,NA
"5242709","5242709","Ellie Pingree","American University Eagles","44","Returning","stats","id","American University Eagles",NA,2,NA,11.03,13.16,-1.48,-2.63,-4.11,NA
"5320191","5320191","Toni Smith","American University Eagles","44","Transfer","stats","id","Delaware State Hornets",NA,1,NA,10.27,12.25,-2.29,-0.42,-2.72,NA
"fr_44_ellagottlieb","fr_44_ellagottlieb","Ella Gottlieb","American University Eagles","44","Newcomer","newcomer","none","IMG Academy","Fr.",0,NA,9.62,11.48,-2.82,-1.85,-4.67,NA
"fr_44_jordynhollawell","fr_44_jordynhollawell","Jordyn Hollawell","American University Eagles","44","Newcomer","newcomer","none","Manasquan","Fr.",0,NA,9.21,10.99,-2.82,-1.85,-4.67,NA
"fr_44_kaipowell","fr_44_kaipowell","Kai Powell","American University Eagles","44","Newcomer","newcomer","none","Bishop McNamara","Fr.",0,NA,8.76,10.45,-2.82,-1.85,-4.67,NA
"fr_44_laurenwright","fr_44_laurenwright","Lauren Wright","American University Eagles","44","Newcomer","newcomer","none","Loomis Chaffee","Fr.",0,NA,8.43,10.06,-2.82,-1.85,-4.67,NA
"fr_44_ninavisnjevac","fr_44_ninavisnjevac","Nina Višnjevac","American University Eagles","44","Newcomer","newcomer","none","Fort Erie International Academy","Fr.",0,NA,7.83,9.34,-2.82,-1.85,-4.67,NA
"5312033","5312033","Jaymee Wadey","American University Eagles","44","Transfer","stats","id","Towson Tigers",NA,1,NA,7.6,9.07,-2.76,-1.15,-3.91,NA
"5242708","5242708","Mary Bolesky","American University Eagles","44","Returning","stats","id","American University Eagles",NA,2,NA,5.94,7.09,-4.44,-2.15,-6.59,NA
"5314862","5314862","Andrea Jude","American University Eagles","44","Returning","stats","id","American University Eagles",NA,1,NA,5.03,6,-3.66,-1.77,-5.43,NA
"5108919","5108919","Daisia Mitchell","App State Mountaineers","2026","Returning","stats","id","App State Mountaineers",NA,3,NA,27.49,32.8,1.38,0.47,1.85,NA
"5240231","5240231","Jayden McBride","App State Mountaineers","2026","Returning","stats","id","App State Mountaineers",NA,2,NA,24.59,29.35,0.87,-0.21,0.66,NA
"5175907","5175907","Joi Williams","App State Mountaineers","2026","Transfer","stats","id","Radford Highlanders",NA,3,NA,20.66,24.65,2.22,0.43,2.64,NA
"5239484","5239484","Feryal Defne Atli","App State Mountaineers","2026","Returning","stats","id","App State Mountaineers",NA,2,NA,19.05,22.74,-0.98,-0.07,-1.05,NA
"5175882","5175882","Jadyn Atchison","App State Mountaineers","2026","Transfer","stats","id","UT Arlington Mavericks",NA,3,NA,15.26,18.22,-2.09,1.21,-0.89,NA
"5108791","5108791","Raven Preston","App State Mountaineers","2026","Transfer","stats","id","Wake Forest Demon Deacons",NA,3,NA,15.04,17.95,2.02,2.28,4.3,NA
"5107503","5107503","Torin Rogers","App State Mountaineers","2026","Transfer","stats","id","UNC Wilmington Seahawks",NA,3,NA,14.77,17.62,-1.22,-1.3,-2.53,NA
"5315028","5315028","Addie Biel","App State Mountaineers","2026","Returning","stats","id","App State Mountaineers",NA,1,NA,14.08,16.8,4.55,-0.98,3.57,NA
"5315027","5315027","Riley Stoker","App State Mountaineers","2026","Returning","stats","id","App State Mountaineers",NA,1,NA,11.65,13.9,-0.87,0.54,-0.33,NA
"fr_2026_camiahmuldrow","fr_2026_camiahmuldrow","Camiah Muldrow","App State Mountaineers","2026","Newcomer","newcomer","none","Cloud County Community College","So.",0,NA,9.88,11.79,-1.42,-0.39,-1.81,NA
"fr_2026_jaidamcclure","fr_2026_jaidamcclure","Jaida McClure","App State Mountaineers","2026","Newcomer","newcomer","none","Providence Day","Fr.",0,NA,9.53,11.37,-1.42,-0.39,-1.81,NA
"5315025","5315025","Isa Roman","App State Mountaineers","2026","Returning","stats","id","App State Mountaineers",NA,1,NA,9.12,10.89,-0.86,-1.1,-1.95,NA
"fr_2026_zoesmith","fr_2026_zoesmith","Zoe Smith","App State Mountaineers","2026","Newcomer","newcomer","none","Chapel Hill HS","Fr.",0,NA,8.88,10.6,-1.42,-0.39,-1.81,NA
"5178157","5178157","McKinna Brackens","Arizona State Sun Devils","9","Returning","stats","id","Arizona State Sun Devils",NA,3,NA,28.06,33.49,3.39,2.93,6.31,NA
"5239098","5239098","Heloisa Carrera","Arizona State Sun Devils","9","Returning","stats","id","Arizona State Sun Devils",NA,2,NA,24.55,29.29,4.09,2.21,6.3,NA
"5175721","5175721","Rashunda Jones","Arizona State Sun Devils","9","Transfer","stats","id","Michigan State Spartans",NA,3,NA,22.65,27.03,5.45,2.3,7.76,NA
"5242147","5242147","Madi Morson","Arizona State Sun Devils","9","Transfer","stats","id","Central Michigan Chippewas",NA,2,NA,21.33,25.45,7.11,0.92,8.03,NA
"5313615","5313615","Ella Ryan","Arizona State Sun Devils","9","Transfer","stats","id","Quinnipiac Bobcats",NA,1,NA,18.08,21.57,2.66,1.27,3.92,NA
"5242152","5242152","Ayanna-Sarai Darrington","Arizona State Sun Devils","9","Transfer","stats","id","Central Michigan Chippewas",NA,2,NA,15.99,19.08,7,0.43,7.43,NA
"fr_9_averielower","fr_9_averielower","Averie Lower","Arizona State Sun Devils","9","Top-100 recruit","newcomer","none",NA,"Freshman",0,58,13.61,16.24,0.71,2.42,3.13,NA
"5313600","5313600","Amaya Williams","Arizona State Sun Devils","9","Returning","stats","id","Arizona State Sun Devils",NA,1,NA,13.43,16.03,-0.73,2.09,1.36,NA
"5313602","5313602","Deborah Davenport","Arizona State Sun Devils","9","Returning","stats","id","Arizona State Sun Devils",NA,3,NA,12.26,14.63,1.31,3.85,5.16,NA
"fr_9_londynparker","fr_9_londynparker","Londyn Parker","Arizona State Sun Devils","9","Top-100 recruit","newcomer","none",NA,"Freshman",0,99,11.88,14.18,0.12,2.22,2.34,NA
"5313601","5313601","Martina Fantini","Arizona State Sun Devils","9","Returning","stats","id","Arizona State Sun Devils",NA,1,NA,9.21,10.99,-1.95,1.92,-0.03,NA
"fr_9_quinnyagraydesanders","fr_9_quinnyagraydesanders","Quin'Nya Gray De Sanders","Arizona State Sun Devils","9","Newcomer","newcomer","none",NA,"Freshman",0,NA,8.96,10.7,-0.55,1.94,1.39,NA
"5177875","5177875","Sumayah Sugapong","Arizona Wildcats","12","Returning","stats","id","Arizona Wildcats",NA,3,NA,26.64,31.79,1.21,1.25,2.46,NA
"5311856","5311856","Aliyahna Morris","Arizona Wildcats","12","Transfer","stats","id","California Golden Bears",NA,1,NA,21.73,25.94,1.89,0.94,2.83,NA
"5109196","5109196","Anastasiia Semenova","Arizona Wildcats","12","Transfer","stats","id","Boston University Terriers",NA,4,NA,19.8,23.63,0.55,-0.98,-0.43,NA
"5311753","5311753","Gerda Raulusaityte","Arizona Wildcats","12","Transfer","stats","id","USC Trojans",NA,3,NA,19.51,23.29,1.02,0.89,1.92,NA
"5240182","5240182","Breanna Williams","Arizona Wildcats","12","Transfer","stats","id","Maryland Terrapins",NA,1,NA,18.57,22.17,3.29,1.04,4.33,NA
"5312664","5312664","Molly Ladwig","Arizona Wildcats","12","Returning","stats","id","Arizona Wildcats",NA,1,NA,17.24,20.57,0.86,-0.08,0.79,NA
"fr_12_arynnfinley","fr_12_arynnfinley","Arynn Finley","Arizona Wildcats","12","Top-100 recruit","newcomer","none","Etiwanda High School","Fr.",0,53,16.77,20.01,0.68,0.47,1.15,NA
"fr_12_jasleengreen","fr_12_jasleengreen","Jasleen Green","Arizona Wildcats","12","Top-100 recruit","newcomer","none","Grandview Prep","Fr.",0,62,16.25,19.4,0.5,0.41,0.91,NA
"fr_12_makaylapresserpalmer","fr_12_makaylapresserpalmer","Makayla Presser-Palmer","Arizona Wildcats","12","Top-100 recruit","newcomer","none","Northwestern Senior High School","Fr.",0,65,16.1,19.21,0.45,0.39,0.84,NA
"fr_12_calliehinder","fr_12_calliehinder","Callie Hinder","Arizona Wildcats","12","Newcomer","newcomer","none","Phoenix PHH Prep","Fr.",0,NA,9.59,11.44,-0.68,-0.05,-0.73,NA
"fr_12_priyankaponnam","fr_12_priyankaponnam","Priyanka Ponnam","Arizona Wildcats","12","Newcomer","newcomer","none","Blair Academy","Fr.",0,NA,9.14,10.91,-0.68,-0.05,-0.73,NA
"fr_12_karolinaulan","fr_12_karolinaulan","Karolina Ulan","Arizona Wildcats","12","International (FIBA)","newcomer","none",NA,"Jr.",0,NA,8.67,10.34,-1.64,-0.14,-1.78,NA
"fr_2029_alayiahprice","fr_2029_alayiahprice","Alayiah Price","Arkansas-Pine Bluff Golden Lions","2029","Newcomer","newcomer","none","West Memphis HS","Fr.",0,NA,26.77,31.94,-2.7,-2.2,-4.9,NA
"pad_2029_1","pad_2029_1","Unlisted roster spot","Arkansas-Pine Bluff Golden Lions","2029","Unlisted spot","pad","pad",NA,NA,0,NA,24.25,28.94,-2.7,-2.2,-4.9,NA
"pad_2029_2","pad_2029_2","Unlisted roster spot","Arkansas-Pine Bluff Golden Lions","2029","Unlisted spot","pad","pad",NA,NA,0,NA,22.3,26.62,-2.7,-2.2,-4.9,NA
"pad_2029_5","pad_2029_5","Unlisted roster spot","Arkansas-Pine Bluff Golden Lions","2029","Unlisted spot","pad","pad",NA,NA,0,NA,20.72,24.73,-2.7,-2.2,-4.9,NA
"pad_2029_3","pad_2029_3","Unlisted roster spot","Arkansas-Pine Bluff Golden Lions","2029","Unlisted spot","pad","pad",NA,NA,0,NA,20.12,24.01,-2.7,-2.2,-4.9,NA
"pad_2029_6","pad_2029_6","Unlisted roster spot","Arkansas-Pine Bluff Golden Lions","2029","Unlisted spot","pad","pad",NA,NA,0,NA,18.83,22.47,-2.7,-2.2,-4.9,NA
"pad_2029_4","pad_2029_4","Unlisted roster spot","Arkansas-Pine Bluff Golden Lions","2029","Unlisted spot","pad","pad",NA,NA,0,NA,18,21.49,-2.7,-2.2,-4.9,NA
"pad_2029_7","pad_2029_7","Unlisted roster spot","Arkansas-Pine Bluff Golden Lions","2029","Unlisted spot","pad","pad",NA,NA,0,NA,17.22,20.55,-2.7,-2.2,-4.9,NA
"pad_2029_8","pad_2029_8","Unlisted roster spot","Arkansas-Pine Bluff Golden Lions","2029","Unlisted spot","pad","pad",NA,NA,0,NA,16.25,19.39,-2.7,-2.2,-4.9,NA
"pad_2029_9","pad_2029_9","Unlisted roster spot","Arkansas-Pine Bluff Golden Lions","2029","Unlisted spot","pad","pad",NA,NA,0,NA,15.55,18.55,-2.7,-2.2,-4.9,NA
"5178475","5178475","Emily Robinson","Arkansas Razorbacks","8","Returning","stats","id","Arkansas Razorbacks",NA,3,NA,26.99,32.22,1.36,0.14,1.5,NA
"5177806","5177806","Jianna Morris","Arkansas Razorbacks","8","Transfer","stats","id","Louisiana Tech Lady Techsters",NA,3,NA,23.01,27.46,2.07,-0.21,1.86,NA
"5312732","5312732","Beautiful Waheed","Arkansas Razorbacks","8","Transfer","stats","id","St. John's Red Storm",NA,3,NA,21.2,25.3,2.42,1.52,3.93,NA
"5312667","5312667","Daniah Trammell","Arkansas Razorbacks","8","Transfer","stats","id","Arizona Wildcats",NA,1,NA,18.76,22.39,0.79,-0.41,0.38,NA
"5174418","5174418","D'Asia Thomas-Harris","Arkansas Razorbacks","8","Transfer","stats","id","Georgia Tech Yellow Jackets",NA,3,NA,18.28,21.82,1.06,2.34,3.4,NA
"fr_8_whitleyrogers","fr_8_whitleyrogers","Whitley Rogers","Arkansas Razorbacks","8","Top-100 recruit","newcomer","none","Little Rock Christian Academy","Fr.",0,54,16.44,19.62,0.86,0.62,1.48,NA
"4433418","4433418","Kateri Poole","Arkansas Razorbacks","8","Transfer","stats","id","Houston Cougars",NA,4,NA,14.47,17.27,-1.8,0.16,-1.64,NA
"5311855","5311855","Grace McCallop","Arkansas Razorbacks","8","Transfer","stats","id","California Golden Bears",NA,1,NA,12.05,14.38,-0.67,0.31,-0.36,NA
"fr_8_adrianareijnen","fr_8_adrianareijnen","Adriana Reijnen","Arkansas Razorbacks","8","Newcomer","newcomer","none","Coppell HS","Fr.",0,NA,10.73,12.81,-0.48,0.11,-0.37,NA
"fr_8_allannahorsby","fr_8_allannahorsby","Allannah Orsby","Arkansas Razorbacks","8","Newcomer","newcomer","none","Phillips Exeter Prep","Fr.",0,NA,10.17,12.13,-0.48,0.11,-0.37,NA
"fr_8_ayiannajohnson","fr_8_ayiannajohnson","Ayianna Johnson","Arkansas Razorbacks","8","Newcomer","newcomer","none","Colorado-Colorado Springs","Sr.",0,NA,9.76,11.65,-0.48,0.11,-0.37,NA
"fr_8_kyiahprestridge","fr_8_kyiahprestridge","Kyiah Prestridge","Arkansas Razorbacks","8","Newcomer","newcomer","none","Westmoore HS","Fr.",0,NA,9.31,11.11,-0.48,0.11,-0.37,NA
"fr_8_julijamatic","fr_8_julijamatic","Julija Matic","Arkansas Razorbacks","8","International (FIBA)","newcomer","none","First Sports Basketball HS","Fr.",0,NA,8.83,10.53,-1.44,0.01,-1.43,NA
"5174718","5174718","Crislyn Rose","Arkansas State Red Wolves","2032","Returning","stats","id","Arkansas State Red Wolves",NA,3,NA,28.18,33.63,1.93,0.58,2.51,NA
"5175837","5175837","Amina Gray","Arkansas State Red Wolves","2032","Transfer","stats","id","Gardner-Webb Runnin' Bulldogs",NA,3,NA,21.02,25.09,1.22,-0.99,0.24,NA
"5178014","5178014","Jermesha Frierson","Arkansas State Red Wolves","2032","Transfer","stats","id","Delaware State Hornets",NA,3,NA,18.98,22.65,-1.44,0.52,-0.93,NA
"5174366","5174366","Monica Marsh","Arkansas State Red Wolves","2032","Transfer","stats","id","Grambling Lady Tigers",NA,3,NA,18.04,21.53,-0.38,-0.18,-0.56,NA
"5315034","5315034","Aniyah Ruddock","Arkansas State Red Wolves","2032","Returning","stats","id","Arkansas State Red Wolves",NA,3,NA,17.75,21.19,1.06,0.63,1.69,NA
"5315202","5315202","Angela Carroll","Arkansas State Red Wolves","2032","Transfer","stats","id","Texas State Bobcats",NA,1,NA,16.73,19.97,-1.28,0.31,-0.97,NA
"5315233","5315233","Jasmine Jordan","Arkansas State Red Wolves","2032","Transfer","stats","id","Eastern Kentucky Colonels",NA,2,NA,16.34,19.51,1.05,1.56,2.61,NA
"5177871","5177871","Maya Chocano","Arkansas State Red Wolves","2032","Transfer","stats","id","UC Riverside Highlanders",NA,3,NA,15.48,18.48,-1.61,0.5,-1.11,NA
"5312747","5312747","Audreonia Benson","Arkansas State Red Wolves","2032","Transfer","stats","id","UCF Knights",NA,3,NA,13.45,16.05,0.5,-0.38,0.12,NA
"fr_2032_jaidynelam","fr_2032_jaidynelam","Jaidyn Elam","Arkansas State Red Wolves","2032","Newcomer","newcomer","none","South Georgia Technical College","3rd",0,NA,11.81,14.09,-0.75,0.88,0.13,NA
"fr_2032_taniyahdavis","fr_2032_taniyahdavis","Ta'Niyah Davis","Arkansas State Red Wolves","2032","Newcomer","newcomer","none","Northeast HS","1st",0,NA,11.27,13.45,-0.75,0.88,0.13,NA
"5315035","5315035","Allyson Ferguson","Arkansas State Red Wolves","2032","Returning","stats","id","Arkansas State Red Wolves",NA,3,NA,10.94,13.06,-1.81,0.35,-1.46,NA
"5176900","5176900","Kya Smith","Army Black Knights","349","Returning","stats","id","Army Black Knights",NA,3,NA,26.76,31.94,5.1,1.23,6.33,NA
"5176898","5176898","Camryn Tade","Army Black Knights","349","Returning","stats","id","Army Black Knights",NA,3,NA,24.68,29.46,4.88,0.55,5.43,NA
"5176899","5176899","Taylor Wilson","Army Black Knights","349","Returning","stats","id","Army Black Knights",NA,3,NA,21.35,25.48,-0.32,0.94,0.62,NA
"5242712","5242712","Brooke Wilson","Army Black Knights","349","Returning","stats","id","Army Black Knights",NA,2,NA,18.72,22.34,-1.96,0.71,-1.25,NA
"5315261","5315261","Reganne Reardon","Army Black Knights","349","Returning","stats","id","Army Black Knights",NA,1,NA,15.86,18.92,0.36,-0.2,0.15,NA
"5176901","5176901","Fiona Hastick","Army Black Knights","349","Returning","stats","id","Army Black Knights",NA,3,NA,12.5,14.92,-2.43,-0.34,-2.77,NA
"fr_349_addisonainsworth","5109189","Addison Ainsworth","Army Black Knights","349","Newcomer","history","name","Black Hills HS","Jr.",0,NA,9.34,11.15,-0.79,-0.18,-0.97,NA
"5242713","5242713","Stella Chartrand","Army Black Knights","349","Returning","stats","id","Army Black Knights",NA,2,NA,9.23,11.01,-2.21,-0.2,-2.4,NA
"fr_349_allieswindell","fr_349_allieswindell","Allie Swindell","Army Black Knights","349","Newcomer","newcomer","none","Prestonwood Christian Academy (USMAPS)","Fr.",0,NA,8.84,10.55,-0.79,-0.18,-0.97,NA
"fr_349_danielamaletsky","fr_349_danielamaletsky","Daniela Maletsky","Army Black Knights","349","Newcomer","newcomer","none","Red Bank Catholic","Fr.",0,NA,8.48,10.13,-0.79,-0.18,-0.97,NA
"fr_349_janerape","fr_349_janerape","Jane Rape","Army Black Knights","349","Newcomer","newcomer","none","Oakdale (USMAPS)","Fr.",0,NA,8.09,9.66,-0.79,-0.18,-0.97,NA
"fr_349_juliasedora","fr_349_juliasedora","Julia Sedora","Army Black Knights","349","Newcomer","newcomer","none","Red Lion","Fr.",0,NA,7.81,9.32,-0.79,-0.18,-0.97,NA
"fr_349_lillythoman","fr_349_lillythoman","Lilly Thoman","Army Black Knights","349","Newcomer","newcomer","none","The Steward School","Fr.",0,NA,7.29,8.69,-0.79,-0.18,-0.97,NA
"fr_349_nakiaollivierre","fr_349_nakiaollivierre","Nakia Ollivierre","Army Black Knights","349","Newcomer","newcomer","none","Waterloo West","Fr.",0,NA,6.73,8.03,-0.79,-0.18,-0.97,NA
"5242711","5242711","Audrey Annee","Army Black Knights","349","Returning","stats","id","Army Black Knights",NA,2,NA,4.18,4.99,-2.81,-0.43,-3.24,NA
"5315263","5315263","Jane Preston","Army Black Knights","349","Returning","stats","id","Army Black Knights",NA,1,NA,3.42,4.08,-3.14,-0.15,-3.29,NA
"5315262","5315262","Kelly Cramer","Army Black Knights","349","Returning","stats","id","Army Black Knights",NA,1,NA,3.42,4.08,-2.3,-0.83,-3.13,NA
"5315264","5315264","Landry Sherrer","Army Black Knights","349","Returning","stats","id","Army Black Knights",NA,1,NA,3.3,3.94,-2.23,-0.81,-3.04,NA
"5105396","5105396","Kaitlyn Duhon","Auburn Tigers","2","Returning","stats","id","Auburn Tigers",NA,3,NA,25.79,30.77,3.09,3.95,7.04,NA
"5239095","5239095","Sira Thienou","Auburn Tigers","2","Transfer","stats","id","Ole Miss Rebels",NA,2,NA,22.52,26.88,5.3,4.11,9.41,NA
"5106156","5106156","Ja'Mia Harris","Auburn Tigers","2","Returning","stats","id","Auburn Tigers",NA,3,NA,22.04,26.3,0.84,1.84,2.67,NA
"5312725","5312725","Zahara Bishop","Auburn Tigers","2","Transfer","stats","id","Seton Hall Pirates",NA,1,NA,18.31,21.85,1.62,1.31,2.93,NA
"5311714","5311714","Sania Richardson","Auburn Tigers","2","Returning","stats","id","Auburn Tigers",NA,1,NA,14.16,16.91,-0.94,1.34,0.4,NA
"5312394","5312394","Danielle Osho","Auburn Tigers","2","Transfer","stats","id","Miami Hurricanes",NA,1,NA,12.38,14.77,-0.93,1.44,0.51,"No. 54 recruit in 2025; pedigree counts 26% (424 college min)"
"fr_2_ashleyknox","fr_2_ashleyknox","Ashley Knox","Auburn Tigers","2","Top-100 recruit","newcomer","none","Tampa Catholic HS","Freshman",0,75,12.22,14.59,-0.07,1.68,1.6,NA
"fr_2_zaniyahwilliams","fr_2_zaniyahwilliams","Zaniyah Williams","Auburn Tigers","2","Top-100 recruit","newcomer","none","Montverde Academy","Freshman",0,80,12.04,14.37,-0.14,1.65,1.51,NA
"5174258","5174258","Savannah Scott","Auburn Tigers","2","Transfer","stats","id","UCF Knights",NA,2,NA,11.97,14.28,2.34,0.52,2.86,NA
"5239067","5239067","Syriah Daniels","Auburn Tigers","2","Returning","stats","id","Auburn Tigers",NA,2,NA,11.35,13.54,-0.98,1.66,0.67,NA
"4900570","4900570","Jessica Peterson","Auburn Tigers","2","Transfer","stats","id","Miami Hurricanes",NA,4,NA,11.17,13.34,1.14,1.28,2.43,NA
"5239065","5239065","Phoenix Stotijn","Auburn Tigers","2","Transfer","stats","id","Indiana Hoosiers",NA,2,NA,10.89,12.99,-2.15,-0.12,-2.27,NA
"5174272","5174272","Quanirah Montague","Auburn Tigers","2","Returning","stats","id","Auburn Tigers",NA,3,NA,10.67,12.74,-0.28,1.22,0.94,NA
"5326631","5326631","Eva Garabadian","Auburn Tigers","2","Returning","stats","id","Auburn Tigers",NA,2,NA,4.49,5.35,-1.7,-0.34,-2.03,NA
"5314792","5314792","Jim'Miyah Branton","Austin Peay Governors","2046","Returning","stats","id","Austin Peay Governors",NA,1,NA,32.25,38,1.75,0.61,2.37,NA
"5314794","5314794","Lameria Thomas","Austin Peay Governors","2046","Returning","stats","id","Austin Peay Governors",NA,3,NA,27.85,33.24,0.04,-0.53,-0.49,NA
"5175460","5175460","Veronaye Charlton","Austin Peay Governors","2046","Returning","stats","id","Austin Peay Governors",NA,3,NA,27,32.23,1.87,-0.42,1.45,NA
"5240654","5240654","Destiny Jones","Austin Peay Governors","2046","Transfer","stats","id","West Georgia Wolves",NA,2,NA,21.28,25.39,3.91,0.38,4.29,NA
"5314790","5314790","Jade Rucker","Austin Peay Governors","2046","Returning","stats","id","Austin Peay Governors",NA,1,NA,19.91,23.76,0.36,-0.07,0.29,NA
"5315818","5315818","Clearia Peterson","Austin Peay Governors","2046","Transfer","stats","id","Alabama State Lady Hornets",NA,2,NA,18.65,22.26,1.39,1.01,2.4,NA
"5325353","5325353","Peighton Jambor","Austin Peay Governors","2046","Transfer (non-D1)","stats","none","Allen Yellow Jackets",NA,3,NA,14.71,17.56,-0.62,0.45,-0.17,"Valued at the D2/NAIA level (assumed)"
"5314793","5314793","McKenzie Neal","Austin Peay Governors","2046","Returning","stats","id","Austin Peay Governors",NA,1,NA,13.41,16,-0.5,-0.15,-0.64,NA
"pad_2046_1","pad_2046_1","Unlisted roster spot","Austin Peay Governors","2046","Unlisted spot","pad","pad",NA,NA,0,NA,12.75,15.22,-4.88,-1.4,-6.28,NA
"pad_2046_2","pad_2046_2","Unlisted roster spot","Austin Peay Governors","2046","Unlisted spot","pad","pad",NA,NA,0,NA,12.19,14.55,-4.88,-1.4,-6.28,NA
"5241924","5241924","Grace Kingery","Ball State Cardinals","2050","Returning","stats","id","Ball State Cardinals",NA,2,NA,31.63,37.75,5.54,0.19,5.73,NA
"5175045","5175045","Karsyn Norman","Ball State Cardinals","2050","Returning","stats","id","Ball State Cardinals",NA,3,NA,27.86,33.24,-0.99,0.29,-0.7,NA
"5108549","5108549","Tessa Towers","Ball State Cardinals","2050","Returning","stats","id","Ball State Cardinals",NA,4,NA,25.3,30.2,7.14,0.92,8.06,NA
"5320183","5320183","Aniss Tagayi","Ball State Cardinals","2050","Returning","stats","id","Ball State Cardinals",NA,1,NA,23.39,27.92,0.33,0.66,0.99,NA
"5320178","5320178","Zhen Verburgt","Ball State Cardinals","2050","Returning","stats","id","Ball State Cardinals",NA,1,NA,19.53,23.3,-2.26,0.59,-1.66,NA
"5240289","5240289","Faith Walker","Ball State Cardinals","2050","Transfer","stats","id","Duquesne Dukes",NA,2,NA,17.56,20.96,-2.87,0.03,-2.84,NA
"5240190","5240190","Helen Holley","Ball State Cardinals","2050","Transfer","stats","id","San Diego Toreros",NA,2,NA,15.87,18.93,-0.82,-0.17,-0.99,NA
"5320181","5320181","Giorgia Gorini","Ball State Cardinals","2050","Returning","stats","id","Ball State Cardinals",NA,1,NA,13.67,16.31,0.21,0.1,0.31,NA
"fr_2050_lillibarnes","fr_2050_lillibarnes","Lilli Barnes","Ball State Cardinals","2050","Newcomer","newcomer","none","Valparaiso High School","Fr.",0,NA,13.03,15.56,0.01,0.24,0.25,NA
"fr_2050_klaskemiedema","fr_2050_klaskemiedema","Klaske Miedema","Ball State Cardinals","2050","International (FIBA)","newcomer","none",NA,"Fr.",0,NA,12.16,14.51,-1.41,-0.2,-1.6,NA
"5174251","5174251","Taliah Scott","Baylor Bears","239","Returning","stats","id","Baylor Bears",NA,2,NA,28.14,33.58,8.13,2.95,11.08,NA
"5239073","5239073","Trinity Turner","Baylor Bears","239","Transfer","stats","id","Georgia Lady Bulldogs",NA,2,NA,24.39,29.11,2.32,3.43,5.75,NA
"5175964","5175964","Reese Ross","Baylor Bears","239","Transfer","stats","id","Utah Utes",NA,3,NA,21.65,25.83,2.43,3.02,5.45,NA
"5238305","5238305","Kate Koval","Baylor Bears","239","Transfer","stats","id","LSU Tigers",NA,2,NA,20.18,24.09,6.17,4.82,10.99,NA
"5175869","5175869","Skylar Jones","Baylor Bears","239","Transfer","stats","id","Louisville Cardinals",NA,3,NA,17.65,21.06,6.21,3.79,10,NA
"5313586","5313586","Marcayla Johnson","Baylor Bears","239","Returning","stats","id","Baylor Bears",NA,1,NA,17.11,20.43,0.7,2.59,3.29,NA
"5106146","5106146","Kyla Abraham","Baylor Bears","239","Returning","stats","id","Baylor Bears",NA,3,NA,16.36,19.53,1.19,3.67,4.85,NA
"5238286","5238286","Tianna Thompson","Baylor Bears","239","Transfer","stats","id","Ole Miss Rebels",NA,2,NA,15.94,19.03,5.25,2.21,7.46,NA
"5238299","5238299","Lorena Awou","Baylor Bears","239","Transfer","stats","id","NC State Wolfpack",NA,2,NA,13.25,15.81,0.36,0.49,0.85,NA
"5239453","5239453","Kayla Nelms","Baylor Bears","239","Returning","stats","id","Baylor Bears",NA,2,NA,10.45,12.47,4.85,3,7.85,NA
"5107570","5107570","Ella Brow","Baylor Bears","239","Returning","stats","id","Baylor Bears",NA,3,NA,8.13,9.7,-1.91,0.82,-1.09,NA
"5239451","5239451","Ines Goryanova","Baylor Bears","239","Returning","stats","id","Baylor Bears",NA,1,NA,6.74,8.04,-1.4,0.37,-1.03,NA
"5240572","5240572","Kayce Hyman","Bellarmine Knights","91","Returning","stats","id","Bellarmine Knights",NA,2,NA,31.65,37.78,-5.16,-4.8,-9.96,NA
"5178429","5178429","Triniti Ralston","Bellarmine Knights","91","Returning","stats","id","Bellarmine Knights",NA,3,NA,30.23,36.08,1.2,-1.44,-0.25,NA
"5330840","5330840","Olivia Pifer","Bellarmine Knights","91","Returning","stats","id","Bellarmine Knights",NA,1,NA,27,32.22,-2.95,-2.91,-5.86,NA
"5315249","5315249","Haya Abdel Aal","Bellarmine Knights","91","Returning","stats","id","Bellarmine Knights",NA,1,NA,21.29,25.41,-4.34,-2.73,-7.07,NA
"5331723","5331723","Coumba Keita","Bellarmine Knights","91","Transfer","stats","id","Arkansas-Pine Bluff Golden Lions",NA,1,NA,16.85,20.1,-3.35,-1.43,-4.78,NA
"pad_91_1","pad_91_1","Unlisted roster spot","Bellarmine Knights","91","Unlisted spot","pad","pad",NA,NA,0,NA,16.77,20.02,-4.35,-3.64,-7.99,NA
"pad_91_2","pad_91_2","Unlisted roster spot","Bellarmine Knights","91","Unlisted spot","pad","pad",NA,NA,0,NA,15.68,18.71,-4.35,-3.64,-7.99,NA
"pad_91_3","pad_91_3","Unlisted roster spot","Bellarmine Knights","91","Unlisted spot","pad","pad",NA,NA,0,NA,14.28,17.04,-4.35,-3.64,-7.99,NA
"pad_91_4","pad_91_4","Unlisted roster spot","Bellarmine Knights","91","Unlisted spot","pad","pad",NA,NA,0,NA,13.43,16.03,-4.35,-3.64,-7.99,NA
"pad_91_5","pad_91_5","Unlisted roster spot","Bellarmine Knights","91","Unlisted spot","pad","pad",NA,NA,0,NA,12.82,15.3,-4.35,-3.64,-7.99,NA
"5241990","5241990","Quinn Eubank","Belmont Bruins","2057","Returning","stats","id","Belmont Bruins",NA,2,NA,32.81,38,1.49,1.46,2.95,NA
"5106838","5106838","Kenley McCarn","Belmont Bruins","2057","Transfer","stats","id","UT Martin Skyhawks",NA,3,NA,25.51,30.45,2.29,0.42,2.71,NA
"5175461","5175461","Katie Criswell","Belmont Bruins","2057","Transfer","stats","id","North Alabama Lions",NA,3,NA,22.84,27.25,-2.13,-0.72,-2.84,NA
"5108596","5108596","KK Brodie","Belmont Bruins","2057","Returning","stats","id","Belmont Bruins",NA,3,NA,22.4,26.73,-2.7,0.4,-2.3,NA
"5174429","5174429","Lauren Rust","Belmont Bruins","2057","Transfer","stats","id","Pittsburgh Panthers",NA,2,NA,18.85,22.5,-0.99,-0.08,-1.07,NA
"5314848","5314848","Leah West","Belmont Bruins","2057","Returning","stats","id","Belmont Bruins",NA,1,NA,17.55,20.95,-2.95,-0.41,-3.36,NA
"fr_2057_chelbyjordan","fr_2057_chelbyjordan","Chelby Jordan","Belmont Bruins","2057","Newcomer","newcomer","none","Dyersburg HS","Fr.",0,NA,17.44,20.81,-0.62,0.16,-0.46,NA
"fr_2057_samiyajones","fr_2057_samiyajones","Samiya Jones","Belmont Bruins","2057","Newcomer","newcomer","none","Bartlett HS","Fr.",0,NA,16.03,19.13,-0.62,0.16,-0.46,NA
"5314845","5314845","Kate McGinnis","Belmont Bruins","2057","Returning","stats","id","Belmont Bruins",NA,1,NA,13.29,15.86,-1.82,0.23,-1.59,NA
"pad_2057_1","pad_2057_1","Unlisted roster spot","Belmont Bruins","2057","Unlisted spot","pad","pad",NA,NA,0,NA,13.29,15.86,-4.31,-0.99,-5.3,NA
"5315667","5315667","Keiara Gregory","Bethune-Cookman Wildcats","2065","Returning","stats","id","Bethune-Cookman Wildcats",NA,3,NA,25.67,30.63,-3.96,-1.85,-5.81,NA
"5261801","5261801","Kayla Lee","Bethune-Cookman Wildcats","2065","Transfer (non-D1)","stats","none","Fisk Bulldogs",NA,2,NA,23.17,27.65,-2.91,1.02,-1.9,"Valued at the D2/NAIA level (assumed)"
"5242955","5242955","Mya Johnson","Bethune-Cookman Wildcats","2065","Returning","stats","id","Bethune-Cookman Wildcats",NA,2,NA,21.27,25.38,-4.78,-1.77,-6.55,NA
"5315537","5315537","Jarahle Daniels","Bethune-Cookman Wildcats","2065","Transfer","stats","id","Little Rock Trojans",NA,3,NA,18.83,22.48,-1.88,0.21,-1.67,NA
"5175947","5175947","Amiyah Ferguson","Bethune-Cookman Wildcats","2065","Transfer","stats","id","Tennessee State Lady Tigers",NA,3,NA,17.69,21.12,-4.59,-1.62,-6.21,NA
"5311950","5311950","Akilah Shelton","Bethune-Cookman Wildcats","2065","Transfer","stats","id","Hampton Lady Pirates",NA,1,NA,16.95,20.23,-2.73,0.07,-2.66,NA
"fr_2065_alannahnerocker","fr_2065_alannahnerocker","Alannah Nerocker","Bethune-Cookman Wildcats","2065","Newcomer","newcomer","none","Angelina College","Jr.",0,NA,14.88,17.75,-3.51,-1.86,-5.37,NA
"fr_2065_allyzeeverdan","fr_2065_allyzeeverdan","Allyzee Verdan","Bethune-Cookman Wildcats","2065","Newcomer","newcomer","none","Utah State","Gr.",0,NA,13.59,16.22,-3.51,-1.86,-5.37,NA
"fr_2065_jazminthornton","fr_2065_jazminthornton","Jazmin Thornton","Bethune-Cookman Wildcats","2065","Newcomer","newcomer","none","Savannah State","Jr.",0,NA,12.82,15.3,-3.51,-1.86,-5.37,NA
"fr_2065_kieraneal","fr_2065_kieraneal","Kiera Neal","Bethune-Cookman Wildcats","2065","Newcomer","newcomer","none","Three Rivers College","Jr.",0,NA,12.26,14.64,-3.51,-1.86,-5.37,NA
"fr_2065_marleybell","fr_2065_marleybell","Marley Bell","Bethune-Cookman Wildcats","2065","Newcomer","newcomer","none","Fort Valley State","Jr.",0,NA,11.65,13.91,-3.51,-1.86,-5.37,NA
"fr_2065_tahjaehawes","fr_2065_tahjaehawes","Tahjae Hawes","Bethune-Cookman Wildcats","2065","Newcomer","newcomer","none","East Georgia State","Jr.",0,NA,11.21,13.38,-3.51,-1.86,-5.37,NA
"5174511","5174511","Kendall Bennett","Binghamton Bearcats","2066","Returning","stats","id","Binghamton Bearcats",NA,3,NA,30.38,36.26,5.97,0.67,6.64,NA
"5174513","5174513","Bella Pucci","Binghamton Bearcats","2066","Returning","stats","id","Binghamton Bearcats",NA,3,NA,27.96,33.37,4.82,-0.37,4.45,NA
"5312944","5312944","Carletta Bennett","Binghamton Bearcats","2066","Returning","stats","id","Binghamton Bearcats",NA,1,NA,23.05,27.51,1.21,-0.59,0.63,NA
"5178221","5178221","Kaia Goode","Binghamton Bearcats","2066","Returning","stats","id","Binghamton Bearcats",NA,4,NA,20.35,24.29,-2.95,-1.55,-4.49,NA
"5174510","5174510","Yanniah Boyd","Binghamton Bearcats","2066","Returning","stats","id","Binghamton Bearcats",NA,3,NA,18.56,22.15,-3.46,-0.25,-3.71,NA
"5312946","5312946","Ashley Redd","Binghamton Bearcats","2066","Returning","stats","id","Binghamton Bearcats",NA,1,NA,14.98,17.88,-0.18,-0.63,-0.82,NA
"5240694","5240694","Emma Hákonardóttir","Binghamton Bearcats","2066","Transfer","stats","id","UAlbany Great Danes",NA,2,NA,12.32,14.7,-0.88,-1.36,-2.24,NA
"5312943","5312943","Klarissa Goode","Binghamton Bearcats","2066","Returning","stats","id","Binghamton Bearcats",NA,1,NA,12.07,14.4,-1.06,-1.24,-2.3,NA
"fr_2066_camgaudreau","fr_2066_camgaudreau","Cam Gaudreau","Binghamton Bearcats","2066","Newcomer","newcomer","none","Champlain College Saint-Lambert","Fr.",0,NA,11.41,13.62,-0.87,-0.86,-1.72,NA
"fr_2066_sophieelzinarene","fr_2066_sophieelzinarene","Sophie Elzina René","Binghamton Bearcats","2066","Newcomer","newcomer","none","Champlain College Saint-Lambert","Fr.",0,NA,10.95,13.06,-0.87,-0.86,-1.72,NA
"5312948","5312948","Daysha Salgado","Binghamton Bearcats","2066","Returning","stats","id","Binghamton Bearcats",NA,1,NA,10.78,12.87,-2.15,-1.07,-3.22,NA
"5312947","5312947","Leah Fowler","Binghamton Bearcats","2066","Returning","stats","id","Binghamton Bearcats",NA,1,NA,7.18,8.57,-2.38,-1.09,-3.47,NA
"5242247","5242247","Libby Hutton","Boise State Broncos","68","Returning","stats","id","Boise State Broncos",NA,2,NA,29.95,35.74,2.27,0.32,2.59,NA
"5239482","5239482","Grace Foster","Boise State Broncos","68","Transfer","stats","id","Utah Utes",NA,2,NA,24.52,29.26,0.8,0.33,1.13,NA
"5314995","5314995","Morgan Maldonado","Boise State Broncos","68","Returning","stats","id","Boise State Broncos",NA,1,NA,22.05,26.32,-2.26,0.13,-2.13,NA
"5314996","5314996","Izzie Harms","Boise State Broncos","68","Returning","stats","id","Boise State Broncos",NA,1,NA,17.21,20.54,-2.21,-0.78,-2.99,NA
"5314997","5314997","Mason Borcherding","Boise State Broncos","68","Returning","stats","id","Boise State Broncos",NA,1,NA,15.51,18.52,-1.36,-0.21,-1.57,NA
"5315000","5315000","Keirra Thompson","Boise State Broncos","68","Returning","stats","id","Boise State Broncos",NA,1,NA,15.1,18.02,-1.95,-0.59,-2.54,NA
"fr_68_emersonmccrea","fr_68_emersonmccrea","Emerson McCrea","Boise State Broncos","68","Newcomer","newcomer","none","Illawarra Hawks","Fr.",0,NA,14.03,16.75,-0.58,-0.32,-0.91,NA
"5314998","5314998","Kenna Garza","Boise State Broncos","68","Returning","stats","id","Boise State Broncos",NA,1,NA,13.77,16.43,0.31,-0.85,-0.53,NA
"fr_68_masonquinn","fr_68_masonquinn","Mason Quinn","Boise State Broncos","68","Newcomer","newcomer","none","Frenchtown HS","Fr.",0,NA,13.29,15.86,-0.58,-0.32,-0.91,NA
"fr_68_paigegilpatrick","fr_68_paigegilpatrick","Paige Gilpatrick","Boise State Broncos","68","Newcomer","newcomer","none","Broomfield HS","Fr.",0,NA,12.75,15.21,-0.58,-0.32,-0.91,NA
"fr_68_ziadayeanderson","fr_68_ziadayeanderson","Zia-Daye Anderson","Boise State Broncos","68","Newcomer","newcomer","none","Nathan Hale HS","Fr.",0,NA,12.16,14.51,-0.58,-0.32,-0.91,NA
"5314999","5314999","Jayda Lewis","Boise State Broncos","68","Returning","stats","id","Boise State Broncos",NA,1,NA,9.66,11.53,-2.52,0.11,-2.41,NA
"5238272","5238272","Athena Tomlinson","Boston College Eagles","103","Returning","stats","id","Boston College Eagles",NA,2,NA,28.02,33.44,-2.61,-1.31,-3.92,NA
"5239459","5239459","Grace Oliver","Boston College Eagles","103","Transfer","stats","id","Wake Forest Demon Deacons",NA,2,NA,25.03,29.87,4.67,0.41,5.08,NA
"5311820","5311820","Jocelyne Grier","Boston College Eagles","103","Returning","stats","id","Boston College Eagles",NA,1,NA,23.54,28.09,1.39,-1.39,-0.01,NA
"5312724","5312724","Natalia Hall-Rosa","Boston College Eagles","103","Transfer","stats","id","Seton Hall Pirates",NA,1,NA,19.58,23.36,-0.32,-0.42,-0.74,NA
"5312409","5312409","Megan Hollingsworth","Boston College Eagles","103","Transfer","stats","id","Pittsburgh Panthers",NA,1,NA,18.86,22.51,-0.08,-0.88,-0.96,NA
"fr_103_gabrielabernalortellado","fr_103_gabrielabernalortellado","Gabriela Bernal Ortellado","Boston College Eagles","103","Newcomer","newcomer","none","Edison Academics","Fr.",0,NA,15.28,18.23,-0.88,-1.65,-2.53,NA
"fr_103_noraarozena","fr_103_noraarozena","Nora Arozena","Boston College Eagles","103","Newcomer","newcomer","none","Azkoitia, Gipuzkoa","Fr.",0,NA,13.92,16.62,-0.88,-1.65,-2.53,NA
"fr_103_nuriaausaverri","fr_103_nuriaausaverri","Nuria Ausaverri","Boston College Eagles","103","Newcomer","newcomer","none","Maristas San Jose del Parque","Fr.",0,NA,12.77,15.24,-0.88,-1.65,-2.53,NA
"fr_103_samanthadavis","fr_103_samanthadavis","Samantha Davis","Boston College Eagles","103","Newcomer","newcomer","none","Aquinas","Fr.",0,NA,12.07,14.41,-0.88,-1.65,-2.53,NA
"fr_103_euniciasalgado","fr_103_euniciasalgado","Eunicia Salgado","Boston College Eagles","103","International (FIBA)","newcomer","none","Royal Crown School","Fr.",0,NA,11.55,13.78,-1.3,-1.35,-2.65,NA
"fr_103_danielepaunksnyte","fr_103_danielepaunksnyte","Daniele Paunksnyte","Boston College Eagles","103","International (FIBA)","newcomer","none","Vilniaus ""Ozo"" Gymnasium","Fr.",0,NA,10.95,13.07,-1.44,-1.46,-2.9,NA
"5311825","5311825","Eleanor Trout","Boston College Eagles","103","Returning","stats","id","Boston College Eagles",NA,1,NA,8.43,10.06,-1.5,-1.37,-2.87,NA
"5174968","5174968","Bella McLaughlin","Boston University Terriers","104","Returning","stats","id","Boston University Terriers",NA,3,NA,30.58,36.49,-0.68,-2.12,-2.8,NA
"5176889","5176889","Inés Monteagudo Pardo","Boston University Terriers","104","Returning","stats","id","Boston University Terriers",NA,3,NA,27.13,32.38,0.78,-2.87,-2.09,NA
"5176887","5176887","Aoibhe Gormley","Boston University Terriers","104","Returning","stats","id","Boston University Terriers",NA,3,NA,25.13,29.99,-2.47,-1.53,-4,NA
"5242722","5242722","Allison Schwertner","Boston University Terriers","104","Returning","stats","id","Boston University Terriers",NA,2,NA,21.73,25.93,-2.84,-1.92,-4.75,NA
"5240567","5240567","Rose Azmoudeh","Boston University Terriers","104","Returning","stats","id","Boston University Terriers",NA,2,NA,19.37,23.12,0.28,-2.6,-2.32,NA
"5242717","5242717","Taylor Williams","Boston University Terriers","104","Returning","stats","id","Boston University Terriers",NA,2,NA,18.31,21.85,-1.93,-1.31,-3.24,NA
"5315266","5315266","Kate Allard","Boston University Terriers","104","Returning","stats","id","Boston University Terriers",NA,1,NA,16.51,19.7,0.49,-2.54,-2.05,NA
"5243563","5243563","Yael Maayan","Boston University Terriers","104","Transfer","stats","id","Samford Bulldogs",NA,2,NA,14.99,17.89,-3.37,-1.26,-4.63,NA
"5242721","5242721","Inez Gallegos","Boston University Terriers","104","Returning","stats","id","Boston University Terriers",NA,2,NA,13.75,16.41,-3.27,-2.19,-5.45,NA
"pad_104_1","pad_104_1","Unlisted roster spot","Boston University Terriers","104","Unlisted spot","pad","pad",NA,NA,0,NA,12.51,14.93,-5.31,-3.24,-8.55,NA
"5241952","5241952","Lauren Gerken","Bowling Green Falcons","189","Returning","stats","id","Bowling Green Falcons",NA,2,NA,28.29,33.76,0.33,-0.19,0.14,NA
"5174944","5174944","Joniyah Bland-Fitzpatrick","Bowling Green Falcons","189","Returning","stats","id","Bowling Green Falcons",NA,3,NA,21.97,26.23,-1.74,-0.83,-2.57,NA
"5314710","5314710","Ky'Aira Miller","Bowling Green Falcons","189","Returning","stats","id","Bowling Green Falcons",NA,1,NA,19.46,23.23,-3.18,-0.29,-3.48,NA
"5174736","5174736","Jaedyn Cook","Bowling Green Falcons","189","Returning","stats","id","Bowling Green Falcons",NA,3,NA,17.15,20.46,1.93,0.14,2.07,NA
"fr_189_eugeniangungo","fr_189_eugeniangungo","Eugenia Ngungo","Bowling Green Falcons","189","Newcomer","newcomer","none","Clarendon (TX) College","Jr",0,NA,15.73,18.78,-1.69,-0.25,-1.94,NA
"fr_189_kaylastidham","fr_189_kaylastidham","Kayla Stidham","Bowling Green Falcons","189","Newcomer","newcomer","none",NA,"Fr",0,NA,15.38,18.35,-1.69,-0.25,-1.94,NA
"fr_189_marsegura","fr_189_marsegura","Mar Segura","Bowling Green Falcons","189","Newcomer","newcomer","none",NA,"Fr",0,NA,14.03,16.74,-1.69,-0.25,-1.94,NA
"fr_189_saracaetano","fr_189_saracaetano","Sara Caetano","Bowling Green Falcons","189","Newcomer","newcomer","none",NA,"Fr",0,NA,12.87,15.36,-1.69,-0.25,-1.94,NA
"fr_189_soldepetris","fr_189_soldepetris","Sol Depetris","Bowling Green Falcons","189","Newcomer","newcomer","none",NA,"Fr",0,NA,12.18,14.53,-1.69,-0.25,-1.94,NA
"fr_189_sophiealexander","fr_189_sophiealexander","Sophie Alexander","Bowling Green Falcons","189","Newcomer","newcomer","none",NA,"Fr",0,NA,11.68,13.93,-1.69,-0.25,-1.94,NA
"fr_189_carolinasilva","fr_189_carolinasilva","Carolina Silva","Bowling Green Falcons","189","International (FIBA)","newcomer","none",NA,"Fr",0,NA,11.03,13.17,-2.33,-0.12,-2.45,NA
"fr_189_aurelievanderstraeten","fr_189_aurelievanderstraeten","Aurelie Vanderstraeten","Bowling Green Falcons","189","International (FIBA)","newcomer","none",NA,"Fr",0,NA,10.48,12.51,-2.81,-0.47,-3.28,NA
"fr_189_mafaldamonteiro","fr_189_mafaldamonteiro","Mafalda Monteiro","Bowling Green Falcons","189","International (FIBA)","newcomer","none",NA,"Fr",0,NA,9.75,11.64,-2.81,-0.47,-3.29,NA
"5240590","5240590","Mya Wardle","Bradley Braves","71","Returning","stats","id","Bradley Braves",NA,2,NA,32.04,38,-2.36,-0.64,-2.99,NA
"5241999","5241999","Ellie McDermid","Bradley Braves","71","Returning","stats","id","Bradley Braves",NA,2,NA,28.11,33.54,-3,0.83,-2.17,NA
"5177986","5177986","Claire McDougall","Bradley Braves","71","Returning","stats","id","Bradley Braves",NA,3,NA,25.97,30.99,2.93,1.2,4.13,NA
"5106192","5106192","Charia Smith","Bradley Braves","71","Transfer","stats","id","Marquette Golden Eagles",NA,3,NA,22.95,27.4,0.93,-0.5,0.43,NA
"5314922","5314922","Kali Fortson","Bradley Braves","71","Returning","stats","id","Bradley Braves",NA,1,NA,19.38,23.13,1.46,-0.32,1.14,NA
"5242002","5242002","Caitlin Washington","Bradley Braves","71","Returning","stats","id","Bradley Braves",NA,2,NA,16.69,19.92,-1.12,0.14,-0.98,NA
"5242001","5242001","Lila Posthuma","Bradley Braves","71","Returning","stats","id","Bradley Braves",NA,2,NA,15.57,18.59,-1.52,-0.21,-1.73,NA
"5191987","5191987","Amani Abuhatab","Bradley Braves","71","Transfer (non-D1)","stats","none","Mercy Mavericks",NA,3,NA,13.33,15.91,-2.53,-1.06,-3.59,"Valued at the D2/NAIA level (assumed)"
"pad_71_1","pad_71_1","Unlisted roster spot","Bradley Braves","71","Unlisted spot","pad","pad",NA,NA,0,NA,13.27,15.84,-4.9,-1.28,-6.19,NA
"pad_71_2","pad_71_2","Unlisted roster spot","Bradley Braves","71","Unlisted spot","pad","pad",NA,NA,0,NA,12.68,15.14,-4.9,-1.28,-6.19,NA
"5176328","5176328","Olivia Young","Brown Bears","225","Returning","stats","id","Brown Bears",NA,3,NA,27.02,32.25,-0.52,1.83,1.31,NA
"5313290","5313290","Charlotte Adams-Lopez","Brown Bears","225","Returning","stats","id","Brown Bears",NA,1,NA,22.07,26.34,-1.67,0.54,-1.13,NA
"5241569","5241569","Gia Powell","Brown Bears","225","Returning","stats","id","Brown Bears",NA,2,NA,18.91,22.56,-0.51,-0.38,-0.89,"Missed 2025-26; 2024-25: 28.0 mpg, 9.0 ppg"
"5313287","5313287","Isabella Wesley","Brown Bears","225","Returning","stats","id","Brown Bears",NA,1,NA,18.11,21.61,-1.61,1.08,-0.53,NA
"5241572","5241572","Aima Ofunrein","Brown Bears","225","Returning","stats","id","Brown Bears",NA,2,NA,15.05,17.96,-0.55,0.29,-0.25,NA
"5313288","5313288","Monet Witherspoon","Brown Bears","225","Returning","stats","id","Brown Bears",NA,2,NA,12.63,15.07,0.25,0.02,0.27,NA
"fr_225_caitlynkramer","fr_225_caitlynkramer","Caitlyn Kramer","Brown Bears","225","Newcomer","newcomer","none","Pinewood","Fr.",0,NA,11.84,14.13,-1.58,0.66,-0.92,NA
"fr_225_erinreid","fr_225_erinreid","Erin Reid","Brown Bears","225","Newcomer","newcomer","none","Rumson - Fair Haven Regional","Fr.",0,NA,10.88,12.98,-1.58,0.66,-0.92,NA
"fr_225_nalahsmith","fr_225_nalahsmith","Nalah Smith","Brown Bears","225","Newcomer","newcomer","none","Evangelical Christian School","Fr.",0,NA,10.3,12.29,-1.58,0.66,-0.92,NA
"fr_225_sophiaeastman","fr_225_sophiaeastman","Sophia Eastman","Brown Bears","225","Newcomer","newcomer","none","Sammamish","Fr.",0,NA,9.88,11.79,-1.58,0.66,-0.92,NA
"fr_225_sravyajanapati","fr_225_sravyajanapati","Sravya Janapati","Brown Bears","225","Newcomer","newcomer","none","Paul VI Catholic High School","Fr.",0,NA,9.43,11.25,-1.58,0.66,-0.92,NA
"fr_225_summerlee","fr_225_summerlee","Summer Lee","Brown Bears","225","Newcomer","newcomer","none","Carrboro","Fr.",0,NA,9.09,10.85,-1.58,0.66,-0.92,NA
"5177257","5177257","Charlotte Climenhage","Brown Bears","225","Returning","stats","id","Brown Bears",NA,3,NA,7.16,8.54,-2.83,-0.1,-2.93,NA
"5241570","5241570","Sela Klein","Brown Bears","225","Returning","stats","id","Brown Bears",NA,2,NA,7.08,8.45,-1.19,-0.07,-1.25,NA
"5313286","5313286","Lindsay Harzich","Brown Bears","225","Returning","stats","id","Brown Bears",NA,1,NA,5.61,6.7,-2.96,0.03,-2.94,NA
"5313289","5313289","Morgan Ross","Brown Bears","225","Returning","stats","id","Brown Bears",NA,1,NA,4.95,5.9,-0.32,-0.31,-0.63,NA
"5174519","5174519","Nia Scott","Bryant Bulldogs","2803","Returning","stats","id","Bryant Bulldogs",NA,3,NA,30,35.8,2.95,1.56,4.51,NA
"5174514","5174514","Mia Mancini","Bryant Bulldogs","2803","Returning","stats","id","Bryant Bulldogs",NA,3,NA,27.79,33.16,0.31,1.33,1.64,NA
"5174518","5174518","Martina Boba","Bryant Bulldogs","2803","Returning","stats","id","Bryant Bulldogs",NA,3,NA,23.47,28.01,-3.01,0.39,-2.63,NA
"5312952","5312952","Izzy Adams","Bryant Bulldogs","2803","Returning","stats","id","Bryant Bulldogs",NA,1,NA,21.06,25.13,0.79,1.03,1.82,NA
"5239920","5239920","Ndate Ndiaye","Bryant Bulldogs","2803","Transfer","stats","id","Florida International Panthers",NA,2,NA,16.39,19.56,-3.11,0.08,-3.03,NA
"5175411","5175411","Genevive Wedemeyer","Bryant Bulldogs","2803","Transfer","stats","id","Siena Saints",NA,3,NA,15.86,18.93,-2.01,-0.95,-2.96,NA
"fr_2803_aliyahbrame","fr_2803_aliyahbrame","Aliyah Brame","Bryant Bulldogs","2803","Newcomer","newcomer","none","Bethlehem","Fr.",0,NA,12.19,14.55,-1.77,0.42,-1.35,NA
"5240671","5240671","Olivia Fernandez","Bryant Bulldogs","2803","Returning","stats","id","Bryant Bulldogs",NA,2,NA,11.67,13.93,-4.87,0.91,-3.96,NA
"fr_2803_nataliechisi","fr_2803_nataliechisi","Natalie Chisi","Bryant Bulldogs","2803","Newcomer","newcomer","none","La Salle College & Middle Swan","Fr.",0,NA,11.53,13.77,-1.77,0.42,-1.35,NA
"fr_2803_ndeyeastoundiaye","fr_2803_ndeyeastoundiaye","Ndeye Astou Ndiaye","Bryant Bulldogs","2803","Newcomer","newcomer","none","FIU","So.",0,NA,11.06,13.2,-1.77,0.42,-1.35,NA
"fr_2803_sammiesullivan","fr_2803_sammiesullivan","Sammie Sullivan","Bryant Bulldogs","2803","Newcomer","newcomer","none","Londonderry","Fr.",0,NA,10.55,12.59,-1.77,0.42,-1.35,NA
"5312949","5312949","Jaida Guerra","Bryant Bulldogs","2803","Returning","stats","id","Bryant Bulldogs",NA,1,NA,8.42,10.05,-0.3,-0.51,-0.8,NA
"5242727","5242727","Reese Zemitis","Bucknell Bison","2083","Returning","stats","id","Bucknell Bison",NA,2,NA,29.65,35.38,-0.74,-0.05,-0.78,NA
"5179306","5179306","Anna Kunzwiler","Bucknell Bison","2083","Returning","stats","id","Bucknell Bison",NA,3,NA,25.83,30.83,-4.19,0.38,-3.81,NA
"5242723","5242723","Isabella Casey","Bucknell Bison","2083","Returning","stats","id","Bucknell Bison",NA,2,NA,24.26,28.95,-1.13,-0.49,-1.62,NA
"5242728","5242728","Elana Weisman","Bucknell Bison","2083","Returning","stats","id","Bucknell Bison",NA,2,NA,22.17,26.46,0.06,-0.44,-0.38,NA
"5315279","5315279","Ella Kreuzer","Bucknell Bison","2083","Returning","stats","id","Bucknell Bison",NA,1,NA,16.99,20.28,-2.94,-0.75,-3.69,NA
"5315278","5315278","Mariah Hardy","Bucknell Bison","2083","Returning","stats","id","Bucknell Bison",NA,1,NA,16.04,19.14,-0.7,-0.5,-1.19,NA
"5315276","5315276","Kaila Richards","Bucknell Bison","2083","Returning","stats","id","Bucknell Bison",NA,1,NA,13.11,15.65,-4.93,-0.59,-5.52,NA
"5315329","5315329","Peyton Musial","Bucknell Bison","2083","Transfer","stats","id","UAB Blazers",NA,1,NA,12,14.32,-1.92,-0.61,-2.53,NA
"fr_2083_alainadadzie","fr_2083_alainadadzie","Alaina Dadzie","Bucknell Bison","2083","Newcomer","newcomer","none","Loyalsock Township","Fr.",0,NA,11.54,13.77,-3.07,-0.8,-3.87,NA
"fr_2083_gracefeeney","fr_2083_gracefeeney","Grace Feeney","Bucknell Bison","2083","Newcomer","newcomer","none","Trinity Hall","Fr.",0,NA,10.9,13.01,-3.07,-0.8,-3.87,NA
"fr_2083_tessaliggio","fr_2083_tessaliggio","Tessa Liggio","Bucknell Bison","2083","Newcomer","newcomer","none","Red Bank Catholic High School","Fr.",0,NA,10.44,12.46,-3.07,-0.8,-3.87,NA
"5240663","5240663","Marisa Smith","Bucknell Bison","2083","Returning","stats","id","Bucknell Bison",NA,2,NA,7.07,8.44,-2.62,-1.05,-3.68,NA
"5241964","5241964","Aniya Rowe","Buffalo Bulls","2084","Returning","stats","id","Buffalo Bulls",NA,1,NA,27.58,32.91,-0.34,-0.37,-0.71,NA
"5313773","5313773","Meg Lucas","Buffalo Bulls","2084","Returning","stats","id","Buffalo Bulls",NA,1,NA,25.38,30.29,0.4,0.12,0.52,NA
"5313770","5313770","Deana Thompson","Buffalo Bulls","2084","Returning","stats","id","Buffalo Bulls",NA,1,NA,22.1,26.38,-2.14,-0.86,-3,NA
"5313771","5313771","Ella Corry","Buffalo Bulls","2084","Returning","stats","id","Buffalo Bulls",NA,1,NA,19.15,22.85,0.21,-0.95,-0.74,NA
"5313772","5313772","Diann Jackson","Buffalo Bulls","2084","Returning","stats","id","Buffalo Bulls",NA,1,NA,16.1,19.22,-1.67,-1.47,-3.14,NA
"5315315","5315315","Asia Wilson","Buffalo Bulls","2084","Transfer","stats","id","Holy Cross Crusaders",NA,1,NA,14.96,17.85,-2.37,-0.3,-2.67,NA
"fr_2084_annabelleday","fr_2084_annabelleday","Annabelle Day","Buffalo Bulls","2084","Newcomer","newcomer","none","North Tonawanda","Fr.",0,NA,11.49,13.71,-2.9,-1.12,-4.02,NA
"fr_2084_avalamonica","fr_2084_avalamonica","Ava Lamonica","Buffalo Bulls","2084","Newcomer","newcomer","none","Rutgers Prep","Fr.",0,NA,10.51,12.55,-2.9,-1.12,-4.02,NA
"fr_2084_brianayoung","fr_2084_brianayoung","Briana Young","Buffalo Bulls","2084","Newcomer","newcomer","none","Bloomfield Hills / Schoolcraft College","So.",0,NA,9.93,11.85,-2.9,-1.12,-4.02,NA
"fr_2084_ellawickstrom","fr_2084_ellawickstrom","Ella Wickstrom","Buffalo Bulls","2084","Newcomer","newcomer","none","Kilbreda College","Fr.",0,NA,9.51,11.35,-2.9,-1.12,-4.02,NA
"fr_2084_jadeahmarshall","fr_2084_jadeahmarshall","Jadeah Marshall","Buffalo Bulls","2084","Newcomer","newcomer","none","Loganville","Fr.",0,NA,9.04,10.79,-2.9,-1.12,-4.02,NA
"fr_2084_laylahearne","fr_2084_laylahearne","Layla Hearne","Buffalo Bulls","2084","Newcomer","newcomer","none","Unity College","Fr.",0,NA,8.71,10.4,-2.9,-1.12,-4.02,NA
"fr_2084_nataviaalber","fr_2084_nataviaalber","Natavia Alber","Buffalo Bulls","2084","Newcomer","newcomer","none","Northview Academy","Fr.",0,NA,8.1,9.66,-2.9,-1.12,-4.02,NA
"fr_2084_oyinkansolasoetan","fr_2084_oyinkansolasoetan","Oyinkansola Soetan","Buffalo Bulls","2084","Newcomer","newcomer","none","Japan Aviation Academy / Salt Lake C.C.","So.",0,NA,7.44,8.88,-2.9,-1.12,-4.02,NA
"5178548","5178548","Saniya Jackson","Butler Bulldogs","2086","Returning","stats","id","Butler Bulldogs",NA,2,NA,29.01,34.62,3.31,1.84,5.15,NA
"5242180","5242180","Tamar Singer","Butler Bulldogs","2086","Transfer","stats","id","Miami (OH) RedHawks",NA,2,NA,24.11,28.77,0.32,1.97,2.29,NA
"5313065","5313065","Karina Bystry","Butler Bulldogs","2086","Transfer","stats","id","Northern Kentucky Norse",NA,1,NA,21.18,25.28,3.28,0.21,3.48,NA
"5178547","5178547","Nevaeh Jackson","Butler Bulldogs","2086","Returning","stats","id","Butler Bulldogs",NA,3,NA,20.74,24.75,1.12,0.85,1.97,NA
"5174340","5174340","Lili Krasovec","Butler Bulldogs","2086","Transfer","stats","id","Purdue Fort Wayne Mastodons",NA,3,NA,17.2,20.53,2.33,0.99,3.32,NA
"5174751","5174751","Judit Valero","Butler Bulldogs","2086","Transfer","stats","id","Florida International Panthers",NA,3,NA,17.1,20.41,-0.43,-0.61,-1.04,NA
"5178179","5178179","Taya Ellis","Butler Bulldogs","2086","Transfer","stats","id","Bowling Green Falcons",NA,3,NA,15.09,18.01,0.87,1.12,1.98,NA
"5313104","5313104","Destiny Macharia","Butler Bulldogs","2086","Transfer","stats","id","Purdue Fort Wayne Mastodons",NA,1,NA,14.06,16.78,-1.4,0.12,-1.28,NA
"fr_2086_laniahwills","fr_2086_laniahwills","Laniah Wills","Butler Bulldogs","2086","Newcomer","newcomer","none","Lapel High School","Fr.",0,NA,11.05,13.19,-1.11,0.23,-0.88,NA
"fr_2086_lexibaer","fr_2086_lexibaer","Lexi Baer","Butler Bulldogs","2086","Newcomer","newcomer","none","Peoria Notre Dame High School","Fr.",0,NA,10.6,12.65,-1.11,0.23,-0.88,NA
"fr_2086_oliviahastings","fr_2086_oliviahastings","Olivia Hastings","Butler Bulldogs","2086","Newcomer","newcomer","none","Willoughby Girls High School","Fr.",0,NA,10.11,12.07,-1.11,0.23,-0.88,NA
"fr_2086_sagemiskel","fr_2086_sagemiskel","Sage Miskel","Butler Bulldogs","2086","Newcomer","newcomer","none","Whitefish Bay High School","Fr.",0,NA,9.76,11.64,-1.11,0.23,-0.88,NA
"5239446","5239446","Delaney Gibb","BYU Cougars","252","Returning","stats","id","BYU Cougars",NA,2,NA,28.63,34.17,6.36,2.63,8.99,NA
"5313624","5313624","Olivia Hamlin","BYU Cougars","252","Returning","stats","id","BYU Cougars",NA,1,NA,25.08,29.94,3.96,1.74,5.7,NA
"5313622","5313622","Sydney Benally","BYU Cougars","252","Returning","stats","id","BYU Cougars",NA,1,NA,21.75,25.96,-0.67,1.24,0.57,NA
"5239449","5239449","Brinley Cannon","BYU Cougars","252","Returning","stats","id","BYU Cougars",NA,2,NA,21.04,25.11,0.92,1.66,2.57,NA
"5239447","5239447","Kambree Barber","BYU Cougars","252","Returning","stats","id","BYU Cougars",NA,2,NA,18.46,22.03,1.9,3.04,4.93,NA
"5313623","5313623","Bolanle Yussuf","BYU Cougars","252","Returning","stats","id","BYU Cougars",NA,1,NA,14.19,16.94,2.99,2.53,5.52,NA
"5312401","5312401","Liza Astakhova","BYU Cougars","252","Transfer","stats","id","North Carolina Tar Heels",NA,1,NA,13.64,16.27,0.67,-0.31,0.36,NA
"fr_252_kaileywoolston","5175477","Kailey Woolston","BYU Cougars","252","Newcomer","history","name","Lone Peak High School","Sophomore",0,NA,11.56,13.8,0,1.18,1.18,NA
"fr_252_kambreebarbertaylor","fr_252_kambreebarbertaylor","Kambree Barber Taylor","BYU Cougars","252","Newcomer","newcomer","none","Rigby High School","Junior",0,NA,10.65,12.7,0,1.18,1.18,NA
"fr_252_prasayusnotoa","fr_252_prasayusnotoa","Prasayus Notoa","BYU Cougars","252","Newcomer","newcomer","none","Brisbane State High School","Freshman",0,NA,10.09,12.05,0,1.18,1.18,NA
"fr_252_stellasakalas","fr_252_stellasakalas","Stella Sakalas","BYU Cougars","252","Newcomer","newcomer","none","Nazareth Academy","Freshman",0,NA,9.7,11.57,0,1.18,1.18,NA
"fr_252_vahayliahseumanutafa","fr_252_vahayliahseumanutafa","Vahayliah Seumanutafa","BYU Cougars","252","Newcomer","newcomer","none","Brisbane State High School","Freshman",0,NA,9.26,11.06,0,1.18,1.18,NA
"5313626","5313626","Mariam Traore","BYU Cougars","252","Returning","stats","id","BYU Cougars",NA,1,NA,5.94,7.09,-0.82,0.06,-0.76,NA
"5248633","5248633","Nora Perez","Cal Poly Mustangs","13","Returning","stats","id","Cal Poly Mustangs",NA,2,NA,24.06,28.72,-1.74,-2.21,-3.96,NA
"5240710","5240710","Gabby Robinson","Cal Poly Mustangs","13","Returning","stats","id","Cal Poly Mustangs",NA,2,NA,22.63,27.01,-4.74,-1.82,-6.56,NA
"5107728","5107728","Madison Butcher","Cal Poly Mustangs","13","Returning","stats","id","Cal Poly Mustangs",NA,3,NA,20.78,24.8,-1.1,-1.77,-2.87,NA
"5240722","5240722","Maddy Tauro","Cal Poly Mustangs","13","Transfer","stats","id","Cal State Fullerton Titans",NA,2,NA,17.73,21.16,-1,0.19,-0.81,NA
"5312908","5312908","Dulci Vail","Cal Poly Mustangs","13","Returning","stats","id","Cal Poly Mustangs",NA,1,NA,16.03,19.14,-1.91,-2.55,-4.46,NA
"5175902","5175902","Jordan Billing","Cal Poly Mustangs","13","Returning","stats","id","Cal Poly Mustangs",NA,3,NA,13.01,15.53,-2.25,-1.62,-3.86,NA
"5240712","5240712","Avery Knapp","Cal Poly Mustangs","13","Returning","stats","id","Cal Poly Mustangs",NA,2,NA,12.05,14.38,-0.1,-2.15,-2.24,NA
"5175040","5175040","Sumer Lee","Cal Poly Mustangs","13","Transfer","stats","id","DePaul Blue Demons",NA,3,NA,11.13,13.29,-3.33,-1.58,-4.91,NA
"5314929","5314929","Ysabella Von Seipler","Cal Poly Mustangs","13","Transfer","stats","id","San Diego Toreros",NA,1,NA,10.59,12.64,-0.09,-0.71,-0.79,NA
"5312907","5312907","Katie Peiffer","Cal Poly Mustangs","13","Returning","stats","id","Cal Poly Mustangs",NA,1,NA,10.46,12.49,-1.86,-1.56,-3.42,NA
"fr_13_atlantabasssulpizio","fr_13_atlantabasssulpizio","Atlanta Bass-Sulpizio","Cal Poly Mustangs","13","Newcomer","newcomer","none","La Jolla Country Day HS","Fr.",0,NA,8.61,10.28,-2.93,-2.14,-5.07,NA
"fr_13_biancaslone","fr_13_biancaslone","Bianca Slone","Cal Poly Mustangs","13","Newcomer","newcomer","none","Cathedral Catholic","Fr.",0,NA,8.29,9.89,-2.93,-2.14,-5.07,NA
"fr_13_dessiulmer","fr_13_dessiulmer","Dessi Ulmer","Cal Poly Mustangs","13","Newcomer","newcomer","none","Colby Community College","Jr.",0,NA,7.69,9.18,-2.93,-2.14,-5.07,NA
"fr_13_lenamost","fr_13_lenamost","Lena Most","Cal Poly Mustangs","13","Newcomer","newcomer","none","Garfield HS","Fr.",0,NA,7.05,8.42,-2.93,-2.14,-5.07,NA
"5242474","5242474","Mecca Alexander","Cal Poly Mustangs","13","Transfer","stats","id","San José State Spartans",NA,2,NA,6.07,7.25,-3.84,-2.16,-5.99,NA
"5312906","5312906","Ella Skrzyniarz","Cal Poly Mustangs","13","Returning","stats","id","Cal Poly Mustangs",NA,1,NA,3.81,4.54,-2.31,-1.4,-3.72,NA
"5240813","5240813","Dresha Moore","Cal State Bakersfield Roadrunners","2934","Transfer","stats","id","San Diego Toreros",NA,2,NA,21.44,25.59,-3.66,-0.68,-4.33,NA
"5321503","5321503","Madi Johnson","Cal State Bakersfield Roadrunners","2934","Transfer (non-D1)","stats","none","MSU Denver Roadrunners",NA,3,NA,21.41,25.56,-3.45,-0.97,-4.42,"Valued at the D2/NAIA level (assumed)"
"5108715","5108715","Nseije Ortiz","Cal State Bakersfield Roadrunners","2934","Newcomer","stats","id","Chico State Wildcats",NA,3,NA,18.88,22.53,-2.64,-1.28,-3.92,NA
"fr_2934_djkendrick","fr_2934_djkendrick","DJ Kendrick","Cal State Bakersfield Roadrunners","2934","Newcomer","newcomer","none","Lewis & Clark College","Sr.",0,NA,17.05,20.35,-2.64,-1.28,-3.92,NA
"fr_2934_elizabethjohnson","fr_2934_elizabethjohnson","Elizabeth Johnson","Cal State Bakersfield Roadrunners","2934","Newcomer","newcomer","none","Orcutt Academy HS","Fr.",0,NA,15.27,18.23,-2.64,-1.28,-3.92,NA
"fr_2934_elysemitchell","fr_2934_elysemitchell","Elyse Mitchell","Cal State Bakersfield Roadrunners","2934","Newcomer","newcomer","none","Azusa Pacific","Sr.",0,NA,14.77,17.62,-2.64,-1.28,-3.92,NA
"fr_2934_giannaghio","fr_2934_giannaghio","Gianna Ghio","Cal State Bakersfield Roadrunners","2934","Newcomer","newcomer","none","Laney College","Sr.",0,NA,13.44,16.04,-2.64,-1.28,-3.92,NA
"fr_2934_hunterhudson","fr_2934_hunterhudson","Hunter Hudson","Cal State Bakersfield Roadrunners","2934","Newcomer","newcomer","none","Cal Poly Pomona","Sr.",0,NA,12.3,14.68,-2.64,-1.28,-3.92,NA
"fr_2934_malohniwarren","fr_2934_malohniwarren","Malohni Warren","Cal State Bakersfield Roadrunners","2934","Newcomer","newcomer","none","Clovis West HS","Fr.",0,NA,11.62,13.87,-2.64,-1.28,-3.92,NA
"5242460","5242460","Aloni Oliver","Cal State Bakersfield Roadrunners","2934","Transfer","stats","id","Fresno State Bulldogs",NA,1,NA,11.22,13.39,-2.22,-0.35,-2.56,NA
"fr_2934_mydreamoore","fr_2934_mydreamoore","Mydrea Moore","Cal State Bakersfield Roadrunners","2934","Newcomer","newcomer","none","Cal Poly Pomona","Sr.",0,NA,11.13,13.28,-2.64,-1.28,-3.92,NA
"5240997","5240997","Faith Curry","Cal State Bakersfield Roadrunners","2934","Transfer","stats","id","Northern Arizona Lumberjacks",NA,1,NA,10.69,12.76,-2.47,-1.62,-4.09,NA
"fr_2934_silvanamaldonado","fr_2934_silvanamaldonado","Silvana Maldonado","Cal State Bakersfield Roadrunners","2934","Newcomer","newcomer","none","St. Jude's Academy","Fr.",0,NA,10.58,12.63,-2.64,-1.28,-3.92,NA
"fr_2934_sofiaahmed","fr_2934_sofiaahmed","Sofia Ahmed","Cal State Bakersfield Roadrunners","2934","Newcomer","newcomer","none","Dodge City CC","Jr.",0,NA,10.19,12.17,-2.64,-1.28,-3.92,NA
"5312880","5312880","Dylan Swindle","Cal State Fullerton Titans","2239","Returning","stats","id","Cal State Fullerton Titans",NA,1,NA,27.37,32.66,-1.12,-0.63,-1.75,NA
"5240723","5240723","Jana Falsdottir","Cal State Fullerton Titans","2239","Returning","stats","id","Cal State Fullerton Titans",NA,2,NA,24.69,29.47,-1.24,-0.42,-1.66,NA
"5182302","5182302","Talia Maxwell","Cal State Fullerton Titans","2239","Returning","stats","id","Cal State Fullerton Titans",NA,3,NA,22.44,26.78,1.68,-0.12,1.56,NA
"5312879","5312879","Maxine Sutisna","Cal State Fullerton Titans","2239","Returning","stats","id","Cal State Fullerton Titans",NA,1,NA,17.85,21.31,0.15,-0.14,0.01,NA
"5312878","5312878","Mimi Moon","Cal State Fullerton Titans","2239","Returning","stats","id","Cal State Fullerton Titans",NA,1,NA,14.79,17.65,-0.97,-0.28,-1.25,NA
"fr_2239_alexisprice","fr_2239_alexisprice","Alexis Price","Cal State Fullerton Titans","2239","Newcomer","newcomer","none","Irvine Valley College","Jr.",0,NA,14.58,17.4,-1.69,-0.35,-2.05,NA
"fr_2239_alyssadreessen","fr_2239_alyssadreessen","Alyssa Dreessen","Cal State Fullerton Titans","2239","Newcomer","newcomer","none","Cal Poly Humboldt","R-Jr.",0,NA,13.3,15.87,-1.69,-0.35,-2.05,NA
"fr_2239_anasiawilcox","fr_2239_anasiawilcox","Anasia Wilcox","Cal State Fullerton Titans","2239","Newcomer","newcomer","none","Paris Junior College","Jr.",0,NA,12.2,14.56,-1.69,-0.35,-2.05,NA
"fr_2239_asharicassell","fr_2239_asharicassell","Ashari Cassell","Cal State Fullerton Titans","2239","Newcomer","newcomer","none","Orange Lutheran HS","R-Jr.",0,NA,11.54,13.77,-1.69,-0.35,-2.05,NA
"fr_2239_bernadettecarranza","fr_2239_bernadettecarranza","Bernadette Carranza","Cal State Fullerton Titans","2239","Newcomer","newcomer","none","Canyon View HS","Fr.",0,NA,11.06,13.2,-1.69,-0.35,-2.05,NA
"fr_2239_jenniferhawkins","fr_2239_jenniferhawkins","Jennifer Hawkins","Cal State Fullerton Titans","2239","Newcomer","newcomer","none","Paramount HS","Fr.",0,NA,10.54,12.58,-1.69,-0.35,-2.05,NA
"fr_2239_julianaaragon","fr_2239_julianaaragon","Juliana Aragon","Cal State Fullerton Titans","2239","Newcomer","newcomer","none","New Mexico Highlands University","Gr.",0,NA,10.17,12.13,-1.69,-0.35,-2.05,NA
"fr_2239_shadelffrench","fr_2239_shadelffrench","Shadel Ffrench","Cal State Fullerton Titans","2239","Newcomer","newcomer","none","Glendale CC","Jr.",0,NA,9.47,11.31,-1.69,-0.35,-2.05,NA
"5312872","5312872","Saray White","Cal State Northridge Matadors","2463","Returning","stats","id","Cal State Northridge Matadors",NA,3,NA,29.39,35.08,0.87,0.27,1.14,NA
"5240401","5240401","Rita Nazario","Cal State Northridge Matadors","2463","Returning","stats","id","Cal State Northridge Matadors",NA,2,NA,26.96,32.17,1.23,-0.82,0.41,NA
"5175075","5175075","Nadia Bernard","Cal State Northridge Matadors","2463","Returning","stats","id","Cal State Northridge Matadors",NA,3,NA,21.22,25.33,-1.42,-0.81,-2.23,NA
"5312871","5312871","Amya Moody","Cal State Northridge Matadors","2463","Returning","stats","id","Cal State Northridge Matadors",NA,1,NA,18.39,21.94,-2.72,-1.24,-3.96,NA
"fr_2463_carlottacocuzza","fr_2463_carlottacocuzza","Carlotta Cocuzza","Cal State Northridge Matadors","2463","Newcomer","newcomer","none","Scientific High School","Fr.",0,NA,16.13,19.25,-2.72,-0.72,-3.44,NA
"5315197","5315197","Hodaya Kabada","Cal State Northridge Matadors","2463","Transfer","stats","id","UNLV Lady Rebels",NA,1,NA,16.08,19.19,-1.41,-0.7,-2.11,NA
"5312875","5312875","Jana Canadell","Cal State Northridge Matadors","2463","Returning","stats","id","Cal State Northridge Matadors",NA,1,NA,15.53,18.53,-3.3,-1.02,-4.33,NA
"5241095","5241095","Princess Okafor Nweze","Cal State Northridge Matadors","2463","Transfer","stats","id","South Alabama Jaguars",NA,2,NA,15.31,18.28,-1.48,-1.24,-2.72,NA
"fr_2463_sophiadignadice","fr_2463_sophiadignadice","Sophia Dignadice","Cal State Northridge Matadors","2463","Newcomer","newcomer","none","Bishop Montgomery HS","Fr.",0,NA,14.69,17.53,-2.72,-0.72,-3.44,NA
"5242755","5242755","Sibelle Zambie","Cal State Northridge Matadors","2463","Transfer","stats","id","Lehigh Mountain Hawks",NA,2,NA,13.75,16.42,-2.25,-0.53,-2.78,NA
"5312876","5312876","Maya Contreras","Cal State Northridge Matadors","2463","Returning","stats","id","Cal State Northridge Matadors",NA,2,NA,12.55,14.98,1.2,-0.84,0.35,NA
"5315736","5315736","Lauren Olsen","California Baptist Lancers","2856","Returning","stats","id","California Baptist Lancers",NA,1,NA,28.21,33.67,3.67,-0.18,3.49,NA
"5175966","5175966","Chloe Briggs","California Baptist Lancers","2856","Transfer","stats","id","Washington Huskies",NA,3,NA,22.28,26.59,0.3,0.93,1.23,NA
"5315735","5315735","Reyleigh Hess","California Baptist Lancers","2856","Returning","stats","id","California Baptist Lancers",NA,1,NA,21.63,25.82,-1.89,-0.1,-1.98,NA
"5176490","5176490","Sofia Alonso","California Baptist Lancers","2856","Returning","stats","id","California Baptist Lancers",NA,3,NA,19.97,23.84,-4.02,-0.09,-4.12,NA
"fr_2856_bellaklages","fr_2856_bellaklages","Bella Klages","California Baptist Lancers","2856","Newcomer","newcomer","none","Hartford Union HS","Fr.",0,NA,15.14,18.07,-0.8,-0.1,-0.9,NA
"5312435","5312435","Spela Brecelj","California Baptist Lancers","2856","Transfer","stats","id","Virginia Tech Hokies",NA,1,NA,14.22,16.97,-0.38,-0.44,-0.82,NA
"fr_2856_ellalinder","fr_2856_ellalinder","Ella Linder","California Baptist Lancers","2856","Newcomer","newcomer","none","Sanda Gymnasiet","Fr.",0,NA,14.11,16.84,-0.8,-0.1,-0.9,NA
"5314909","5314909","Sienna Grieger","California Baptist Lancers","2856","Transfer","stats","id","Santa Clara Broncos",NA,1,NA,13.99,16.7,-0.35,-0.64,-0.99,NA
"fr_2856_josieagnew","fr_2856_josieagnew","Josie Agnew","California Baptist Lancers","2856","Newcomer","newcomer","none","Caulfield Grammar School","Fr.",0,NA,12.88,15.38,-0.8,-0.1,-0.9,NA
"fr_2856_mckinleywillardson","fr_2856_mckinleywillardson","McKinley Willardson","California Baptist Lancers","2856","Newcomer","newcomer","none","Santiago HS","So.",0,NA,11.84,14.13,-0.8,-0.1,-0.9,NA
"fr_2856_novellemcquiston","fr_2856_novellemcquiston","Novelle McQuiston","California Baptist Lancers","2856","Newcomer","newcomer","none","Perry HS","Fr.",0,NA,11.21,13.37,-0.8,-0.1,-0.9,NA
"5176487","5176487","Paula Haw","California Baptist Lancers","2856","Returning","stats","id","California Baptist Lancers",NA,3,NA,8.13,9.7,-1.85,-0.16,-2.01,NA
"5315738","5315738","Marta De La Fuente","California Baptist Lancers","2856","Returning","stats","id","California Baptist Lancers",NA,1,NA,6.38,7.61,-2.44,-0.81,-3.25,NA
"5178589","5178589","Lulu Twidale","California Golden Bears","25","Returning","stats","id","California Golden Bears",NA,3,NA,28.07,33.49,5.55,1.63,7.18,NA
"5124078","5124078","Gisella Maul","California Golden Bears","25","Returning","stats","id","California Golden Bears",NA,3,NA,24.5,29.24,4.9,3.08,7.97,NA
"5174270","5174270","Mjracle Sheppard","California Golden Bears","25","Returning","stats","id","California Golden Bears",NA,3,NA,22.91,27.34,2.97,3.18,6.15,NA
"5311853","5311853","Taylor Barnes","California Golden Bears","25","Returning","stats","id","California Golden Bears",NA,1,NA,20.06,23.94,1.41,1.35,2.76,NA
"5178275","5178275","Shannon Dowell","California Golden Bears","25","Transfer","stats","id","Missouri Tigers",NA,3,NA,17.7,21.13,4.95,1.42,6.37,NA
"5240390","5240390","Albina Syla","California Golden Bears","25","Transfer","stats","id","Rhode Island Rams",NA,2,NA,15.65,18.68,3.71,1.77,5.48,NA
"5105749","5105749","Naya Ojukwu","California Golden Bears","25","Returning","stats","id","California Golden Bears",NA,2,NA,11.72,13.99,7.88,0.75,8.63,NA
"5312418","5312418","Carly Amborn","California Golden Bears","25","Transfer","stats","id","Stanford Cardinal",NA,1,NA,11.24,13.42,2.45,0.22,2.68,NA
"fr_25_jovanajevtovic","fr_25_jovanajevtovic","Jovana Jevtovic","California Golden Bears","25","Newcomer","newcomer","none",NA,"Fr.",0,NA,9.78,11.68,0.43,1.01,1.44,NA
"fr_25_rubyperkins","fr_25_rubyperkins","Ruby Perkins","California Golden Bears","25","Newcomer","newcomer","none",NA,"Fr.",0,NA,9.28,11.08,0.43,1.01,1.44,NA
"fr_25_zararussell","fr_25_zararussell","Zara Russell","California Golden Bears","25","Newcomer","newcomer","none",NA,"Fr.",0,NA,8.92,10.64,0.43,1.01,1.44,NA
"fr_25_annalagonikaki","fr_25_annalagonikaki","Anna Lagonikaki","California Golden Bears","25","International (FIBA)","newcomer","none",NA,"Fr.",0,NA,8.22,9.81,-1.21,0.4,-0.81,NA
"5178591","5178591","Anastasia Drosouni","California Golden Bears","25","Returning","stats","id","California Golden Bears",NA,3,NA,7.21,8.61,0.2,0.13,0.33,NA
"5239498","5239498","Sofia Bowes","California Golden Bears","25","Returning","stats","id","California Golden Bears",NA,2,NA,4.74,5.65,-1.08,-0.2,-1.28,NA
"5239386","5239386","Jasmine Felton","Campbell Fighting Camels","2097","Returning","stats","id","Campbell Fighting Camels",NA,2,NA,31.56,37.67,2.93,1.29,4.23,NA
"5239383","5239383","Emerson Thompson","Campbell Fighting Camels","2097","Returning","stats","id","Campbell Fighting Camels",NA,2,NA,20.72,24.73,-1.81,0.71,-1.1,NA
"fr_2097_amitarieli","fr_2097_amitarieli","Amit Arieli","Campbell Fighting Camels","2097","Newcomer","newcomer","none","Dror","Fr.",0,NA,19.65,23.45,-2.11,-0.23,-2.34,NA
"fr_2097_claracomas","fr_2097_claracomas","Clara Comas","Campbell Fighting Camels","2097","Newcomer","newcomer","none","ÍES CTEIB","Fr.",0,NA,17.77,21.21,-2.11,-0.23,-2.34,NA
"fr_2097_durusahbilen","fr_2097_durusahbilen","Durusah Bilen","Campbell Fighting Camels","2097","Newcomer","newcomer","none","Istanbul Anakent HS","Fr.",0,NA,15.95,19.03,-2.11,-0.23,-2.34,NA
"fr_2097_emmacarter","fr_2097_emmacarter","Emma Carter","Campbell Fighting Camels","2097","Newcomer","newcomer","none","Oak City Prep","Fr.",0,NA,15.86,18.93,-2.11,-0.23,-2.34,NA
"fr_2097_genesisschneeberg","fr_2097_genesisschneeberg","Genesis Schneeberg","Campbell Fighting Camels","2097","Newcomer","newcomer","none","Sidwell Friends School","Fr.",0,NA,14.46,17.26,-2.11,-0.23,-2.34,NA
"fr_2097_kiayadavis","fr_2097_kiayadavis","Kiaya Davis","Campbell Fighting Camels","2097","Newcomer","newcomer","none","Little Rock Central HS","Jr.",0,NA,13.26,15.83,-2.11,-0.23,-2.34,NA
"fr_2097_lauramartin","fr_2097_lauramartin","Laura Martín","Campbell Fighting Camels","2097","Newcomer","newcomer","none","Colegio San Antonio de Padua","Fr.",0,NA,12.54,14.97,-2.11,-0.23,-2.34,NA
"fr_2097_hanapredojevic","fr_2097_hanapredojevic","Hana Predojevic","Campbell Fighting Camels","2097","International (FIBA)","newcomer","none","Nikola Tesla Banja Luka","Fr.",0,NA,11.77,14.05,-3.22,-0.44,-3.66,NA
"5177748","5177748","Peris Smith","Campbell Fighting Camels","2097","Returning","stats","id","Campbell Fighting Camels",NA,3,NA,9.67,11.54,-1.26,-0.36,-1.63,NA
"5177745","5177745","Jessica Woods","Campbell Fighting Camels","2097","Returning","stats","id","Campbell Fighting Camels",NA,3,NA,8.4,10.03,-5.2,-0.93,-6.14,NA
"5239382","5239382","Mikayla Taborn","Campbell Fighting Camels","2097","Returning","stats","id","Campbell Fighting Camels",NA,2,NA,8.38,10,-1.83,-0.99,-2.83,NA
"5184818","5184818","Shariah Gailes","Canisius Golden Griffins","2099","Returning","stats","id","Canisius Golden Griffins",NA,3,NA,27.94,33.35,2.97,-1.01,1.96,NA
"5241767","5241767","Yasmine Djibril","Canisius Golden Griffins","2099","Returning","stats","id","Canisius Golden Griffins",NA,2,NA,24.76,29.56,-1.44,-1.89,-3.33,NA
"5241763","5241763","Corniya Clay","Canisius Golden Griffins","2099","Returning","stats","id","Canisius Golden Griffins",NA,2,NA,22.07,26.34,-2.62,-2.66,-5.28,NA
"5176851","5176851","Mary Copple","Canisius Golden Griffins","2099","Returning","stats","id","Canisius Golden Griffins",NA,3,NA,17.89,21.36,-4.44,-1.97,-6.4,NA
"5239428","5239428","Maria Sanchez Pitarch","Canisius Golden Griffins","2099","Transfer","stats","id","Northeastern Huskies",NA,2,NA,14.83,17.7,-3.41,-2.02,-5.43,NA
"5313571","5313571","Kelsey Bess","Canisius Golden Griffins","2099","Returning","stats","id","Canisius Golden Griffins",NA,3,NA,13.97,16.68,-1.95,-1.3,-3.25,NA
"5313573","5313573","Molly Mescall","Canisius Golden Griffins","2099","Returning","stats","id","Canisius Golden Griffins",NA,1,NA,10.88,12.98,-4.59,-2.13,-6.72,NA
"5241762","5241762","Alex Moses","Canisius Golden Griffins","2099","Returning","stats","id","Canisius Golden Griffins",NA,2,NA,10.31,12.31,-3.45,-1.8,-5.25,NA
"5243541","5243541","Jania Akins","Canisius Golden Griffins","2099","Newcomer","stats","none","Canisius Golden Griffins",NA,1,NA,10.29,12.28,-3.3,-1.8,-5.11,NA
"fr_2099_aubreehupp","fr_2099_aubreehupp","Aubree Hupp","Canisius Golden Griffins","2099","Newcomer","newcomer","none","Blackhawk","Fr.",0,NA,9.84,11.75,-3.3,-1.8,-5.11,NA
"fr_2099_celenagrant","fr_2099_celenagrant","Celena Grant","Canisius Golden Griffins","2099","Newcomer","newcomer","none","North Augusta","Fr.",0,NA,9.35,11.16,-3.3,-1.8,-5.11,NA
"fr_2099_sofiavitucci","fr_2099_sofiavitucci","Sofia Vitucci","Canisius Golden Griffins","2099","Newcomer","newcomer","none","Pennsbury/Harcum College","Jr.",0,NA,9,10.74,-3.3,-1.8,-5.11,NA
"fr_2099_suzanewembandjonga","fr_2099_suzanewembandjonga","Suzane Wembandjonga","Canisius Golden Griffins","2099","Newcomer","newcomer","none","Lycee Techinque Jean Fidele Otondo/Northeast Oklahoma A&M","Jr.",0,NA,8.36,9.97,-3.3,-1.8,-5.11,NA
"5241761","5241761","Ari Parker","Canisius Golden Griffins","2099","Returning","stats","id","Canisius Golden Griffins",NA,1,NA,6.41,7.65,-2.35,-1.53,-3.88,NA
"5176850","5176850","Saige Randolph","Canisius Golden Griffins","2099","Returning","stats","id","Canisius Golden Griffins",NA,3,NA,4.08,4.87,-3.56,-1.37,-4.93,NA
"5175432","5175432","Cheyanne Kemp","Central Arkansas Sugar Bears","2110","Returning","stats","id","Central Arkansas Sugar Bears",NA,3,NA,27.54,32.87,3.2,0.8,4.01,NA
"5240581","5240581","Jenna Cook","Central Arkansas Sugar Bears","2110","Returning","stats","id","Central Arkansas Sugar Bears",NA,2,NA,23.48,28.02,1.93,0.28,2.21,NA
"5240818","5240818","Paris Santacaterina","Central Arkansas Sugar Bears","2110","Returning","stats","id","Central Arkansas Sugar Bears",NA,3,NA,21.92,26.16,-0.14,1.37,1.24,NA
"5315776","5315776","Tiani Ellison","Central Arkansas Sugar Bears","2110","Transfer","stats","id","East Texas A&M Lions",NA,2,NA,17.42,20.79,2.36,0.27,2.63,NA
"5315240","5315240","Laylah Reese","Central Arkansas Sugar Bears","2110","Returning","stats","id","Central Arkansas Sugar Bears",NA,3,NA,17.34,20.7,0.34,0.85,1.19,NA
"5242242","5242242","Linda Amaning","Central Arkansas Sugar Bears","2110","Returning","stats","id","Central Arkansas Sugar Bears",NA,2,NA,15.07,17.99,-1.26,0.21,-1.05,NA
"5315155","5315155","Layla-J Cameron","Central Arkansas Sugar Bears","2110","Transfer","stats","id","Tulsa Golden Hurricane",NA,3,NA,14.21,16.96,-0.38,0.26,-0.13,NA
"5315241","5315241","Alexis Cox","Central Arkansas Sugar Bears","2110","Returning","stats","id","Central Arkansas Sugar Bears",NA,1,NA,10.19,12.16,-0.88,0.37,-0.5,NA
"5315239","5315239","Emerie Bohanon","Central Arkansas Sugar Bears","2110","Returning","stats","id","Central Arkansas Sugar Bears",NA,1,NA,10.17,12.13,-1.68,0.55,-1.13,NA
"fr_2110_averymier","fr_2110_averymier","Avery Mier","Central Arkansas Sugar Bears","2110","Newcomer","newcomer","none",NA,"Fr.",0,NA,10.02,11.96,-0.98,0.49,-0.49,NA
"fr_2110_faithmccallop","fr_2110_faithmccallop","Faith McCallop","Central Arkansas Sugar Bears","2110","Newcomer","newcomer","none","Piper HS","Fr.",0,NA,9.56,11.41,-0.98,0.49,-0.49,NA
"fr_2110_loganyoung","fr_2110_loganyoung","Logan Young","Central Arkansas Sugar Bears","2110","Newcomer","newcomer","none","Arkansas Tech","So.",0,NA,9.22,11.01,-0.98,0.49,-0.49,NA
"fr_2110_samishaeffer","fr_2110_samishaeffer","Sami Shaeffer","Central Arkansas Sugar Bears","2110","Newcomer","newcomer","none","Bartlesville HS","Fr.",0,NA,8.61,10.28,-0.98,0.49,-0.49,NA
"5315242","5315242","Alivia Cox","Central Arkansas Sugar Bears","2110","Returning","stats","id","Central Arkansas Sugar Bears",NA,1,NA,5.25,6.26,-2.7,-0.37,-3.06,NA
"5242506","5242506","Jessica Farrell","Central Connecticut Blue Devils","2115","Returning","stats","id","Central Connecticut Blue Devils",NA,2,NA,34.75,38,-4.3,-3.18,-7.48,NA
"5315071","5315071","Christa Ramos","Central Connecticut Blue Devils","2115","Returning","stats","id","Central Connecticut Blue Devils",NA,1,NA,27.47,32.78,-5.04,-2.98,-8.02,NA
"5315075","5315075","Nicora Patrick","Central Connecticut Blue Devils","2115","Returning","stats","id","Central Connecticut Blue Devils",NA,1,NA,25.14,30.01,-1.58,-2.63,-4.2,NA
"5315072","5315072","Mathilda Toure","Central Connecticut Blue Devils","2115","Returning","stats","id","Central Connecticut Blue Devils",NA,1,NA,19.89,23.74,-4.02,-2.74,-6.76,NA
"5315073","5315073","Jah'Nae Stevens","Central Connecticut Blue Devils","2115","Returning","stats","id","Central Connecticut Blue Devils",NA,1,NA,16.43,19.61,-4.87,-2.53,-7.4,NA
"pad_2115_1","pad_2115_1","Unlisted roster spot","Central Connecticut Blue Devils","2115","Unlisted spot","pad","pad",NA,NA,0,NA,15.6,18.62,-4.17,-2.86,-7.03,NA
"pad_2115_2","pad_2115_2","Unlisted roster spot","Central Connecticut Blue Devils","2115","Unlisted spot","pad","pad",NA,NA,0,NA,15.6,18.62,-4.17,-2.86,-7.03,NA
"pad_2115_3","pad_2115_3","Unlisted roster spot","Central Connecticut Blue Devils","2115","Unlisted spot","pad","pad",NA,NA,0,NA,15.6,18.62,-4.17,-2.86,-7.03,NA
"pad_2115_4","pad_2115_4","Unlisted roster spot","Central Connecticut Blue Devils","2115","Unlisted spot","pad","pad",NA,NA,0,NA,15.1,18.02,-4.17,-2.86,-7.03,NA
"pad_2115_5","pad_2115_5","Unlisted roster spot","Central Connecticut Blue Devils","2115","Unlisted spot","pad","pad",NA,NA,0,NA,14.43,17.22,-4.17,-2.86,-7.03,NA
"5313761","5313761","Lilah Turnbull","Central Michigan Chippewas","2117","Returning","stats","id","Central Michigan Chippewas",NA,1,NA,27.5,32.82,-2.07,0.14,-1.93,NA
"5313763","5313763","Rylan Buschell","Central Michigan Chippewas","2117","Returning","stats","id","Central Michigan Chippewas",NA,1,NA,25.17,30.04,-3.1,-0.54,-3.64,NA
"5239074","5239074","Summer Davis","Central Michigan Chippewas","2117","Transfer","stats","id","Georgetown Hoyas",NA,2,NA,22.1,26.37,-0.38,1.91,1.53,NA
"5242153","5242153","Jayda Mosley","Central Michigan Chippewas","2117","Returning","stats","id","Central Michigan Chippewas",NA,2,NA,21.66,25.86,1.94,-0.26,1.68,NA
"5239075","5239075","Indya Davis","Central Michigan Chippewas","2117","Transfer","stats","id","Georgetown Hoyas",NA,2,NA,19.52,23.3,1.52,1.02,2.54,NA
"5242149","5242149","Riley Smith","Central Michigan Chippewas","2117","Returning","stats","id","Central Michigan Chippewas",NA,2,NA,16.64,19.86,-0.89,-1.7,-2.59,NA
"5242154","5242154","Taylor Johnson","Central Michigan Chippewas","2117","Returning","stats","id","Central Michigan Chippewas",NA,3,NA,15.44,18.42,-2.66,-1.15,-3.81,NA
"fr_2117_audreyparker","fr_2117_audreyparker","Audrey Parker","Central Michigan Chippewas","2117","Newcomer","newcomer","none","Copley","Fr.",0,NA,13.96,16.66,-0.65,-0.19,-0.84,NA
"fr_2117_jailenngreen","fr_2117_jailenngreen","Jailenn Green","Central Michigan Chippewas","2117","Newcomer","newcomer","none","Saint Leo","So.",0,NA,13.22,15.78,-0.65,-0.19,-0.84,NA
"fr_2117_jawelledaquin","fr_2117_jawelledaquin","Jawelle Daquin","Central Michigan Chippewas","2117","Newcomer","newcomer","none","Hector Berlioz","Fr.",0,NA,12.69,15.14,-0.65,-0.19,-0.84,NA
"fr_2117_sarahbrown","fr_2117_sarahbrown","Sarah Brown","Central Michigan Chippewas","2117","Newcomer","newcomer","none","China Spring","Fr.",0,NA,12.1,14.44,-0.65,-0.19,-0.84,NA
"5177948","5177948","Tyja Beans","Charleston Cougars","232","Returning","stats","id","Charleston Cougars",NA,3,NA,32.06,38,3.96,0.14,4.1,NA
"5106213","5106213","Abby Jegede","Charleston Cougars","232","Transfer","stats","id","Tulsa Golden Hurricane",NA,3,NA,26.73,31.91,0.65,-0.34,0.31,NA
"5312781","5312781","Mia James","Charleston Cougars","232","Transfer","stats","id","George Washington Revolutionaries",NA,1,NA,24.42,29.14,-1.21,0.15,-1.06,NA
"fr_232_maggiespell","fr_232_maggiespell","Maggie Spell","Charleston Cougars","232","Newcomer","newcomer","none","Thomas Jefferson HS","Fr.",0,NA,19.71,23.52,-0.29,0.02,-0.27,NA
"5311877","5311877","Anilys Rolon","Charleston Cougars","232","Returning","stats","id","Charleston Cougars",NA,1,NA,19.48,23.25,2.16,-0.28,1.88,NA
"fr_232_chanelndi","fr_232_chanelndi","Chanel Ndi","Charleston Cougars","232","International (FIBA)","newcomer","none","Deutschhaus-Gymnasium","Fr.",0,NA,17.99,21.48,-0.67,0.34,-0.33,NA
"fr_232_dakaramerthie","fr_232_dakaramerthie","Dakara Merthie","Charleston Cougars","232","Newcomer","newcomer","none","Ocoee HS","Fr.",0,NA,17.95,21.42,-0.29,0.02,-0.27,NA
"fr_232_jannavogelaar","fr_232_jannavogelaar","Janna Vogelaar","Charleston Cougars","232","International (FIBA)","newcomer","none",NA,"Fr.",0,NA,16.4,19.57,-1.03,0.07,-0.96,NA
"5240349","5240349","Camila De Pool","Charleston Cougars","232","Returning","stats","id","Charleston Cougars",NA,2,NA,13.27,15.84,-1.87,-0.93,-2.8,NA
"5311876","5311876","Aubrey Stevenson","Charleston Cougars","232","Returning","stats","id","Charleston Cougars",NA,1,NA,11.99,14.3,-3.18,-0.5,-3.68,NA
"5175825","5175825","Alaina Nettles","Charleston Southern Buccaneers","2127","Returning","stats","id","Charleston Southern Buccaneers",NA,3,NA,29.09,34.71,-1.7,-2.59,-4.3,NA
"5311872","5311872","Ashleigh Battle","Charleston Southern Buccaneers","2127","Transfer","stats","id","Campbell Fighting Camels",NA,3,NA,22.16,26.44,-3.09,-1.6,-4.7,NA
"fr_2127_anicaskrivan","fr_2127_anicaskrivan","Anica Skrivan","Charleston Southern Buccaneers","2127","Newcomer","newcomer","none","Northeast Oklahoma A&M / Evansville","Gr.",0,NA,18.86,22.51,-2.44,-2.51,-4.95,NA
"fr_2127_bayansalman","fr_2127_bayansalman","Bayan Salman","Charleston Southern Buccaneers","2127","Newcomer","newcomer","none",NA,"Fr.",0,NA,17.01,20.31,-2.44,-2.51,-4.95,NA
"fr_2127_bertaoliveras","fr_2127_bertaoliveras","Berta Oliveras","Charleston Southern Buccaneers","2127","Newcomer","newcomer","none",NA,"Fr.",0,NA,15.22,18.17,-2.44,-2.51,-4.95,NA
"fr_2127_celinavilcinskas","fr_2127_celinavilcinskas","Celina Vilcinskas","Charleston Southern Buccaneers","2127","Newcomer","newcomer","none","LSU Shreveport","So.",0,NA,14.82,17.69,-2.44,-2.51,-4.95,NA
"fr_2127_happyarune","fr_2127_happyarune","Happy Arune","Charleston Southern Buccaneers","2127","Newcomer","newcomer","none","Gaston Christian","Fr.",0,NA,13.47,16.08,-2.44,-2.51,-4.95,NA
"5315582","5315582","Sofia Ekh","Charleston Southern Buccaneers","2127","Transfer","stats","id","Idaho Vandals",NA,1,NA,13.21,15.77,-0.45,-1.64,-2.08,NA
"fr_2127_ivacholakoska","fr_2127_ivacholakoska","Iva Cholakoska","Charleston Southern Buccaneers","2127","Newcomer","newcomer","none","SMUGS ""Dr. Panche Karagjozov""","Sr.",0,NA,12.31,14.7,-2.44,-2.51,-4.95,NA
"fr_2127_rochelleafomanuma","fr_2127_rochelleafomanuma","Rochelle Afo Manuma","Charleston Southern Buccaneers","2127","Newcomer","newcomer","none","Gillette College","Jr.",0,NA,11.62,13.87,-2.44,-2.51,-4.95,NA
"fr_2127_selenaytanik","fr_2127_selenaytanik","Selenay Tanik","Charleston Southern Buccaneers","2127","Newcomer","newcomer","none","New Mexico Junior College / Laramie County CC","Jr.",0,NA,11.12,13.27,-2.44,-2.51,-4.95,NA
"fr_2127_zarasestan","fr_2127_zarasestan","Zara Sestan","Charleston Southern Buccaneers","2127","Newcomer","newcomer","none","Box Hill Senior Secondary College","Fr.",0,NA,10.57,12.61,-2.44,-2.51,-4.95,NA
"5176540","5176540","Lauren Cummings","Charleston Southern Buccaneers","2127","Transfer","stats","id","Long Beach State Beach",NA,2,NA,10.53,12.57,-2.18,-0.58,-2.77,NA
"5242673","5242673","Zoe Best","Charlotte 49ers","2429","Returning","stats","id","Charlotte 49ers",NA,2,NA,32.41,38,1.5,-0.42,1.09,NA
"5178568","5178568","Da'Brya Clark","Charlotte 49ers","2429","Transfer","stats","id","Norfolk State Spartans",NA,3,NA,25.35,30.26,0.48,1.89,2.37,NA
"5315038","5315038","Ja'Navia Gage","Charlotte 49ers","2429","Returning","stats","id","Charlotte 49ers",NA,3,NA,25.01,29.85,1.73,-0.1,1.64,NA
"5105398","5105398","Audia Young","Charlotte 49ers","2429","Transfer","stats","id","Xavier Musketeers",NA,3,NA,20.2,24.1,-1.05,-0.54,-1.59,NA
"5311854","5311854","Isis Johnson-Musah","Charlotte 49ers","2429","Transfer","stats","id","California Golden Bears",NA,1,NA,19.46,23.22,-0.66,-0.1,-0.76,NA
"5312910","5312910","Charish Thompson","Charlotte 49ers","2429","Transfer","stats","id","Cal Poly Mustangs",NA,1,NA,18.93,22.59,1.51,-1.21,0.3,NA
"5241975","5241975","Destinee Salgado","Charlotte 49ers","2429","Transfer","stats","id","Little Rock Trojans",NA,2,NA,18.54,22.12,-1.26,-0.36,-1.61,NA
"5174732","5174732","Caroline Thiel","Charlotte 49ers","2429","Returning","stats","id","Charlotte 49ers",NA,3,NA,16.48,19.67,0.77,-0.86,-0.09,NA
"5315037","5315037","Taliah Cornish","Charlotte 49ers","2429","Returning","stats","id","Charlotte 49ers",NA,2,NA,13.64,16.28,-2.84,-0.26,-3.1,NA
"5315040","5315040","McKenzie Graves","Charlotte 49ers","2429","Returning","stats","id","Charlotte 49ers",NA,1,NA,9.98,11.91,-1.6,-0.83,-2.43,NA
"5243485","5243485","Izzy McPherson","Chattanooga Mocs","236","Returning","stats","id","Chattanooga Mocs",NA,1,NA,27.86,33.25,-0.46,-0.99,-1.45,NA
"5243488","5243488","Ava Card","Chattanooga Mocs","236","Returning","stats","id","Chattanooga Mocs",NA,2,NA,25.41,30.32,-1.77,-0.3,-2.07,NA
"5312245","5312245","TaTianna Stovall","Chattanooga Mocs","236","Transfer","stats","id","Kennesaw State Owls",NA,1,NA,18.82,22.46,-0.37,0.83,0.46,NA
"5109808","5109808","Caelan Ellis","Chattanooga Mocs","236","Transfer","stats","id","Charleston Southern Buccaneers",NA,3,NA,18.4,21.96,-1.04,-2.98,-4.02,NA
"5315350","5315350","Sarah Owona","Chattanooga Mocs","236","Returning","stats","id","Chattanooga Mocs",NA,3,NA,17.57,20.97,0.12,-0.49,-0.37,NA
"5315353","5315353","Falon Bedke","Chattanooga Mocs","236","Returning","stats","id","Chattanooga Mocs",NA,3,NA,16.33,19.49,-3.27,-1.66,-4.93,NA
"5238285","5238285","Gabbie Grooms","Chattanooga Mocs","236","Transfer","stats","id","Georgia State Panthers",NA,2,NA,15.11,18.04,-0.35,-0.74,-1.08,NA
"5315352","5315352","London Weaver","Chattanooga Mocs","236","Returning","stats","id","Chattanooga Mocs",NA,1,NA,11.39,13.59,-3.05,-0.96,-4.01,NA
"fr_236_aaliyahstory","fr_236_aaliyahstory","Aaliyah Story","Chattanooga Mocs","236","Newcomer","newcomer","none","Daniel Boone High School","Fr.",0,NA,11.07,13.21,-1.46,-0.87,-2.33,NA
"fr_236_lydialedford","fr_236_lydialedford","Lydia Ledford","Chattanooga Mocs","236","Newcomer","newcomer","none","Buford High School","Fr.",0,NA,10.55,12.59,-1.46,-0.87,-2.33,NA
"fr_236_sinaehill","fr_236_sinaehill","Sinae Hill","Chattanooga Mocs","236","Newcomer","newcomer","none","Minnehaha Academy","Fr.",0,NA,10.17,12.14,-1.46,-0.87,-2.33,NA
"5315351","5315351","Evie Bruce","Chattanooga Mocs","236","Returning","stats","id","Chattanooga Mocs",NA,1,NA,10.16,12.12,-2.77,-0.67,-3.44,NA
"5315354","5315354","Kami Wilson","Chattanooga Mocs","236","Returning","stats","id","Chattanooga Mocs",NA,1,NA,7.17,8.56,-2.66,-1.08,-3.74,NA
"5242509","5242509","Keona McGee","Chicago State Cougars","2130","Returning","stats","id","Chicago State Cougars",NA,2,NA,31.82,37.98,-1.13,-2.55,-3.67,NA
"5242508","5242508","Marisa Gant","Chicago State Cougars","2130","Returning","stats","id","Chicago State Cougars",NA,2,NA,27.91,33.31,-3.94,-2.73,-6.66,NA
"5315100","5315100","Chloe Sisco","Chicago State Cougars","2130","Returning","stats","id","Chicago State Cougars",NA,3,NA,24.1,28.76,-2.27,-3,-5.27,NA
"5174359","5174359","Brianna Hill","Chicago State Cougars","2130","Returning","stats","id","Chicago State Cougars",NA,2,NA,21.6,25.77,-0.75,-2.04,-2.79,NA
"5177990","5177990","Kacelyn Urlacher","Chicago State Cougars","2130","Returning","stats","id","Chicago State Cougars",NA,3,NA,19.12,22.82,-4.74,-3.31,-8.05,NA
"5242510","5242510","Kyara Champagne","Chicago State Cougars","2130","Returning","stats","id","Chicago State Cougars",NA,2,NA,18.6,22.2,-1.9,-2.8,-4.7,NA
"5315105","5315105","Elani Randall","Chicago State Cougars","2130","Returning","stats","id","Chicago State Cougars",NA,1,NA,17.29,20.63,-2.56,-1.76,-4.33,NA
"5315103","5315103","Paris Bass","Chicago State Cougars","2130","Returning","stats","id","Chicago State Cougars",NA,2,NA,14.88,17.76,-2.26,-3.29,-5.55,NA
"5315102","5315102","Jade Hamilton-Gill","Chicago State Cougars","2130","Returning","stats","id","Chicago State Cougars",NA,1,NA,13.38,15.97,-2.09,-1.6,-3.69,NA
"5315101","5315101","Kitali Youmans","Chicago State Cougars","2130","Returning","stats","id","Chicago State Cougars",NA,1,NA,11.3,13.49,-3.59,-1.61,-5.2,NA
"5313641","5313641","Caliyah DeVillasee","Cincinnati Bearcats","2132","Returning","stats","id","Cincinnati Bearcats",NA,1,NA,24.83,29.63,4.43,0.2,4.63,NA
"5175480","5175480","Reagan Jackson","Cincinnati Bearcats","2132","Returning","stats","id","Cincinnati Bearcats",NA,3,NA,23.84,28.45,2.83,-0.92,1.91,NA
"5313642","5313642","Joya Crawford","Cincinnati Bearcats","2132","Returning","stats","id","Cincinnati Bearcats",NA,1,NA,20.2,24.1,-0.93,-0.36,-1.29,NA
"5314944","5314944","Jade Jones","Cincinnati Bearcats","2132","Transfer","stats","id","Houston Cougars",NA,1,NA,17.19,20.51,0.13,0.27,0.4,NA
"5313645","5313645","Kali Barrett","Cincinnati Bearcats","2132","Returning","stats","id","Cincinnati Bearcats",NA,1,NA,16.06,19.16,-1.13,-0.69,-1.82,NA
"5313643","5313643","Dee Alexander","Cincinnati Bearcats","2132","Returning","stats","id","Cincinnati Bearcats",NA,1,NA,14.46,17.25,3.55,0.66,4.21,"No. 11 recruit in 2025; pedigree counts 39% (233 college min)"
"5174286","5174286","Sahnya Jah","Cincinnati Bearcats","2132","Transfer","stats","id","SMU Mustangs",NA,3,NA,12.75,15.22,-1.26,0.41,-0.84,NA
"5311538","5311538","Naomi Benson","Cincinnati Bearcats","2132","Transfer","stats","id","Illinois Fighting Illini",NA,1,NA,12.12,14.46,0.68,0.11,0.79,"No. 96 recruit in 2025; pedigree counts 66% (78 college min)"
"5174369","5174369","Amber Bullard","Cincinnati Bearcats","2132","Transfer","stats","id","Mount St. Mary's Mountaineers",NA,3,NA,11.47,13.69,1.56,0.51,2.07,NA
"5242696","5242696","Yar Tong","Cincinnati Bearcats","2132","Transfer","stats","id","UT Martin Skyhawks",NA,1,NA,10.04,11.98,-0.5,-0.38,-0.88,NA
"fr_2132_jaidyngunter","fr_2132_jaidyngunter","Jaidyn Gunter","Cincinnati Bearcats","2132","Newcomer","newcomer","none",NA,"Freshman",0,NA,8.34,9.95,-0.08,-0.46,-0.54,NA
"fr_2132_zougarba","fr_2132_zougarba","Zou Garba","Cincinnati Bearcats","2132","Newcomer","newcomer","none",NA,"Freshman",0,NA,8.05,9.61,-0.08,-0.46,-0.54,NA
"5240739","5240739","Mary Carden","Cincinnati Bearcats","2132","Returning","stats","id","Cincinnati Bearcats",NA,2,NA,7.73,9.22,-0.37,-0.57,-0.95,NA
"fr_2132_martafernandez","fr_2132_martafernandez","Marta Fernandez","Cincinnati Bearcats","2132","International (FIBA)","newcomer","none",NA,"Junior",0,NA,7.44,8.88,-0.74,-0.34,-1.08,NA
"5313640","5313640","Paige Whitted","Cincinnati Bearcats","2132","Returning","stats","id","Cincinnati Bearcats",NA,1,NA,5.51,6.57,-2.05,-0.73,-2.78,NA
"5174417","5174417","Rusne Augustinaite","Clemson Tigers","228","Returning","stats","id","Clemson Tigers",NA,3,NA,26.51,31.64,5.46,1.52,6.98,NA
"5174438","5174438","Mackenzie Nelson","Clemson Tigers","228","Transfer","stats","id","Virginia Tech Hokies",NA,2,NA,24.66,29.43,2.51,2.34,4.85,NA
"5240809","5240809","Edie Clarke","Clemson Tigers","228","Transfer","stats","id","Saint Mary's Gaels",NA,2,NA,20.39,24.33,1.53,1.72,3.25,NA
"5174254","5174254","Jenna Lawrence","Clemson Tigers","228","Transfer","stats","id","Arkansas Razorbacks",NA,3,NA,19.63,23.43,2.78,1.36,4.14,NA
"5312400","5312400","Taliyah Henderson","Clemson Tigers","228","Transfer","stats","id","North Carolina Tar Heels",NA,1,NA,19.43,23.18,4.82,2.52,7.34,"No. 27 recruit in 2025; pedigree counts 30% (342 college min)"
"fr_228_kimorafields","fr_228_kimorafields","Kimora Fields","Clemson Tigers","228","Top-100 recruit","newcomer","none",NA,"Freshman",0,34,15.15,18.08,2.56,1.92,4.47,NA
"5174256","5174256","Yakiya Milton","Clemson Tigers","228","Transfer","stats","id","USC Trojans",NA,3,NA,15,17.9,0.37,2.07,2.44,NA
"fr_228_juliascott","fr_228_juliascott","Julia Scott","Clemson Tigers","228","Top-100 recruit","newcomer","none",NA,"Freshman",0,41,14.52,17.33,2.35,1.84,4.2,NA
"fr_228_meeyahgreen","fr_228_meeyahgreen","Meeyah Green","Clemson Tigers","228","Top-100 recruit","newcomer","none",NA,"Freshman",0,55,13.53,16.15,2.03,1.73,3.76,NA
"5311957","5311957","Holland Harris","Clemson Tigers","228","Returning","stats","id","Clemson Tigers",NA,1,NA,13.13,15.67,1.46,1.91,3.37,"No. 64 recruit in 2025; pedigree counts 44% (188 college min)"
"5311958","5311958","Amaia Jackson","Clemson Tigers","228","Returning","stats","id","Clemson Tigers",NA,1,NA,10.46,12.48,0.38,0.21,0.6,"No. 100 recruit in 2025; pedigree counts 65% (82 college min)"
"5238275","5238275","Morgan Miller","Clemson Tigers","228","Returning","stats","id","Clemson Tigers",NA,2,NA,7.6,9.06,1.93,0.19,2.12,NA
"5241474","5241474","Paula Pique","Cleveland State Vikings","325","Returning","stats","id","Cleveland State Vikings",NA,2,NA,26.27,31.35,-3.16,0.68,-2.48,NA
"5241106","5241106","Sarah Hurley","Cleveland State Vikings","325","Returning","stats","id","Cleveland State Vikings",NA,2,NA,23.83,28.44,-0.63,0.89,0.26,NA
"5174341","5174341","Chloe Oliver","Cleveland State Vikings","325","Transfer","stats","id","Stony Brook Seawolves",NA,3,NA,19.99,23.86,-1.07,-1.08,-2.14,NA
"4595282","4595282","Annika Corcoran","Cleveland State Vikings","325","Transfer","stats","id","Sam Houston Bearkats",NA,4,NA,19.37,23.12,0.35,-0.3,0.05,NA
"5109049","5109049","Macie Taylor","Cleveland State Vikings","325","Transfer","stats","id","Miami (OH) RedHawks",NA,3,NA,18.35,21.9,0.29,0.41,0.7,NA
"5240290","5240290","Fatou Sane","Cleveland State Vikings","325","Transfer","stats","id","Duquesne Dukes",NA,2,NA,16.78,20.02,-3.08,1.44,-1.64,NA
"5177991","5177991","Alexa Hocevar","Cleveland State Vikings","325","Transfer","stats","id","Toledo Rockets",NA,3,NA,15.51,18.51,-2.64,0.52,-2.12,NA
"5315297","5315297","Brianna Barr-Buday","Cleveland State Vikings","325","Transfer","stats","id","St. Bonaventure Bonnies",NA,1,NA,14.12,16.85,0.8,-0.5,0.3,NA
"5174516","5174516","Silvia Gonzalez","Cleveland State Vikings","325","Transfer","stats","id","George Washington Revolutionaries",NA,3,NA,12.2,14.56,-3.34,-0.72,-4.06,NA
"5318848","5318848","Tiyahna Trottier","Cleveland State Vikings","325","Transfer (non-D1)","stats","none","Minot State Beavers",NA,2,NA,10.17,12.14,-2.79,-0.15,-2.94,"Valued at the D2/NAIA level (assumed)"
"5313022","5313022","Hanna Medina Kajevic","Cleveland State Vikings","325","Returning","stats","id","Cleveland State Vikings",NA,1,NA,8.71,10.39,-3.35,-0.68,-4.03,NA
"5313023","5313023","Sur Lozano","Cleveland State Vikings","325","Returning","stats","id","Cleveland State Vikings",NA,1,NA,7.45,8.89,-2.46,-0.14,-2.6,NA
"5183555","5183555","Queen Ruffin","Cleveland State Vikings","325","Returning","stats","id","Cleveland State Vikings",NA,3,NA,7.26,8.67,-2.83,-0.91,-3.74,NA
"5175734","5175734","Tessa Grady","Coastal Carolina Chanticleers","324","Returning","stats","id","Coastal Carolina Chanticleers",NA,3,NA,30.04,35.85,1.23,-0.43,0.8,NA
"5315041","5315041","Baylee Lowder","Coastal Carolina Chanticleers","324","Returning","stats","id","Coastal Carolina Chanticleers",NA,1,NA,24.21,28.9,-1.03,0.74,-0.29,NA
"5315043","5315043","Tateyoina Harris","Coastal Carolina Chanticleers","324","Returning","stats","id","Coastal Carolina Chanticleers",NA,3,NA,21.52,25.68,2.78,1.13,3.91,NA
"5175735","5175735","D'Yanis Jimenez","Coastal Carolina Chanticleers","324","Returning","stats","id","Coastal Carolina Chanticleers",NA,3,NA,19.29,23.02,-2.05,0.14,-1.91,NA
"5315042","5315042","Olivia Klanac","Coastal Carolina Chanticleers","324","Returning","stats","id","Coastal Carolina Chanticleers",NA,1,NA,17.84,21.29,-0.66,0.77,0.11,NA
"5238316","5238316","Kamryn Kitchen","Coastal Carolina Chanticleers","324","Transfer","stats","id","Arizona Wildcats",NA,2,NA,17.05,20.35,0.01,0.29,0.3,NA
"5191991","5191991","Grace Lesko","Coastal Carolina Chanticleers","324","Transfer (non-D1)","stats","none","Mercy Mavericks",NA,3,NA,13.61,16.24,-2.12,-0.6,-2.72,"Valued at the D2/NAIA level (assumed)"
"fr_324_anjadjukic","fr_324_anjadjukic","Anja Djukic","Coastal Carolina Chanticleers","324","Newcomer","newcomer","none","Weatherford College","R-Jr.",0,NA,12.02,14.34,-1.08,0.12,-0.96,NA
"fr_324_arnayshiagriffin","fr_324_arnayshiagriffin","Ar'Nayshia Griffin","Coastal Carolina Chanticleers","324","Newcomer","newcomer","none","Leesburg","Fr.",0,NA,11.53,13.76,-1.08,0.12,-0.96,NA
"5258764","5258764","Caroline Mullins","Coastal Carolina Chanticleers","324","Transfer (non-D1)","stats","none","UVA Wise Cavaliers",NA,2,NA,11.29,13.47,-3.4,0.53,-2.88,"Valued at the D2/NAIA level (assumed)"
"fr_324_asiapatin","fr_324_asiapatin","Asia Patin","Coastal Carolina Chanticleers","324","Newcomer","newcomer","none","Southern Lab","Fr.",0,NA,10.99,13.12,-1.08,0.12,-0.96,NA
"fr_324_audreybeyer","fr_324_audreybeyer","Audrey Beyer","Coastal Carolina Chanticleers","324","Newcomer","newcomer","none","Tocoi Creek","Fr.",0,NA,10.61,12.66,-1.08,0.12,-0.96,NA
"5176905","5176905","Ella Meabon","Colgate Raiders","2142","Returning","stats","id","Colgate Raiders",NA,3,NA,28.54,34.06,-1.69,-1.89,-3.58,NA
"5176904","5176904","Amarah Streiff","Colgate Raiders","2142","Returning","stats","id","Colgate Raiders",NA,3,NA,24.54,29.29,-5.85,-1.87,-7.71,NA
"5242731","5242731","Taye Matthews","Colgate Raiders","2142","Returning","stats","id","Colgate Raiders",NA,2,NA,20.5,24.46,0.06,0.23,0.29,NA
"5242730","5242730","Laila Hankerson","Colgate Raiders","2142","Returning","stats","id","Colgate Raiders",NA,3,NA,17.95,21.42,-4.54,-0.76,-5.3,NA
"5315292","5315292","Kennedy Parrott","Colgate Raiders","2142","Returning","stats","id","Colgate Raiders",NA,1,NA,14.29,17.06,-1.66,-1.35,-3.01,NA
"5242729","5242729","Ella Mahaffey","Colgate Raiders","2142","Returning","stats","id","Colgate Raiders",NA,2,NA,12.53,14.95,-3.82,-1.28,-5.1,NA
"fr_2142_kailafrancis","fr_2142_kailafrancis","Kaila Francis","Colgate Raiders","2142","Newcomer","newcomer","none","Cedar Crest","Fy.",0,NA,12.46,14.87,-3.18,-1.38,-4.56,NA
"fr_2142_kendallkonigsberg","fr_2142_kendallkonigsberg","Kendall Konigsberg","Colgate Raiders","2142","Newcomer","newcomer","none","Blind Brook","Fy.",0,NA,11.4,13.6,-3.18,-1.38,-4.56,NA
"fr_2142_miabrockmeyer","fr_2142_miabrockmeyer","Mia Brockmeyer","Colgate Raiders","2142","Newcomer","newcomer","none","Meadowdale","Fy.",0,NA,10.76,12.84,-3.18,-1.38,-4.56,NA
"fr_2142_mollycorcoran","fr_2142_mollycorcoran","Molly Corcoran","Colgate Raiders","2142","Newcomer","newcomer","none","Tabor Academy","Fy.",0,NA,10.3,12.29,-3.18,-1.38,-4.56,NA
"fr_2142_tmaeaeteuati","fr_2142_tmaeaeteuati","T'Maea Eteuati","Colgate Raiders","2142","Newcomer","newcomer","none","Millennium","Fy.",0,NA,9.79,11.68,-3.18,-1.38,-4.56,NA
"fr_2142_fleurgamal","fr_2142_fleurgamal","Fleur Gamal","Colgate Raiders","2142","International (FIBA)","newcomer","none","Portobello","Fy.",0,NA,9.05,10.81,-4.79,-1.96,-6.75,NA
"5315293","5315293","Ellie Cronin","Colgate Raiders","2142","Returning","stats","id","Colgate Raiders",NA,1,NA,7.99,9.54,-2.02,-1.19,-3.2,NA
"5176906","5176906","Maryan Eniafe","Colgate Raiders","2142","Returning","stats","id","Colgate Raiders",NA,3,NA,5.56,6.64,-2.23,-1.3,-3.53,NA
"5240772","5240772","Karena Eberts","Colgate Raiders","2142","Returning","stats","id","Colgate Raiders",NA,2,NA,4.35,5.19,-2.37,-1.02,-3.39,NA
"4565512","4565512","Zyanna Walker","Colorado Buffaloes","38","Returning","stats","id","Colorado Buffaloes",NA,3,NA,27.23,32.49,3.48,4.37,7.85,NA
"5313650","5313650","Logyn Greer","Colorado Buffaloes","38","Returning","stats","id","Colorado Buffaloes",NA,1,NA,21.66,25.85,3.63,2.53,6.17,NA
"5315728","5315728","Kira Reynolds","Colorado Buffaloes","38","Transfer","stats","id","UT Arlington Mavericks",NA,1,NA,19.47,23.24,2.44,2.53,4.98,NA
"5175883","5175883","Kennedy Sanders","Colorado Buffaloes","38","Returning","stats","id","Colorado Buffaloes",NA,2,NA,17.73,21.16,2.43,1.99,4.41,NA
"5110057","5110057","Anete Adler","Colorado Buffaloes","38","Transfer","stats","id","Boston University Terriers",NA,4,NA,16.99,20.28,3.86,-0.2,3.67,NA
"5239480","5239480","Brooke Walker","Colorado Buffaloes","38","Transfer","stats","id","Utah Utes",NA,2,NA,14.99,17.89,0.9,1.91,2.82,NA
"5315055","5315055","Mecailin Marshall","Colorado Buffaloes","38","Transfer","stats","id","Tulane Green Wave",NA,1,NA,14.65,17.48,2.72,0.75,3.47,NA
"5312755","5312755","Aniya' Foy","Colorado Buffaloes","38","Transfer","stats","id","Kansas State Wildcats",NA,1,NA,13.77,16.43,2.23,1.99,4.22,NA
"5106185","5106185","Maeve McErlane","Colorado Buffaloes","38","Returning","stats","id","Colorado Buffaloes",NA,3,NA,11.14,13.29,-2.91,1.27,-1.64,NA
"5313648","5313648","Jade Crook","Colorado Buffaloes","38","Returning","stats","id","Colorado Buffaloes",NA,1,NA,9.76,11.65,0.31,1.48,1.78,NA
"5174335","5174335","Claire O'Connor","Colorado Buffaloes","38","Returning","stats","id","Colorado Buffaloes",NA,3,NA,9.28,11.07,0.47,0.96,1.43,NA
"fr_38_cailjahnke","fr_38_cailjahnke","Cail Jahnke","Colorado Buffaloes","38","Newcomer","newcomer","none",NA,"Fr.",0,NA,8.9,10.62,0.1,1.71,1.82,NA
"fr_38_laurenharris","fr_38_laurenharris","Lauren Harris","Colorado Buffaloes","38","Newcomer","newcomer","none",NA,"Fr.",0,NA,8.33,9.94,0.1,1.71,1.82,NA
"5313651","5313651","Sophie Zadel","Colorado Buffaloes","38","Returning","stats","id","Colorado Buffaloes",NA,1,NA,6.1,7.28,-3.15,1.12,-2.02,NA
"5242454","5242454","Kloe Froebe","Colorado State Rams","36","Returning","stats","id","Colorado State Rams",NA,2,NA,29.42,35.11,6.63,1.88,8.51,NA
"5242013","5242013","Camryn Runner","Colorado State Rams","36","Transfer","stats","id","Evansville Purple Aces",NA,2,NA,22.18,26.46,4.52,-0.05,4.47,NA
"5311971","5311971","Anna Wikstrom","Colorado State Rams","36","Transfer","stats","id","Duke Blue Devils",NA,1,NA,20.71,24.72,0.28,0.77,1.05,NA
"5242459","5242459","McKenna Murphy","Colorado State Rams","36","Returning","stats","id","Colorado State Rams",NA,1,NA,20.43,24.38,2.67,1.32,3.99,NA
"4898526","4898526","Sophie Sene","Colorado State Rams","36","Transfer","stats","id","Utah State Aggies",NA,4,NA,18.04,21.53,1.95,-0.03,1.92,NA
"5242490","5242490","Heidur Karlsdottir","Colorado State Rams","36","Transfer","stats","id","Wyoming Cowgirls",NA,2,NA,16.51,19.7,-0.88,0.57,-0.31,NA
"5174255","5174255","Maryn Archer","Colorado State Rams","36","Transfer","stats","id","Arkansas Razorbacks",NA,3,NA,15.96,19.05,-0.59,0.22,-0.37,NA
"fr_36_elsielarsen","fr_36_elsielarsen","Elsie Larsen","Colorado State Rams","36","Newcomer","newcomer","none","Strafford HS","Fr.",0,NA,12.13,14.48,-0.25,0.85,0.61,NA
"fr_36_emilieborgesmichaelsen","fr_36_emilieborgesmichaelsen","Emilie Borges-Michaelsen","Colorado State Rams","36","Newcomer","newcomer","none","Rungsted Gymnasium","Fr.",0,NA,11.5,13.72,-0.25,0.85,0.61,NA
"fr_36_kylahollier","fr_36_kylahollier","Kyla Hollier","Colorado State Rams","36","Newcomer","newcomer","none","Roosevelt HS","Fr.",0,NA,11.04,13.18,-0.25,0.85,0.61,NA
"5242458","5242458","Olivia Pawlicki","Colorado State Rams","36","Returning","stats","id","Colorado State Rams",NA,1,NA,7.96,9.5,-0.87,-0.21,-1.08,NA
"5242457","5242457","Caitlin Kramer","Colorado State Rams","36","Returning","stats","id","Colorado State Rams",NA,1,NA,7.59,9.06,-1.55,0.44,-1.11,NA
"5315003","5315003","Gianna Smith","Colorado State Rams","36","Returning","stats","id","Colorado State Rams",NA,1,NA,6.55,7.82,-2.56,-0.17,-2.73,NA
"5176366","5176366","Riley Weiss","Columbia Lions","171","Returning","stats","id","Columbia Lions",NA,3,NA,28.92,34.51,9.65,1.91,11.56,NA
"5176363","5176363","Fliss Henderson","Columbia Lions","171","Returning","stats","id","Columbia Lions",NA,3,NA,24.61,29.38,0.03,2.78,2.8,NA
"5241574","5241574","Mia Broom","Columbia Lions","171","Returning","stats","id","Columbia Lions",NA,2,NA,22.1,26.38,1.96,2.41,4.38,NA
"5174280","5174280","Marija Avlijas","Columbia Lions","171","Returning","stats","id","Columbia Lions",NA,3,NA,20.18,24.08,0.91,1.25,2.17,NA
"5241575","5241575","Nasi Simmons","Columbia Lions","171","Returning","stats","id","Columbia Lions",NA,2,NA,16.15,19.28,2.7,2.62,5.32,NA
"5175723","5175723","Mary Ashley Stevenson","Columbia Lions","171","Transfer","stats","id","Stanford Cardinal",NA,3,NA,15.34,18.31,0.43,1.37,1.8,NA
"5174275","5174275","Hilke Feldrappe","Columbia Lions","171","Returning","stats","id","Columbia Lions",NA,3,NA,12.98,15.49,-1.15,0.7,-0.46,NA
"fr_171_mathisdritz","fr_171_mathisdritz","Mathis Dritz","Columbia Lions","171","Top-100 recruit","newcomer","none","Fairmont Prep / Westlake","Fy.",0,87,11.48,13.7,1.34,1.66,3,NA
"fr_171_chloedix","fr_171_chloedix","Chloe Dix","Columbia Lions","171","Newcomer","newcomer","none","St. Luke's Grammar","Fy.",0,NA,9.7,11.57,0.53,1.33,1.86,NA
"5313300","5313300","Eirny Erinugha","Columbia Lions","171","Returning","stats","id","Columbia Lions",NA,1,NA,9.33,11.14,-1.67,0.82,-0.86,NA
"fr_171_chloevella","fr_171_chloevella","Chloe Vella","Columbia Lions","171","Newcomer","newcomer","none","City of London Academy","Fy.",0,NA,9.27,11.06,0.53,1.33,1.86,NA
"5176369","5176369","Blau Tor","Columbia Lions","171","Returning","stats","id","Columbia Lions",NA,3,NA,7.63,9.11,0.65,1.54,2.19,NA
"5241577","5241577","Marta Jaama","Columbia Lions","171","Returning","stats","id","Columbia Lions",NA,2,NA,6.84,8.16,-1.77,1.06,-0.71,NA
"5313299","5313299","Alicia Mitchell","Columbia Lions","171","Returning","stats","id","Columbia Lions",NA,1,NA,5.47,6.52,-1.45,0.58,-0.87,NA
"5243326","5243326","Shanaii Gamble","Coppin State Eagles","2154","Returning","stats","id","Coppin State Eagles",NA,2,NA,26.83,32.02,-2.35,0.39,-1.96,NA
"5246871","5246871","Amber Howard","Coppin State Eagles","2154","Transfer","stats","id","Buffalo Bulls",NA,2,NA,21.13,25.22,-2.29,-0.1,-2.39,NA
"5315036","5315036","Karen Nimo","Coppin State Eagles","2154","Transfer","stats","id","Charlotte 49ers",NA,2,NA,21.07,25.14,-2.7,-0.48,-3.17,NA
"fr_2154_ariellefacyson","fr_2154_ariellefacyson","Arielle Facyson","Coppin State Eagles","2154","Newcomer","newcomer","none","Blanche Ely HS/Chipola College","Jr.",0,NA,17.03,20.32,-3.19,-0.33,-3.51,NA
"fr_2154_arlyzapata","fr_2154_arlyzapata","Arly Zapata","Coppin State Eagles","2154","Newcomer","newcomer","none","Nazareth HS","Fr.",0,NA,15.26,18.21,-3.19,-0.33,-3.51,NA
"fr_2154_brayanamiles","fr_2154_brayanamiles","Bray'ana Miles","Coppin State Eagles","2154","Newcomer","newcomer","none","Democracy Prep","Fr.",0,NA,14.69,17.54,-3.19,-0.33,-3.51,NA
"5313747","5313747","Anya George","Coppin State Eagles","2154","Transfer","stats","id","Massachusetts Minutewomen",NA,1,NA,13.38,15.97,-2.28,-0.69,-2.97,NA
"fr_2154_cianiscott","fr_2154_cianiscott","Ciani Scott","Coppin State Eagles","2154","Newcomer","newcomer","none","Audenried HS","Fr.",0,NA,13.38,15.96,-3.19,-0.33,-3.51,NA
"5312024","5312024","Delaney Cooper","Coppin State Eagles","2154","Transfer","stats","id","Stony Brook Seawolves",NA,1,NA,12.62,15.06,-3.48,0.84,-2.64,NA
"fr_2154_heavenreese","fr_2154_heavenreese","Heaven Reese","Coppin State Eagles","2154","Newcomer","newcomer","none","Audenried HS","Fr.",0,NA,12.25,14.62,-3.19,-0.33,-3.51,NA
"5315330","5315330","Samari Taylor","Coppin State Eagles","2154","Transfer","stats","id","UAB Blazers",NA,3,NA,11.77,14.05,-0.79,-0.64,-1.43,NA
"fr_2154_jayleenjones","fr_2154_jayleenjones","Jayleen Jones","Coppin State Eagles","2154","Newcomer","newcomer","none","South Shore HS","Fr.",0,NA,11.57,13.81,-3.19,-0.33,-3.51,NA
"5314807","5314807","Kylie Wells","Coppin State Eagles","2154","Returning","stats","id","Coppin State Eagles",NA,1,NA,9.02,10.76,-3.17,-0.9,-4.08,NA
"5176410","5176410","Clarke Jackson","Cornell Big Red","172","Returning","stats","id","Cornell Big Red",NA,3,NA,26.59,31.73,0.13,-0.91,-0.78,NA
"5241812","5241812","Kelsey Langston","Cornell Big Red","172","Returning","stats","id","Cornell Big Red",NA,2,NA,24.22,28.9,-5.21,-1.96,-7.17,NA
"5176408","5176408","Rachel Kaus","Cornell Big Red","172","Returning","stats","id","Cornell Big Red",NA,3,NA,23.04,27.5,2.34,-1.36,0.97,NA
"5241809","5241809","Paige Engels","Cornell Big Red","172","Returning","stats","id","Cornell Big Red",NA,2,NA,20.17,24.08,-2.37,-1.4,-3.77,NA
"5241811","5241811","Audrey Chen","Cornell Big Red","172","Returning","stats","id","Cornell Big Red",NA,2,NA,15.26,18.21,-1.28,-1.47,-2.75,NA
"5313307","5313307","Ally Pape","Cornell Big Red","172","Returning","stats","id","Cornell Big Red",NA,1,NA,12.29,14.67,-0.66,-0.81,-1.47,NA
"5313305","5313305","Grace Renners","Cornell Big Red","172","Returning","stats","id","Cornell Big Red",NA,1,NA,10.49,12.52,-0.58,-2.05,-2.64,NA
"5313306","5313306","Willa Chinn","Cornell Big Red","172","Returning","stats","id","Cornell Big Red",NA,1,NA,9.59,11.45,-3.39,-1.08,-4.47,NA
"fr_172_brookenunnallygardner","fr_172_brookenunnallygardner","Brooke Nunnally-Gardner","Cornell Big Red","172","Newcomer","newcomer","none","Dexter Southfield School","Fr.",0,NA,9.2,10.98,-2.43,-1.45,-3.88,NA
"fr_172_emmaobrien","fr_172_emmaobrien","Emma O'Brien","Cornell Big Red","172","Newcomer","newcomer","none","Lyons Township High School","Fr.",0,NA,8.81,10.52,-2.43,-1.45,-3.88,NA
"fr_172_katieleonard","fr_172_katieleonard","Katie Leonard","Cornell Big Red","172","Newcomer","newcomer","none","Seaforth High School","Fr.",0,NA,8.38,10.01,-2.43,-1.45,-3.88,NA
"fr_172_rhylinfehrenbach","fr_172_rhylinfehrenbach","Rhylin Fehrenbach","Cornell Big Red","172","Newcomer","newcomer","none","Long Island Lutheran","Fr.",0,NA,8.08,9.64,-2.43,-1.45,-3.88,NA
"fr_172_simonerichmond","fr_172_simonerichmond","Simone Richmond","Cornell Big Red","172","Newcomer","newcomer","none","Allen High School","Fr.",0,NA,7.51,8.96,-2.43,-1.45,-3.88,NA
"5313303","5313303","Trinity Jones","Cornell Big Red","172","Returning","stats","id","Cornell Big Red",NA,1,NA,6.41,7.65,-1.85,-1.48,-3.32,NA
"5241810","5241810","Alana Andrews","Cornell Big Red","172","Returning","stats","id","Cornell Big Red",NA,2,NA,5.06,6.04,0.92,-0.42,0.5,NA
"5313304","5313304","Ashley Childers","Cornell Big Red","172","Returning","stats","id","Cornell Big Red",NA,1,NA,4.89,5.83,-0.61,-1.15,-1.76,NA
"5312680","5312680","Ava Zediker","Creighton Bluejays","156","Returning","stats","id","Creighton Bluejays",NA,1,NA,30.22,36.06,3.79,0.83,4.62,NA
"5240221","5240221","Allison Heathcock","Creighton Bluejays","156","Returning","stats","id","Creighton Bluejays",NA,2,NA,28.51,34.03,1.66,0.85,2.51,NA
"5108516","5108516","Niamya Holloway","Creighton Bluejays","156","Transfer","stats","id","Minnesota Golden Gophers",NA,3,NA,24.27,28.96,1.45,2.41,3.86,NA
"5312679","5312679","Neleigh Gessert","Creighton Bluejays","156","Returning","stats","id","Creighton Bluejays",NA,1,NA,24.23,28.91,4.5,0.06,4.55,NA
"5312676","5312676","Kendall McGee","Creighton Bluejays","156","Returning","stats","id","Creighton Bluejays",NA,1,NA,22.43,26.77,1.34,0.66,2,NA
"5312681","5312681","Norah Gessert","Creighton Bluejays","156","Returning","stats","id","Creighton Bluejays",NA,1,NA,19.03,22.71,-0.26,0.51,0.25,NA
"fr_156_jaylawilliams","fr_156_jaylawilliams","Jayla Williams","Creighton Bluejays","156","Newcomer","newcomer","none","Ankeny HS","Fr.",0,NA,15.27,18.22,0.05,-0.05,-0.01,NA
"fr_156_kateamelotte","fr_156_kateamelotte","Kate Amelotte","Creighton Bluejays","156","Newcomer","newcomer","none","Wayzata HS","Fr.",0,NA,14.04,16.76,0.05,-0.05,-0.01,NA
"5312677","5312677","Tara Dacic","Creighton Bluejays","156","Returning","stats","id","Creighton Bluejays",NA,1,NA,11,13.13,-2.13,-0.29,-2.41,NA
"pad_156_1","pad_156_1","Unlisted roster spot","Creighton Bluejays","156","Unlisted spot","pad","pad",NA,NA,0,NA,11,13.13,-3.64,-1.21,-4.85,NA
"5241816","5241816","Zeynep Ozel","Dartmouth Big Green","159","Returning","stats","id","Dartmouth Big Green",NA,2,NA,26.26,31.35,-2.19,-2.44,-4.62,NA
"5180453","5180453","Alexandra Eldredge","Dartmouth Big Green","159","Returning","stats","id","Dartmouth Big Green",NA,3,NA,23.91,28.54,-1.28,-2.32,-3.6,NA
"5176429","5176429","Cate MacDonald","Dartmouth Big Green","159","Returning","stats","id","Dartmouth Big Green",NA,3,NA,22.38,26.7,-1.95,-0.9,-2.86,NA
"5241815","5241815","Olivia Austin","Dartmouth Big Green","159","Returning","stats","id","Dartmouth Big Green",NA,2,NA,20.06,23.94,-0.91,-1.97,-2.88,NA
"5176431","5176431","Sierra Carson","Dartmouth Big Green","159","Returning","stats","id","Dartmouth Big Green",NA,3,NA,15.24,18.18,-3.28,-2.56,-5.83,NA
"5313312","5313312","Debra Hill","Dartmouth Big Green","159","Returning","stats","id","Dartmouth Big Green",NA,1,NA,12.98,15.49,1.53,-1.67,-0.14,NA
"5241813","5241813","Tahira Muhammad","Dartmouth Big Green","159","Returning","stats","id","Dartmouth Big Green",NA,2,NA,10.68,12.74,-4.3,-1.55,-5.85,NA
"5313310","5313310","Jacalyn Myrthil","Dartmouth Big Green","159","Returning","stats","id","Dartmouth Big Green",NA,1,NA,9.36,11.17,-2.98,-1.85,-4.83,NA
"5313311","5313311","Yufei Zou","Dartmouth Big Green","159","Newcomer","stats","none","Dartmouth Big Green",NA,1,NA,9.06,10.81,-2.64,-2.04,-4.68,NA
"5313309","5313309","Emma Olausson","Dartmouth Big Green","159","Returning","stats","id","Dartmouth Big Green",NA,1,NA,8.92,10.65,-1.65,-0.86,-2.51,NA
"fr_159_annabeischer","fr_159_annabeischer","Anna Beischer","Dartmouth Big Green","159","Newcomer","newcomer","none","San Francisco University","Fr.",0,NA,8.61,10.28,-2.64,-2.04,-4.68,NA
"fr_159_evejungman","fr_159_evejungman","Eve Jungman","Dartmouth Big Green","159","Newcomer","newcomer","none","Washington-Liberty","Fr.",0,NA,8.29,9.89,-2.64,-2.04,-4.68,NA
"fr_159_izzycruz","fr_159_izzycruz","Izzy Cruz","Dartmouth Big Green","159","Newcomer","newcomer","none","Loomis Chaffee","Fr.",0,NA,7.7,9.19,-2.64,-2.04,-4.68,NA
"fr_159_peytonhoblock","fr_159_peytonhoblock","Peyton Hoblock","Dartmouth Big Green","159","Newcomer","newcomer","none","Shaker","Fr.",0,NA,7.06,8.43,-2.64,-2.04,-4.68,NA
"fr_159_mayashifrin","fr_159_mayashifrin","Maya Shifrin","Dartmouth Big Green","159","International (FIBA)","newcomer","none","Notre Dame Des Victoires","Fr.",0,NA,5.64,6.73,-4.47,-2.78,-7.25,NA
"5241814","5241814","Ellie Cerf","Dartmouth Big Green","159","Returning","stats","id","Dartmouth Big Green",NA,2,NA,3.86,4.6,-1.78,-1.26,-3.04,"Missed 2025-26; 2024-25: 6.0 mpg, 1.8 ppg"
"5125384","5125384","Katie Donovan","Davidson Wildcats","2166","Returning","stats","id","Davidson Wildcats",NA,3,NA,30.21,36.06,3.93,1.52,5.45,NA
"5240305","5240305","Kyra Bruyndoncx","Davidson Wildcats","2166","Returning","stats","id","Davidson Wildcats",NA,2,NA,26.13,31.19,2.25,0.79,3.04,NA
"5312759","5312759","Ines Garcia Monje","Davidson Wildcats","2166","Returning","stats","id","Davidson Wildcats",NA,1,NA,22.44,26.78,-0.98,2.19,1.21,NA
"5312758","5312758","Elena Alvarez Castellanos","Davidson Wildcats","2166","Returning","stats","id","Davidson Wildcats",NA,1,NA,19.99,23.85,0.63,1.11,1.74,NA
"5240309","5240309","Emilie Bessell","Davidson Wildcats","2166","Returning","stats","id","Davidson Wildcats",NA,2,NA,16.69,19.92,0.63,1.5,2.13,NA
"5174428","5174428","Jasmine Timmerson","Davidson Wildcats","2166","Returning","stats","id","Davidson Wildcats",NA,3,NA,14.74,17.59,-2.27,1.54,-0.72,NA
"5314927","5314927","Georgia Ferguson","Davidson Wildcats","2166","Transfer","stats","id","Evansville Purple Aces",NA,1,NA,13.8,16.47,-0.54,-0.84,-1.39,NA
"fr_2166_lillionnela","fr_2166_lillionnela","Lilli Onnela","Davidson Wildcats","2166","Newcomer","newcomer","none",NA,"Fr.",0,NA,11.99,14.31,-0.49,0.99,0.5,NA
"fr_2166_sharnireisinger","fr_2166_sharnireisinger","Sharni Reisinger","Davidson Wildcats","2166","Newcomer","newcomer","none",NA,"Fr.",0,NA,11.36,13.56,-0.49,0.99,0.5,NA
"fr_2166_svevabernasconi","fr_2166_svevabernasconi","Sveva Bernasconi","Davidson Wildcats","2166","Newcomer","newcomer","none",NA,"Fr.",0,NA,10.91,13.02,-0.49,0.99,0.5,NA
"5174343","5174343","Sylvie Jackson","Davidson Wildcats","2166","Returning","stats","id","Davidson Wildcats",NA,3,NA,8.2,9.79,-0.72,-0.25,-0.97,NA
"5174342","5174342","Eliza Buerk","Davidson Wildcats","2166","Returning","stats","id","Davidson Wildcats",NA,3,NA,7.08,8.45,-2.86,0.13,-2.73,NA
"5312760","5312760","Asha Nightingale","Davidson Wildcats","2166","Returning","stats","id","Davidson Wildcats",NA,1,NA,6.46,7.71,-0.8,-0.42,-1.22,NA
"5175698","5175698","Ajok Madol","Dayton Flyers","2168","Returning","stats","id","Dayton Flyers",NA,3,NA,26.85,32.04,-0.21,0.7,0.5,NA
"5240298","5240298","Olivia Leung","Dayton Flyers","2168","Returning","stats","id","Dayton Flyers",NA,2,NA,24.58,29.34,2.13,-1.03,1.1,NA
"5178458","5178458","Fatima Ibrahim","Dayton Flyers","2168","Returning","stats","id","Dayton Flyers",NA,3,NA,22.28,26.59,2.05,0.59,2.65,NA
"5240300","5240300","Molly O'Riordan","Dayton Flyers","2168","Returning","stats","id","Dayton Flyers",NA,2,NA,18.65,22.26,1.38,0.15,1.53,NA
"5175678","5175678","Cori Allen","Dayton Flyers","2168","Transfer","stats","id","Memphis Tigers",NA,3,NA,18.62,22.22,-1.74,1.21,-0.53,NA
"5174339","5174339","Jayda Johnson","Dayton Flyers","2168","Returning","stats","id","Dayton Flyers",NA,3,NA,16.31,19.47,-1.16,-1.03,-2.19,NA
"5240038","5240038","Jordyn Poole","Dayton Flyers","2168","Returning","stats","id","Dayton Flyers",NA,2,NA,15.09,18.01,-2.46,-0.64,-3.09,NA
"5175725","5175725","Sophie Swanson","Dayton Flyers","2168","Transfer","stats","id","Virginia Tech Hokies",NA,3,NA,14.29,17.05,-0.85,-0.15,-1,NA
"5312765","5312765","M.G. Talle","Dayton Flyers","2168","Returning","stats","id","Dayton Flyers",NA,1,NA,11.59,13.83,-1.41,-0.65,-2.06,NA
"fr_2168_londonjohnson","fr_2168_londonjohnson","London Johnson","Dayton Flyers","2168","Newcomer","newcomer","none","Pickerington Central","Fr.",0,NA,11.09,13.23,-0.8,-0.86,-1.66,NA
"fr_2168_mileesmith","fr_2168_mileesmith","Milee Smith","Dayton Flyers","2168","Newcomer","newcomer","none","Unioto","Fr.",0,NA,10.63,12.69,-0.8,-0.86,-1.66,NA
"fr_2168_brookemcleod","fr_2168_brookemcleod","Brooke McLeod","Dayton Flyers","2168","International (FIBA)","newcomer","none","Crestwood Prep","Fr.",0,NA,10.01,11.95,-1.56,-0.82,-2.39,NA
"5186462","5186462","Safi Kolliegbo","Delaware Blue Hens","48","Returning","stats","id","Delaware Blue Hens",NA,3,NA,27.86,33.25,0.36,-0.43,-0.07,NA
"5175879","5175879","Frances Ulysse","Delaware Blue Hens","48","Transfer","stats","id","Longwood Lancers",NA,3,NA,21.68,25.88,0.41,-0.93,-0.52,NA
"5241032","5241032","Kendall Scott","Delaware Blue Hens","48","Returning","stats","id","Delaware Blue Hens",NA,2,NA,20.47,24.42,-1.04,-1.24,-2.29,NA
"fr_48_amaliafruchtman","fr_48_amaliafruchtman","Amalia Fruchtman","Delaware Blue Hens","48","Newcomer","newcomer","none","Cape Henlopen","Fr.",0,NA,16.51,19.7,-2.05,-0.59,-2.64,NA
"fr_48_emarychtecka","fr_48_emarychtecka","Ema Rychtecka","Delaware Blue Hens","48","Newcomer","newcomer","none","Sports Gymnasium of Ludvik Danek","Fr.",0,NA,14.81,17.68,-2.05,-0.59,-2.64,NA
"5175682","5175682","Kennise Johnson","Delaware Blue Hens","48","Transfer","stats","id","Iowa Hawkeyes",NA,3,NA,14.5,17.31,-1.15,-0.78,-1.93,NA
"fr_48_londoncaldwell","fr_48_londoncaldwell","London Caldwell","Delaware Blue Hens","48","Newcomer","newcomer","none","West Orange","Fr.",0,NA,13.72,16.38,-2.05,-0.59,-2.64,NA
"5315743","5315743","Jordyn Coleman","Delaware Blue Hens","48","Transfer","stats","id","Abilene Christian Wildcats",NA,3,NA,13.7,16.35,-0.97,-0.07,-1.04,NA
"5312773","5312773","Sanyiah Littlejohn","Delaware Blue Hens","48","Transfer","stats","id","George Mason Patriots",NA,1,NA,13.66,16.3,-1.51,-0.11,-1.62,NA
"fr_48_milenabigovic","fr_48_milenabigovic","Milena Bigovic","Delaware Blue Hens","48","Newcomer","newcomer","none","Gymnasium Slobodan Škerovic","Sr.",0,NA,12.51,14.92,-2.05,-0.59,-2.64,NA
"5312791","5312791","Daniella Matus","Delaware Blue Hens","48","Transfer","stats","id","Loyola Chicago Ramblers",NA,1,NA,11.86,14.15,-3.88,-0.61,-4.49,NA
"fr_48_reginadonanu","fr_48_reginadonanu","Regina Donanu","Delaware Blue Hens","48","Newcomer","newcomer","none","Community Secondary School Ebedebiri / Barton CC","5th Yr.",0,NA,11.47,13.68,-2.05,-0.59,-2.64,NA
"5239401","5239401","Gianna Johnson","Delaware Blue Hens","48","Returning","stats","id","Delaware Blue Hens",NA,2,NA,7.26,8.66,-3.81,-0.54,-4.35,NA
"5178459","5178459","Mahogany Cottingham","Delaware State Hornets","2169","Returning","stats","id","Delaware State Hornets",NA,3,NA,27.71,33.07,-1.64,-2.06,-3.7,NA
"5320185","5320185","Amya Scott","Delaware State Hornets","2169","Returning","stats","id","Delaware State Hornets",NA,1,NA,22.66,27.04,-2.42,-1.27,-3.68,NA
"5320186","5320186","Anise Geiger","Delaware State Hornets","2169","Returning","stats","id","Delaware State Hornets",NA,1,NA,20.75,24.77,-3.88,-1.12,-5,NA
"5174395","5174395","Dallas Pierce","Delaware State Hornets","2169","Transfer","stats","id","Siena Saints",NA,3,NA,17.47,20.85,-3.41,-1.43,-4.84,NA
"fr_2169_eniyahstinnette","fr_2169_eniyahstinnette","Eniyah Stinnette","Delaware State Hornets","2169","Newcomer","newcomer","none","Gerstell Academy","Jr.",0,NA,14.9,17.78,-3.64,-1.44,-5.08,NA
"fr_2169_jadeajohnson","fr_2169_jadeajohnson","Jadea' Johnson","Delaware State Hornets","2169","Newcomer","newcomer","none","Romeoville HS","Jr.",0,NA,14.21,16.96,-3.64,-1.44,-5.08,NA
"fr_2169_jaidahelm","fr_2169_jaidahelm","Jaida Helm","Delaware State Hornets","2169","Newcomer","newcomer","none","Lansdale Catholic","2nd Yr.",0,NA,12.91,15.41,-3.64,-1.44,-5.08,NA
"fr_2169_mariahjones","fr_2169_mariahjones","Mariah Jones","Delaware State Hornets","2169","Newcomer","newcomer","none","Pikesville HS","Fr.",0,NA,11.81,14.09,-3.64,-1.44,-5.08,NA
"fr_2169_nylaprice","fr_2169_nylaprice","Nyla Price","Delaware State Hornets","2169","Newcomer","newcomer","none","Shadow Creek HS","Sr.",0,NA,11.14,13.29,-3.64,-1.44,-5.08,NA
"fr_2169_skyepepp","fr_2169_skyepepp","Skye Pepp","Delaware State Hornets","2169","Newcomer","newcomer","none","Allen HS","Jr.",0,NA,10.66,12.72,-3.64,-1.44,-5.08,NA
"fr_2169_skylahkemp","fr_2169_skylahkemp","Skylah Kemp","Delaware State Hornets","2169","Newcomer","newcomer","none","Christ the King HS","Jr.",0,NA,10.13,12.09,-3.64,-1.44,-5.08,NA
"5315361","5315361","Maya McCorkle","Delaware State Hornets","2169","Transfer","stats","id","East Tennessee State Bucs",NA,1,NA,9.69,11.57,-3.38,-1.05,-4.42,NA
"5318400","5318400","Autumn Simon","Delaware State Hornets","2169","Transfer (non-D1)","stats","none","Langston Lions",NA,3,NA,8.77,10.47,-3.19,-1.6,-4.79,"Valued at the D2/NAIA level (assumed)"
"5174757","5174757","Channing Williams","Delaware State Hornets","2169","Returning","stats","id","Delaware State Hornets",NA,3,NA,7.2,8.59,-2.47,-1.26,-3.74,NA
"5314596","5314596","Tori Baker","Denver Pioneers","2172","Returning","stats","id","Denver Pioneers",NA,1,NA,30.56,36.48,-1.93,-1.13,-3.07,NA
"5174372","5174372","Laia Monclova","Denver Pioneers","2172","Returning","stats","id","Denver Pioneers",NA,3,NA,27.94,33.35,-2.02,-0.09,-2.11,NA
"5176504","5176504","Brooke Murrell","Denver Pioneers","2172","Returning","stats","id","Denver Pioneers",NA,2,NA,23.56,28.12,-0.98,-0.16,-1.14,NA
"5242229","5242229","Ana Conde","Denver Pioneers","2172","Returning","stats","id","Denver Pioneers",NA,2,NA,20.03,23.9,-4.17,-2.25,-6.42,NA
"5314599","5314599","Karolina Padilla","Denver Pioneers","2172","Returning","stats","id","Denver Pioneers",NA,3,NA,17.2,20.53,-2.22,-1.11,-3.34,NA
"5239534","5239534","Lily Esparza","Denver Pioneers","2172","Returning","stats","id","Denver Pioneers",NA,2,NA,16.78,20.03,-4.07,-2.17,-6.24,NA
"5239531","5239531","Anna Rosenberger","Denver Pioneers","2172","Returning","stats","id","Denver Pioneers",NA,2,NA,14.87,17.75,-6.1,-0.49,-6.59,NA
"5177962","5177962","Mallory McQuietor","Denver Pioneers","2172","Transfer","stats","id","Incarnate Word Cardinals",NA,3,NA,14.44,17.23,-2.38,-1.89,-4.27,NA
"fr_2172_emmahart","fr_2172_emmahart","Emma Hart","Denver Pioneers","2172","Newcomer","newcomer","none","IMG Academy National Team","Fr.",0,NA,12.82,15.3,-2.61,-1.01,-3.62,NA
"fr_2172_safiyahsugapong","fr_2172_safiyahsugapong","Safiyah Sugapong","Denver Pioneers","2172","Newcomer","newcomer","none","La Jolla Country Day","Fr.",0,NA,12.28,14.66,-2.61,-1.01,-3.62,NA
"5314595","5314595","Lexi Pletschette","Denver Pioneers","2172","Returning","stats","id","Denver Pioneers",NA,3,NA,9.51,11.35,-0.16,-1.24,-1.39,NA
"5240901","5240901","Devin Hagemann","DePaul Blue Demons","305","Returning","stats","id","DePaul Blue Demons",NA,2,NA,28.08,33.52,-1.74,-0.68,-2.41,NA
"5107682","5107682","Keira Hanson","DePaul Blue Demons","305","Transfer","stats","id","Vermont Catamounts",NA,4,NA,22.44,26.78,3.06,0.21,3.26,NA
"4682567","4682567","Kate Clarke","DePaul Blue Demons","305","Returning","stats","id","DePaul Blue Demons",NA,4,NA,20.05,23.92,2.14,-1.06,1.07,"Missed 2025-26; 2024-25: 31.6 mpg, 11.9 ppg"
"5240227","5240227","Ally Timm","DePaul Blue Demons","305","Returning","stats","id","DePaul Blue Demons",NA,1,NA,18.27,21.8,1.51,-1.27,0.24,NA
"5178530","5178530","Louis Volker","DePaul Blue Demons","305","Transfer","stats","id","George Mason Patriots",NA,3,NA,17.93,21.4,1.08,0.77,1.84,NA
"5176871","5176871","Zoey Ward","DePaul Blue Demons","305","Transfer","stats","id","Iona Gaels",NA,3,NA,17.3,20.65,-1.06,-0.63,-1.69,NA
"5312682","5312682","Gina Davorija","DePaul Blue Demons","305","Returning","stats","id","DePaul Blue Demons",NA,1,NA,13.02,15.53,-1.72,-0.76,-2.48,NA
"5174332","5174332","Nyah Lowery","DePaul Blue Demons","305","Transfer","stats","id","Pacific Tigers",NA,3,NA,12.4,14.8,-1.41,-0.22,-1.64,NA
"5178274","5178274","Lijirin Doyinsola Modesayor","DePaul Blue Demons","305","Transfer","stats","id","Wagner Seahawks",NA,3,NA,12.05,14.38,-2.68,0.11,-2.57,NA
"5178153","5178153","Kaliyah Dillard","DePaul Blue Demons","305","Transfer","stats","id","San José State Spartans",NA,2,NA,10.61,12.67,-1.93,1.13,-0.79,NA
"fr_305_doyinsolalijirin","fr_305_doyinsolalijirin","Doyinsola Lijirin","DePaul Blue Demons","305","Newcomer","newcomer","none","Topfield Secondary","Sr.",0,NA,9.73,11.61,-1.41,-0.64,-2.05,NA
"fr_305_emilybojan","fr_305_emilybojan","Emily Bojan","DePaul Blue Demons","305","Newcomer","newcomer","none","Marist","5th",0,NA,9.38,11.2,-1.41,-0.64,-2.05,NA
"fr_305_mikaialitza","fr_305_mikaialitza","Mikaia Litza","DePaul Blue Demons","305","Newcomer","newcomer","none","Wauwatosa East","Fr.",0,NA,8.74,10.43,-1.41,-0.64,-2.05,NA
"5177883","5177883","Makayla Jackson","Detroit Mercy Titans","2174","Returning","stats","id","Detroit Mercy Titans",NA,3,NA,29.45,35.14,0.26,-1.9,-1.64,NA
"5255112","5255112","Marie Outlay","Detroit Mercy Titans","2174","Transfer (non-D1)","stats","none","Roosevelt Lakers",NA,3,NA,20.46,24.42,-0.86,0.46,-0.4,"Valued at the D2/NAIA level (assumed)"
"5241108","5241108","Maya Anderson","Detroit Mercy Titans","2174","Returning","stats","id","Detroit Mercy Titans",NA,2,NA,20.08,23.96,0.24,-2.19,-1.95,NA
"5178189","5178189","Paula Lopez","Detroit Mercy Titans","2174","Transfer","stats","id","Buffalo Bulls",NA,3,NA,19.87,23.71,-3.31,-0.87,-4.18,NA
"5241107","5241107","Anna Lassan","Detroit Mercy Titans","2174","Returning","stats","id","Detroit Mercy Titans",NA,2,NA,17.38,20.74,-3.37,-1.77,-5.15,NA
"5313025","5313025","Naima Diawara","Detroit Mercy Titans","2174","Returning","stats","id","Detroit Mercy Titans",NA,1,NA,16.85,20.11,-2.3,-1.65,-3.95,NA
"5243542","5243542","Stephanie Utomi","Detroit Mercy Titans","2174","Transfer","stats","id","Mercer Bears",NA,2,NA,16.66,19.88,2.23,-0.08,2.15,NA
"5241111","5241111","Addisen Mastriano","Detroit Mercy Titans","2174","Returning","stats","id","Detroit Mercy Titans",NA,2,NA,13.3,15.87,-2.36,-2.44,-4.8,NA
"fr_2174_alonnadivine","fr_2174_alonnadivine","Alonna Divine","Detroit Mercy Titans","2174","Newcomer","newcomer","none","Pike","Fr.",0,NA,12.31,14.69,-2.28,-1.75,-4.03,NA
"fr_2174_mariannajones","fr_2174_mariannajones","Marianna Jones","Detroit Mercy Titans","2174","Newcomer","newcomer","none","Detroit Edison","Fr.",0,NA,11.79,14.07,-2.28,-1.75,-4.03,NA
"fr_2174_ninarodriguez","fr_2174_ninarodriguez","Nina Rodriguez","Detroit Mercy Titans","2174","Newcomer","newcomer","none","Mentor","Fr.",0,NA,11.21,13.38,-2.28,-1.75,-4.03,NA
"fr_2174_audreytchakotchako","fr_2174_audreytchakotchako","Audrey Tchako Tchako","Detroit Mercy Titans","2174","International (FIBA)","newcomer","none","Sint-Franciscus-Xaveriusinstituut","Fr.",0,NA,10.64,12.7,-3.08,-1.74,-4.82,NA
"5314925","5314925","Anna Becker","Drake Bulldogs","2181","Returning","stats","id","Drake Bulldogs",NA,1,NA,28.09,33.53,2.26,-0.89,1.37,NA
"5242003","5242003","Grace Knutson","Drake Bulldogs","2181","Returning","stats","id","Drake Bulldogs",NA,2,NA,24.77,29.56,1.51,-1.43,0.08,NA
"5242005","5242005","Maggie Taylor","Drake Bulldogs","2181","Returning","stats","id","Drake Bulldogs",NA,2,NA,22.5,26.85,2.19,-0.39,1.81,NA
"5242196","5242196","Lexi Carlsen","Drake Bulldogs","2181","Returning","stats","id","Drake Bulldogs",NA,2,NA,20.03,23.91,0.29,-1.39,-1.1,NA
"5178013","5178013","Brooklin Dailey","Drake Bulldogs","2181","Returning","stats","id","Drake Bulldogs",NA,3,NA,18.06,21.55,0.12,-1.59,-1.46,NA
"5314926","5314926","Quinn Vice","Drake Bulldogs","2181","Returning","stats","id","Drake Bulldogs",NA,1,NA,16.02,19.12,-0.28,-0.37,-0.65,NA
"5315734","5315734","Allie Myers","Drake Bulldogs","2181","Transfer","stats","id","Tarleton State Texans",NA,3,NA,14.31,17.08,0.59,0.2,0.79,NA
"5242004","5242004","Peyton McCabe","Drake Bulldogs","2181","Returning","stats","id","Drake Bulldogs",NA,2,NA,14.21,16.96,-2.89,-2.2,-5.09,NA
"fr_2181_alexcouch","fr_2181_alexcouch","Alex Couch","Drake Bulldogs","2181","Newcomer","newcomer","none","Liberty North","Fr.",0,NA,10.94,13.06,-0.93,-1.41,-2.34,NA
"5109169","5109169","Taedyn Gray","Drake Bulldogs","2181","Returning","stats","id","Drake Bulldogs",NA,4,NA,10.6,12.65,-0.73,-0.03,-0.76,NA
"fr_2181_gracefincham","fr_2181_gracefincham","Grace Fincham","Drake Bulldogs","2181","Newcomer","newcomer","none","West","Fr.",0,NA,10.42,12.44,-0.93,-1.41,-2.34,NA
"fr_2181_karisfinley","fr_2181_karisfinley","Karis Finley","Drake Bulldogs","2181","Newcomer","newcomer","none","Cedar Falls","Fr.",0,NA,10.05,11.99,-0.93,-1.41,-2.34,NA
"5177761","5177761","Laine McGurk","Drexel Dragons","2182","Returning","stats","id","Drexel Dragons",NA,3,NA,29.95,35.75,2.79,-0.34,2.44,NA
"5311880","5311880","Molly Rullo","Drexel Dragons","2182","Returning","stats","id","Drexel Dragons",NA,1,NA,25.54,30.48,-0.13,-0.15,-0.28,NA
"5239402","5239402","Mariah Watkins","Drexel Dragons","2182","Returning","stats","id","Drexel Dragons",NA,2,NA,22.61,26.98,-0.87,0.81,-0.07,NA
"5174773","5174773","Julia Garcia Roig","Drexel Dragons","2182","Returning","stats","id","Drexel Dragons",NA,3,NA,18.64,22.25,-1.43,-0.64,-2.07,NA
"5109188","5109188","Molly Lavin","Drexel Dragons","2182","Returning","stats","id","Drexel Dragons",NA,4,NA,16.23,19.38,-3.74,-0.47,-4.21,NA
"4898545","4898545","Aisha Dabo","Drexel Dragons","2182","Transfer","stats","id","Hampton Lady Pirates",NA,4,NA,16.07,19.17,-0.59,-1.29,-1.88,NA
"5311881","5311881","Bria Watkins","Drexel Dragons","2182","Returning","stats","id","Drexel Dragons",NA,1,NA,14.43,17.22,0.73,-0.11,0.63,NA
"fr_2182_avafajardo","fr_2182_avafajardo","Ava Fajardo","Drexel Dragons","2182","Newcomer","newcomer","none","Blair Academy","Fr.",0,NA,12.03,14.36,-1.09,-0.47,-1.56,NA
"fr_2182_emmamontanari","fr_2182_emmamontanari","Emma Montanari","Drexel Dragons","2182","Newcomer","newcomer","none","East Lincoln","Fr.",0,NA,11.54,13.77,-1.09,-0.47,-1.56,NA
"5239404","5239404","Emilee Jones","Drexel Dragons","2182","Returning","stats","id","Drexel Dragons",NA,2,NA,11.35,13.54,-2.17,-0.86,-3.03,NA
"fr_2182_meganrullo","fr_2182_meganrullo","Megan Rullo","Drexel Dragons","2182","Newcomer","newcomer","none","Cardinal O'Hara","Fr.",0,NA,11,13.13,-1.09,-0.47,-1.56,NA
"fr_2182_mileymalcolm","fr_2182_mileymalcolm","Miley Malcolm","Drexel Dragons","2182","Newcomer","newcomer","none","Porter Ridge","Fr.",0,NA,10.61,12.66,-1.09,-0.47,-1.56,NA
"5238277","5238277","Toby Fournier","Duke Blue Devils","150","Returning","stats","id","Duke Blue Devils",NA,2,NA,26.79,31.97,11.43,5.82,17.26,NA
"5174409","5174409","Delaney Thomas","Duke Blue Devils","150","Returning","stats","id","Duke Blue Devils",NA,3,NA,23.81,28.42,7.75,5.06,12.81,NA
"4894357","4894357","Riley Nelson","Duke Blue Devils","150","Returning","stats","id","Duke Blue Devils",NA,2,NA,22.16,26.45,4.14,3.38,7.52,NA
"5174410","5174410","Jordan Wood","Duke Blue Devils","150","Returning","stats","id","Duke Blue Devils",NA,3,NA,18.02,21.51,1.31,4.2,5.52,NA
"5311568","5311568","Aaliyah Crump","Duke Blue Devils","150","Transfer","stats","id","Texas Longhorns",NA,1,NA,16.71,19.94,6.01,4.05,10.06,"No. 5 recruit in 2025; pedigree counts 26% (419 college min)"
"5238276","5238276","Arianna Roberson","Duke Blue Devils","150","Returning","stats","id","Duke Blue Devils",NA,1,NA,16.34,19.5,2.64,4.87,7.5,NA
"5311970","5311970","Emilee Skinner","Duke Blue Devils","150","Returning","stats","id","Duke Blue Devils",NA,1,NA,14.61,17.44,1.47,2.54,4.01,"No. 4 recruit in 2025; pedigree counts 76% (48 college min)"
"5174407","5174407","Jadyn Donovan","Duke Blue Devils","150","Returning","stats","id","Duke Blue Devils",NA,3,NA,13.94,16.64,-0.28,4.58,4.29,NA
"fr_150_autumnfleary","fr_150_autumnfleary","Autumn Fleary","Duke Blue Devils","150","Top-100 recruit","newcomer","none","Sidwell Friends","Fr.",0,13,12.49,14.9,4.37,4.14,8.51,NA
"fr_150_bellaflemings","fr_150_bellaflemings","Bella Flemings","Duke Blue Devils","150","Top-100 recruit","newcomer","none","William J. Brennan","Fr.",0,18,11.57,13.81,4.01,4.01,8.02,NA
"fr_150_sanaigreen","fr_150_sanaigreen","Sanai Green","Duke Blue Devils","150","Top-100 recruit","newcomer","none","Long Island Lutheran","Fr.",0,31,10.05,12,3.41,3.81,7.21,NA
"fr_150_taylorsofilkanich","fr_150_taylorsofilkanich","Taylor Sofilkanich","Duke Blue Devils","150","Top-100 recruit","newcomer","none","Saint John Vanney","Fr.",0,49,8.77,10.46,2.9,3.63,6.53,NA
"5195636","5195636","Olivia Martin","Duke Blue Devils","150","Returning","stats","id","Duke Blue Devils",NA,4,NA,4.73,5.65,-1.11,0.25,-0.86,NA
"5174348","5174348","Gabby Grantham-Medley","Duquesne Dukes","2184","Returning","stats","id","Duquesne Dukes",NA,2,NA,27.08,32.32,-0.96,0.29,-0.67,NA
"5174412","5174412","Carla Viegas","Duquesne Dukes","2184","Transfer","stats","id","Pittsburgh Panthers",NA,3,NA,20.83,24.86,1.51,-0.99,0.51,NA
"5242241","5242241","De'Naya Rippey","Duquesne Dukes","2184","Transfer","stats","id","Saint Peter's Peacocks",NA,2,NA,20.61,24.6,-0.24,0.28,0.04,NA
"5311509","5311509","Raevin Washington","Duquesne Dukes","2184","Returning","stats","id","Duquesne Dukes",NA,1,NA,19.43,23.19,-2.51,0.64,-1.87,NA
"5240295","5240295","Nadia Moore","Duquesne Dukes","2184","Returning","stats","id","Duquesne Dukes",NA,2,NA,18.86,22.51,1.65,-0.57,1.09,NA
"5241031","5241031","Maja Rohkohl","Duquesne Dukes","2184","Returning","stats","id","Duquesne Dukes",NA,2,NA,14.6,17.42,-1.96,-0.57,-2.52,NA
"5177892","5177892","Dunja Zecevic","Duquesne Dukes","2184","Returning","stats","id","Duquesne Dukes",NA,3,NA,13.39,15.98,0.09,-0.56,-0.47,NA
"5311507","5311507","Bakhaw Seye","Duquesne Dukes","2184","Newcomer","stats","none","Duquesne Dukes",NA,1,NA,11.92,14.23,-2.17,-0.25,-2.42,NA
"fr_2184_amayarobinson","fr_2184_amayarobinson","Amaya Robinson","Duquesne Dukes","2184","Newcomer","newcomer","none","Royal Crown School","Fr.",0,NA,11.43,13.64,-2.17,-0.25,-2.42,NA
"5240294","5240294","Kellie McConnell","Duquesne Dukes","2184","Returning","stats","id","Duquesne Dukes",NA,2,NA,11.08,13.22,-2.86,-0.39,-3.25,NA
"fr_2184_dieymariediouf","fr_2184_dieymariediouf","Dieymarie Diouf","Duquesne Dukes","2184","Newcomer","newcomer","none","SEED Academy","Fr.",0,NA,10.89,12.99,-2.17,-0.25,-2.42,NA
"fr_2184_ayalaoren","fr_2184_ayalaoren","Ayala Oren","Duquesne Dukes","2184","International (FIBA)","newcomer","none","Ben Gurion High School","Fr.",0,NA,10.33,12.33,-3.04,-0.28,-3.32,NA
"fr_2184_dalmagrets","fr_2184_dalmagrets","Dalma Grets","Duquesne Dukes","2184","International (FIBA)","newcomer","none",NA,"Fr.",0,NA,9.55,11.39,-3.24,-0.44,-3.68,NA
"5107548","5107548","Jayla Hearp","East Carolina Pirates","151","Returning","stats","id","East Carolina Pirates",NA,3,NA,25.93,30.95,2.97,0.72,3.69,NA
"5240941","5240941","Kendall Sneed","East Carolina Pirates","151","Transfer","stats","id","Tulane Green Wave",NA,2,NA,20.09,23.97,-0.84,1.28,0.44,NA
"5178099","5178099","Tuana Coskun","East Carolina Pirates","151","Transfer","stats","id","Bucknell Bison",NA,3,NA,19.74,23.56,0.08,-1.75,-1.67,NA
"5175515","5175515","Jayda Holiman","East Carolina Pirates","151","Transfer","stats","id","UTSA Roadrunners",NA,3,NA,18.9,22.56,-1.2,0.83,-0.37,NA
"fr_151_tristanrickenbacker","fr_151_tristanrickenbacker","Tristan Rickenbacker","East Carolina Pirates","151","Top-100 recruit","newcomer","none","Princess Anne","Fr.",0,85,15.89,18.96,-0.08,0.44,0.36,NA
"5314201","5314201","Zaniah Zellous","East Carolina Pirates","151","Returning","stats","id","East Carolina Pirates",NA,1,NA,14.96,17.86,-1.32,0.53,-0.79,NA
"5178389","5178389","Georgia Cox","East Carolina Pirates","151","Transfer","stats","id","Evansville Purple Aces",NA,2,NA,13.9,16.59,-0.31,-1.16,-1.47,NA
"5314197","5314197","Olivia Hilliard","East Carolina Pirates","151","Returning","stats","id","East Carolina Pirates",NA,1,NA,11.57,13.81,-4.09,-0.04,-4.13,NA
"5312778","5312778","Sara Blair","East Carolina Pirates","151","Transfer","stats","id","George Mason Patriots",NA,1,NA,11.39,13.6,0.11,0.28,0.39,NA
"5314200","5314200","Mildred Dibua","East Carolina Pirates","151","Returning","stats","id","East Carolina Pirates",NA,1,NA,10.62,12.67,-3.59,1.19,-2.4,NA
"fr_151_avarush","fr_151_avarush","Ava Rush","East Carolina Pirates","151","Newcomer","newcomer","none","Wando","Fr.",0,NA,9.91,11.83,-0.92,0.11,-0.81,NA
"fr_151_chelseadike","fr_151_chelseadike","Chelsea Dike","East Carolina Pirates","151","Newcomer","newcomer","none",NA,"Fr.",0,NA,9.46,11.28,-0.92,0.11,-0.81,NA
"fr_151_irieannasmoot","fr_151_irieannasmoot","Irieanna Smoot","East Carolina Pirates","151","Newcomer","newcomer","none","Virginia Academy","Fr.",0,NA,9.12,10.89,-0.92,0.11,-0.81,NA
"fr_151_ryliehite","fr_151_ryliehite","Rylie Hite","East Carolina Pirates","151","Newcomer","newcomer","none","King's Fork","Fr.",0,NA,8.52,10.16,-0.92,0.11,-0.81,NA
"5243537","5243537","Carmen Richardson","East Tennessee State Bucs","2193","Returning","stats","id","East Tennessee State Bucs",NA,2,NA,29.15,34.79,-2.4,-0.04,-2.45,NA
"5174776","5174776","Daniela López","East Tennessee State Bucs","2193","Returning","stats","id","East Tennessee State Bucs",NA,3,NA,26.53,31.66,0.44,0.22,0.66,NA
"5243538","5243538","Jaidyn Harper","East Tennessee State Bucs","2193","Returning","stats","id","East Tennessee State Bucs",NA,2,NA,24.21,28.89,-0.77,0.52,-0.25,NA
"5106121","5106121","Sydney-James Desroches","East Tennessee State Bucs","2193","Transfer","stats","id","Eastern Illinois Panthers",NA,3,NA,17.53,20.92,-1.88,-0.04,-1.93,NA
"5315365","5315365","Emmah McAmis","East Tennessee State Bucs","2193","Returning","stats","id","East Tennessee State Bucs",NA,1,NA,17.11,20.41,-1.14,0.23,-0.92,NA
"5243534","5243534","Lucy Hood","East Tennessee State Bucs","2193","Returning","stats","id","East Tennessee State Bucs",NA,2,NA,16.46,19.65,-1.07,-1.38,-2.44,NA
"5315360","5315360","SaBreya Monsanto","East Tennessee State Bucs","2193","Returning","stats","id","East Tennessee State Bucs",NA,1,NA,14.12,16.85,-2.85,1.48,-1.38,NA
"5315364","5315364","Lucia France","East Tennessee State Bucs","2193","Returning","stats","id","East Tennessee State Bucs",NA,1,NA,12.22,14.59,-0.95,0.37,-0.57,NA
"fr_2193_alannatatum","fr_2193_alannatatum","Alanna Tatum","East Tennessee State Bucs","2193","Newcomer","newcomer","none","Potter's House Christian Academy","Fr.",0,NA,11.33,13.52,-2.53,-0.32,-2.85,NA
"fr_2193_carleyssiawallace","fr_2193_carleyssiawallace","Carleyssia Wallace","East Tennessee State Bucs","2193","Newcomer","newcomer","none","Bayside HS","Fr.",0,NA,10.79,12.87,-2.53,-0.32,-2.85,NA
"fr_2193_lovelygabriel","fr_2193_lovelygabriel","Lovely Gabriel","East Tennessee State Bucs","2193","Newcomer","newcomer","none","St. Lucie West Centennial HS","Fr.",0,NA,10.4,12.41,-2.53,-0.32,-2.85,NA
"5178256","5178256","Yanessa Boyd","East Tennessee State Bucs","2193","Returning","stats","id","East Tennessee State Bucs",NA,3,NA,10.16,12.13,-5.42,-1.36,-6.77,NA
"5178029","5178029","Cora Horvath","East Texas A&M Lions","2837","Returning","stats","id","East Texas A&M Lions",NA,3,NA,29.25,34.91,-3.12,-2.09,-5.21,NA
"5177947","5177947","Nina Horvath","East Texas A&M Lions","2837","Returning","stats","id","East Texas A&M Lions",NA,3,NA,25.95,30.97,0.32,-1.48,-1.16,NA
"5315775","5315775","Rezia Castillo","East Texas A&M Lions","2837","Returning","stats","id","East Texas A&M Lions",NA,1,NA,22.5,26.85,-0.21,-1.22,-1.43,NA
"5314967","5314967","Samantha Serrano","East Texas A&M Lions","2837","Transfer","stats","id","UIC Flames",NA,2,NA,17.48,20.86,-1.76,-0.24,-2,NA
"5178035","5178035","Torie Sevier","East Texas A&M Lions","2837","Transfer","stats","id","Texas A&M-Corpus Christi Islanders",NA,2,NA,17.43,20.81,1.01,-1.26,-0.25,NA
"5109386","5109386","Jadyn Fife","East Texas A&M Lions","2837","Transfer","stats","id","Colorado State Rams",NA,3,NA,16.38,19.54,-3.25,0.08,-3.18,NA
"5315777","5315777","Terrayah McCoy","East Texas A&M Lions","2837","Returning","stats","id","East Texas A&M Lions",NA,1,NA,14.88,17.76,-1.73,-0.4,-2.12,NA
"5313014","5313014","Brooklyn Terry","East Texas A&M Lions","2837","Transfer","stats","id","UTEP Miners",NA,1,NA,14.62,17.45,-2.19,-0.95,-3.14,NA
"fr_2837_blaykebrackens","fr_2837_blaykebrackens","Blayke Brackens","East Texas A&M Lions","2837","Newcomer","newcomer","none","Fairfield HS","Fr.",0,NA,11.74,14.01,-2.37,-1.32,-3.69,NA
"fr_2837_makenziewhite","fr_2837_makenziewhite","MaKenzie White","East Texas A&M Lions","2837","Newcomer","newcomer","none","Lancaster HS","Fr.",0,NA,11.24,13.42,-2.37,-1.32,-3.69,NA
"fr_2837_zoeemitchell","fr_2837_zoeemitchell","Zoee Mitchell","East Texas A&M Lions","2837","Newcomer","newcomer","none","Heritage Christian HS","Fr.",0,NA,10.7,12.77,-2.37,-1.32,-3.69,NA
"5175519","5175519","Keiori Lee","East Texas A&M Lions","2837","Returning","stats","id","East Texas A&M Lions",NA,4,NA,7.82,9.33,-2.07,-1.17,-3.24,NA
"5176547","5176547","Clara Glad","Eastern Illinois Panthers","2197","Returning","stats","id","Eastern Illinois Panthers",NA,3,NA,27.59,32.93,-1.39,-1.34,-2.73,NA
"5178419","5178419","Ava Stoller","Eastern Illinois Panthers","2197","Returning","stats","id","Eastern Illinois Panthers",NA,3,NA,25.6,30.55,-0.48,-1.75,-2.24,NA
"5107342","5107342","Meioshe Mason","Eastern Illinois Panthers","2197","Returning","stats","id","Eastern Illinois Panthers",NA,3,NA,21.12,25.2,-2.65,-1.29,-3.94,NA
"5175793","5175793","Abbie Boutilier","Eastern Illinois Panthers","2197","Returning","stats","id","Eastern Illinois Panthers",NA,2,NA,18.87,22.52,-3.55,0.04,-3.51,NA
"5315523","5315523","Nyah Hardy","Eastern Illinois Panthers","2197","Returning","stats","id","Eastern Illinois Panthers",NA,2,NA,15.12,18.05,-2.13,-1.22,-3.35,NA
"5315209","5315209","Lana Koricanac","Eastern Illinois Panthers","2197","Transfer","stats","id","Troy Trojans",NA,1,NA,13.2,15.75,-1.29,-0.58,-1.87,NA
"5178523","5178523","Janyah Bohanon","Eastern Illinois Panthers","2197","Transfer","stats","id","Buffalo Bulls",NA,3,NA,13.09,15.62,-2.12,-0.63,-2.76,NA
"5242649","5242649","Alanna Phillipo","Eastern Illinois Panthers","2197","Returning","stats","id","Eastern Illinois Panthers",NA,2,NA,11.52,13.75,-3.55,-0.09,-3.63,NA
"5178387","5178387","Adriana Arroyo","Eastern Illinois Panthers","2197","Returning","stats","id","Eastern Illinois Panthers",NA,2,NA,10.31,12.3,1.29,-1.49,-0.2,NA
"fr_2197_alahnnasimpson","fr_2197_alahnnasimpson","Alahnna Simpson","Eastern Illinois Panthers","2197","Newcomer","newcomer","none","La Crosse Central","Fr.",0,NA,9.32,11.13,-3.01,-1.44,-4.45,NA
"5312790","5312790","Nevaeh Dickman","Eastern Illinois Panthers","2197","Transfer","stats","id","Loyola Chicago Ramblers",NA,1,NA,8.92,10.65,-3.25,-1.18,-4.43,NA
"fr_2197_daliagrandberry","fr_2197_daliagrandberry","Dalia Grandberry","Eastern Illinois Panthers","2197","Newcomer","newcomer","none","Rolling Meadows","Fr.",0,NA,8.87,10.58,-3.01,-1.44,-4.45,NA
"fr_2197_itxasnefernandezarguello","fr_2197_itxasnefernandezarguello","Itxasne Fernandez Arguello","Eastern Illinois Panthers","2197","Newcomer","newcomer","none","Otero College","Jr.",0,NA,8.54,10.19,-3.01,-1.44,-4.45,NA
"fr_2197_mirandarodriguezsanchez","fr_2197_mirandarodriguezsanchez","Miranda Rodríguez Sánchez","Eastern Illinois Panthers","2197","Newcomer","newcomer","none","CBIC SPAR Gran Canaria","Fr.",0,NA,7.93,9.46,-3.01,-1.44,-4.45,NA
"5240592","5240592","Liz Freihofer","Eastern Kentucky Colonels","2198","Returning","stats","id","Eastern Kentucky Colonels",NA,2,NA,32.48,38,2.78,1.66,4.44,NA
"5315230","5315230","Kenleigh Woods","Eastern Kentucky Colonels","2198","Returning","stats","id","Eastern Kentucky Colonels",NA,1,NA,28.71,34.26,1.86,-0.12,1.74,NA
"5175440","5175440","Kailani Lindsey","Eastern Kentucky Colonels","2198","Returning","stats","id","Eastern Kentucky Colonels",NA,3,NA,21.77,25.98,-0.08,1.87,1.79,NA
"5313745","5313745","Rylee Kalocay","Eastern Kentucky Colonels","2198","Transfer","stats","id","Kent State Golden Flashes",NA,1,NA,20.5,24.47,1.47,0.5,1.98,NA
"5178188","5178188","Kirsten Lewis-Williams","Eastern Kentucky Colonels","2198","Transfer","stats","id","South Florida Bulls",NA,3,NA,19.86,23.7,0.36,0.6,0.96,NA
"5311553","5311553","Nicole Fritea","Eastern Kentucky Colonels","2198","Transfer","stats","id","Maryland Terrapins",NA,1,NA,18.51,22.09,0.04,-0.05,-0.01,NA
"5178411","5178411","Michelle Ugwah","Eastern Kentucky Colonels","2198","Transfer","stats","id","San Francisco Dons",NA,2,NA,18.02,21.51,-1.71,-0.07,-1.79,NA
"fr_2198_elyseautrey","fr_2198_elyseautrey","Elyse Autrey","Eastern Kentucky Colonels","2198","Newcomer","newcomer","none","Augusta University","Jr.",0,NA,14.39,17.18,-1.02,0.37,-0.65,NA
"fr_2198_kierahealy","fr_2198_kierahealy","Kiera Healy","Eastern Kentucky Colonels","2198","Newcomer","newcomer","none","Archbishop Carroll HS","Fr.",0,NA,13.23,15.79,-1.02,0.37,-0.65,NA
"fr_2198_lunaueda","fr_2198_lunaueda","Luna Ueda","Eastern Kentucky Colonels","2198","Newcomer","newcomer","none","Casper College","Jr.",0,NA,12.52,14.95,-1.02,0.37,-0.65,NA
"5313742","5313742","Peyton Hill","Eastern Michigan Eagles","2199","Returning","stats","id","Eastern Michigan Eagles",NA,1,NA,31.19,37.23,4.07,-0.6,3.47,NA
"5106216","5106216","Fernanda Ovalle","Eastern Michigan Eagles","2199","Returning","stats","id","Eastern Michigan Eagles",NA,1,NA,27.42,32.73,1.59,-0.91,0.68,NA
"5241902","5241902","Ni'Rah Clark","Eastern Michigan Eagles","2199","Transfer","stats","id","Akron Zips",NA,2,NA,20.2,24.11,1.34,-1.76,-0.42,NA
"5313739","5313739","Believe Tshibangu","Eastern Michigan Eagles","2199","Returning","stats","id","Eastern Michigan Eagles",NA,1,NA,17.66,21.08,2.36,-0.87,1.49,NA
"5313740","5313740","Paula Balada","Eastern Michigan Eagles","2199","Returning","stats","id","Eastern Michigan Eagles",NA,1,NA,15.08,18,-2.91,-1.14,-4.05,NA
"5313738","5313738","Oliwia Pelka","Eastern Michigan Eagles","2199","Returning","stats","id","Eastern Michigan Eagles",NA,1,NA,13.99,16.7,-0.61,-1.42,-2.03,NA
"fr_2199_annahabra","fr_2199_annahabra","Anna Habra","Eastern Michigan Eagles","2199","Newcomer","newcomer","none","William Mason","Fr.",0,NA,12.57,15,-1.13,-0.88,-2.01,NA
"5313735","5313735","Alli Zajac","Eastern Michigan Eagles","2199","Returning","stats","id","Eastern Michigan Eagles",NA,1,NA,12.33,14.72,-1.86,-0.81,-2.67,NA
"fr_2199_cheymcevans","fr_2199_cheymcevans","Chey McEvans","Eastern Michigan Eagles","2199","Newcomer","newcomer","none","Southfield A&T / Nevada","Sr.",0,NA,11.89,14.19,-1.13,-0.88,-2.01,NA
"fr_2199_mollysisson","fr_2199_mollysisson","Molly Sisson","Eastern Michigan Eagles","2199","Newcomer","newcomer","none","Northfield Mount Herman","Fr.",0,NA,11.4,13.61,-1.13,-0.88,-2.01,NA
"fr_2199_zoeguice","fr_2199_zoeguice","Zoe Guice","Eastern Michigan Eagles","2199","Newcomer","newcomer","none","Westerville South / Clarion","Jr.",0,NA,10.86,12.97,-1.13,-0.88,-2.01,NA
"5242223","5242223","Sarah Rekowski","Eastern Michigan Eagles","2199","Returning","stats","id","Eastern Michigan Eagles",NA,2,NA,7.91,9.44,-4.2,-1.48,-5.67,NA
"5313736","5313736","Ruby Brannon","Eastern Michigan Eagles","2199","Returning","stats","id","Eastern Michigan Eagles",NA,3,NA,7.49,8.94,-1.51,-0.93,-2.44,NA
"5240978","5240978","Kourtney Grossman","Eastern Washington Eagles","331","Returning","stats","id","Eastern Washington Eagles",NA,2,NA,31.21,37.24,2.42,1.89,4.31,NA
"5315355","5315355","Elyn Bowers","Eastern Washington Eagles","331","Returning","stats","id","Eastern Washington Eagles",NA,1,NA,28.09,33.52,2.22,-0.18,2.04,NA
"5240975","5240975","Jaecy Eggers","Eastern Washington Eagles","331","Returning","stats","id","Eastern Washington Eagles",NA,2,NA,25.04,29.89,0.53,-0.12,0.42,NA
"5240729","5240729","Caitie Gingras","Eastern Washington Eagles","331","Returning","stats","id","Eastern Washington Eagles",NA,2,NA,20.9,24.94,-1.76,-2.1,-3.87,NA
"5175989","5175989","Alyse Aby","Eastern Washington Eagles","331","Transfer","stats","id","Idaho State Bengals",NA,3,NA,17.91,21.37,-1.81,-0.07,-1.88,NA
"5240979","5240979","Emily McElmurry","Eastern Washington Eagles","331","Returning","stats","id","Eastern Washington Eagles",NA,2,NA,17.61,21.02,-2.27,-1.12,-3.4,NA
"5315356","5315356","Madeline Gibbs","Eastern Washington Eagles","331","Returning","stats","id","Eastern Washington Eagles",NA,1,NA,13.59,16.22,-2.26,-1.17,-3.43,NA
"fr_331_deetsparrish","fr_331_deetsparrish","Deets Parrish","Eastern Washington Eagles","331","Newcomer","newcomer","none","A.C. Davis HS","Fr.",0,NA,12.29,14.66,-1.43,-0.78,-2.21,NA
"fr_331_gracedehoog","fr_331_gracedehoog","Grace DeHoog","Eastern Washington Eagles","331","Newcomer","newcomer","none","Nooksack Valley HS","Fr.",0,NA,11.62,13.87,-1.43,-0.78,-2.21,NA
"fr_331_jadadavis","fr_331_jadadavis","Jada Davis","Eastern Washington Eagles","331","Newcomer","newcomer","none","Gallatin HS","Fr.",0,NA,11.14,13.29,-1.43,-0.78,-2.21,NA
"fr_331_martinagelabertblanco","fr_331_martinagelabertblanco","Martina Gelabert Blanco","Eastern Washington Eagles","331","Newcomer","newcomer","none",NA,"Fr.",0,NA,10.61,12.67,-1.43,-0.78,-2.21,NA
"5311882","5311882","Ashanti Fox","Elon Phoenix","2210","Returning","stats","id","Elon Phoenix",NA,1,NA,25.36,30.26,-0.02,-0.62,-0.64,NA
"5109716","5109716","Tyana Walker","Elon Phoenix","2210","Returning","stats","id","Elon Phoenix",NA,3,NA,22.9,27.34,-1.03,-0.25,-1.28,NA
"5239416","5239416","LaNae' Corbett","Elon Phoenix","2210","Returning","stats","id","Elon Phoenix",NA,2,NA,21.16,25.25,2.8,-0.32,2.48,NA
"5311883","5311883","Tamia Watkins","Elon Phoenix","2210","Returning","stats","id","Elon Phoenix",NA,1,NA,19.44,23.2,1.59,-0.11,1.48,NA
"5239409","5239409","Ashlee Shaw","Elon Phoenix","2210","Returning","stats","id","Elon Phoenix",NA,2,NA,16.89,20.16,1.11,0.15,1.26,NA
"5239406","5239406","Jayda Angel","Elon Phoenix","2210","Returning","stats","id","Elon Phoenix",NA,2,NA,15.75,18.79,-1.98,-0.57,-2.55,NA
"4899564","4899564","Kamryn Doty","Elon Phoenix","2210","Returning","stats","id","Elon Phoenix",NA,4,NA,14.74,17.59,-1.09,-1.38,-2.47,NA
"fr_2210_macaylaaskew","fr_2210_macaylaaskew","Macayla Askew","Elon Phoenix","2210","Newcomer","newcomer","none","Derby High School","Fr.",0,NA,10.4,12.41,-1.61,-0.76,-2.38,NA
"fr_2210_norahfuld","fr_2210_norahfuld","Norah Fuld","Elon Phoenix","2210","Newcomer","newcomer","none","Western Reserve Academy","Fr.",0,NA,9.97,11.89,-1.61,-0.76,-2.38,NA
"5239408","5239408","Samira Khalil","Elon Phoenix","2210","Returning","stats","id","Elon Phoenix",NA,2,NA,9.9,11.82,-2.24,-1.14,-3.38,NA
"fr_2210_savannahwhitley","fr_2210_savannahwhitley","Savannah Whitley","Elon Phoenix","2210","Newcomer","newcomer","none","St. Vincent Pallotti High School","Fr.",0,NA,9.49,11.33,-1.61,-0.76,-2.38,NA
"fr_2210_sidneysmith","fr_2210_sidneysmith","Sidney Smith","Elon Phoenix","2210","Newcomer","newcomer","none","Roselle Park High School","Fr.",0,NA,9.15,10.92,-1.61,-0.76,-2.38,NA
"fr_2210_skylarbolden","fr_2210_skylarbolden","Skylar Bolden","Elon Phoenix","2210","Newcomer","newcomer","none","St. Elizabeth High School","Fr.",0,NA,8.53,10.18,-1.61,-0.76,-2.38,NA
"5239407","5239407","Kierra Morrow","Elon Phoenix","2210","Returning","stats","id","Elon Phoenix",NA,2,NA,6.33,7.56,-2.44,-0.69,-3.13,NA
"5178260","5178260","Marina Artero","Evansville Purple Aces","339","Transfer","stats","id","Louisiana Ragin' Cajuns",NA,3,NA,24.15,28.82,-4.03,-2.12,-6.16,NA
"5314932","5314932","Mireia Mustaros","Evansville Purple Aces","339","Returning","stats","id","Evansville Purple Aces",NA,3,NA,23.81,28.42,0.61,-1.78,-1.17,NA
"5242009","5242009","Avery Kelley","Evansville Purple Aces","339","Returning","stats","id","Evansville Purple Aces",NA,2,NA,22.82,27.24,-2.44,-1.49,-3.93,NA
"fr_339_jaydenscott","fr_339_jaydenscott","Jayden Scott","Evansville Purple Aces","339","Newcomer","newcomer","none","Castle HS","Fr.",0,NA,17.26,20.6,-1.57,-1.65,-3.22,NA
"5242010","5242010","Kaiden Kreinhagen","Evansville Purple Aces","339","Returning","stats","id","Evansville Purple Aces",NA,2,NA,16.74,19.98,-4.54,-2.06,-6.6,NA
"fr_339_caseyoconnell","fr_339_caseyoconnell","Casey O'Connell","Evansville Purple Aces","339","Newcomer","newcomer","none","Miami Country Day","Fr.",0,NA,16.56,19.77,-1.57,-1.65,-3.22,NA
"fr_339_jordanscott","fr_339_jordanscott","Jordan Scott","Evansville Purple Aces","339","Newcomer","newcomer","none","Wabash Valley College","So.",0,NA,15.72,18.76,-1.57,-1.65,-3.22,NA
"fr_339_kelynjohnson","fr_339_kelynjohnson","Kelyn Johnson","Evansville Purple Aces","339","Newcomer","newcomer","none","Benson Polytechnic HS","Fr.",0,NA,14.4,17.19,-1.57,-1.65,-3.22,NA
"fr_339_mariaserrano","fr_339_mariaserrano","Maria Serrano","Evansville Purple Aces","339","Newcomer","newcomer","none","Patrocinio San José","Fr.",0,NA,13.61,16.24,-1.57,-1.65,-3.22,NA
"fr_339_norijamison","fr_339_norijamison","Nori Jamison","Evansville Purple Aces","339","Newcomer","newcomer","none","Ensworth School","Fr.",0,NA,13.04,15.56,-1.57,-1.65,-3.22,NA
"fr_339_sienamcnitt","fr_339_sienamcnitt","Siena McNitt","Evansville Purple Aces","339","Newcomer","newcomer","none","Schoolcraft College","Jr.",0,NA,12.41,14.81,-1.57,-1.65,-3.22,NA
"5314933","5314933","Daniela Llavero","Evansville Purple Aces","339","Returning","stats","id","Evansville Purple Aces",NA,1,NA,9.49,11.32,-1.09,-1.29,-2.38,NA
"5176861","5176861","Kaety L'Amoreaux","Fairfield Stags","2217","Returning","stats","id","Fairfield Stags",NA,3,NA,28.21,33.66,8.11,2.66,10.76,NA
"5176862","5176862","Meghan Andersen","Fairfield Stags","2217","Returning","stats","id","Fairfield Stags",NA,3,NA,25.35,30.26,6.38,1.63,8,NA
"5175729","5175729","Jillian Huerter","Fairfield Stags","2217","Returning","stats","id","Fairfield Stags",NA,3,NA,22.12,26.4,2.99,1.29,4.29,NA
"5241769","5241769","Cyanne Coe","Fairfield Stags","2217","Returning","stats","id","Fairfield Stags",NA,2,NA,20.02,23.89,5.68,2.2,7.88,NA
"5178180","5178180","Paige Kohler","Fairfield Stags","2217","Transfer","stats","id","Bowling Green Falcons",NA,3,NA,16.21,19.34,2.1,-0.06,2.04,NA
"5240041","5240041","Lana McCarthy","Fairfield Stags","2217","Transfer","stats","id","Purdue Boilermakers",NA,2,NA,14.72,17.57,3.4,0.8,4.2,NA
"5242442","5242442","Nia Green","Fairfield Stags","2217","Transfer","stats","id","UNC Asheville Bulldogs",NA,2,NA,12.45,14.86,2.23,0.65,2.88,NA
"5313585","5313585","Milou van Vliet","Fairfield Stags","2217","Returning","stats","id","Fairfield Stags",NA,1,NA,11.07,13.21,-1.21,0.46,-0.75,NA
"5264834","5264834","Keyarah Gregory","Fairfield Stags","2217","Returning","stats","id","Fairfield Stags",NA,1,NA,9.39,11.2,1.86,1.33,3.19,NA
"fr_2217_addisonrhodes","fr_2217_addisonrhodes","Addison Rhodes","Fairfield Stags","2217","Newcomer","newcomer","none","Crestview","Fr.",0,NA,9.01,10.75,0.49,0.67,1.17,NA
"fr_2217_caterinaravosa","fr_2217_caterinaravosa","Caterina Ravosa","Fairfield Stags","2217","Newcomer","newcomer","none","Wilbraham and Monson Academy","Fr.",0,NA,8.7,10.39,0.49,0.67,1.17,NA
"fr_2217_emmarogers","fr_2217_emmarogers","Emma Rogers","Fairfield Stags","2217","Newcomer","newcomer","none","Aquinas College","Fr.",0,NA,8.14,9.72,0.49,0.67,1.17,NA
"fr_2217_gabriellevaughn","fr_2217_gabriellevaughn","Gabrielle Vaughn","Fairfield Stags","2217","Newcomer","newcomer","none","The Shipley School","Fr.",0,NA,7.54,9,0.49,0.67,1.17,NA
"5176865","5176865","Casey Prior","Fairfield Stags","2217","Returning","stats","id","Fairfield Stags",NA,3,NA,7.07,8.44,-0.34,-0.19,-0.53,"Missed 2025-26; 2024-25: 8.1 mpg, 2.1 ppg"
"5178218","5178218","Rebecca Osei-Owusu","Fairleigh Dickinson Knights","161","Returning","stats","id","Fairleigh Dickinson Knights",NA,3,NA,26.54,31.68,2.29,0.87,3.16,NA
"5315130","5315130","Leah Crosby","Fairleigh Dickinson Knights","161","Returning","stats","id","Fairleigh Dickinson Knights",NA,1,NA,23.98,28.62,0.86,0.58,1.44,NA
"5315132","5315132","Reese Downey","Fairleigh Dickinson Knights","161","Returning","stats","id","Fairleigh Dickinson Knights",NA,1,NA,21.02,25.09,1.21,-0.32,0.89,NA
"5239403","5239403","Iriona Gravley","Fairleigh Dickinson Knights","161","Transfer","stats","id","Drexel Dragons",NA,2,NA,18.59,22.19,-1.58,-0.46,-2.04,NA
"fr_161_allykaminski","fr_161_allykaminski","Ally Kaminski","Fairleigh Dickinson Knights","161","Newcomer","newcomer","none","Roy C. Ketcham High School","Fr.",0,NA,15.06,17.97,-0.74,-0.02,-0.76,NA
"fr_161_analyseintenzo","fr_161_analyseintenzo","Analyse Intenzo","Fairleigh Dickinson Knights","161","Newcomer","newcomer","none","Moorestown High School","Fr.",0,NA,13.94,16.63,-0.74,-0.02,-0.76,NA
"fr_161_jordisreisner","fr_161_jordisreisner","Jordis Reisner","Fairleigh Dickinson Knights","161","Newcomer","newcomer","none","Central Arizona/Garden City","Jr.",0,NA,12.73,15.19,-0.74,-0.02,-0.76,NA
"fr_161_maggiebishopp","fr_161_maggiebishopp","Maggie Bishopp","Fairleigh Dickinson Knights","161","Newcomer","newcomer","none","Hoosac School","Fr.",0,NA,11.7,13.96,-0.74,-0.02,-0.76,NA
"fr_161_meganngo","fr_161_meganngo","Megan Ngo","Fairleigh Dickinson Knights","161","Newcomer","newcomer","none","Upper Dublin High School","Fr.",0,NA,11.08,13.22,-0.74,-0.02,-0.76,NA
"fr_161_ophirweintraub","fr_161_ophirweintraub","Ophir Weintraub","Fairleigh Dickinson Knights","161","Newcomer","newcomer","none","HaYovel High School","Fr.",0,NA,10.63,12.69,-0.74,-0.02,-0.76,NA
"fr_161_ryanprunzik","fr_161_ryanprunzik","Ryan Prunzik","Fairleigh Dickinson Knights","161","Newcomer","newcomer","none","Upper Saint Clair High School","Fr.",0,NA,10.14,12.1,-0.74,-0.02,-0.76,NA
"fr_161_sofiatavarez","fr_161_sofiatavarez","Sofia Tavarez","Fairleigh Dickinson Knights","161","Newcomer","newcomer","none","Connecticut College","So.",0,NA,9.78,11.68,-0.74,-0.02,-0.76,NA
"5318371","5318371","Ane Valle","Fairleigh Dickinson Knights","161","Transfer (non-D1)","stats","none","Felician Golden Falcons",NA,3,NA,8.13,9.71,-1.69,0.67,-1.03,"Valued at the D2/NAIA level (assumed)"
"5178219","5178219","Jada Elston","Fairleigh Dickinson Knights","161","Returning","stats","id","Fairleigh Dickinson Knights",NA,3,NA,6.68,7.97,-0.31,-0.53,-0.84,NA
"5315789","5315789","Shaniyah McCarthy","Florida A&M Rattlers","50","Returning","stats","id","Florida A&M Rattlers",NA,3,NA,27.32,32.61,0.86,-1.89,-1.03,NA
"5243374","5243374","Tahnyjia Purifoy","Florida A&M Rattlers","50","Returning","stats","id","Florida A&M Rattlers",NA,3,NA,25.04,29.89,-1.91,-2.01,-3.92,NA
"5315783","5315783","Cornelia Ellington","Florida A&M Rattlers","50","Returning","stats","id","Florida A&M Rattlers",NA,1,NA,22.41,26.75,-3.71,-1.62,-5.33,NA
"5174350","5174350","Miya Giles-Jones","Florida A&M Rattlers","50","Returning","stats","id","Florida A&M Rattlers",NA,2,NA,20.38,24.32,-1.04,-2.2,-3.24,NA
"4899949","4899949","Breazia Robinson","Florida A&M Rattlers","50","Returning","stats","id","Florida A&M Rattlers",NA,2,NA,17.81,21.25,0.44,-2.5,-2.06,NA
"5315785","5315785","Brooklyn Swann","Florida A&M Rattlers","50","Returning","stats","id","Florida A&M Rattlers",NA,1,NA,11.4,13.61,-0.77,-0.9,-1.67,NA
"5256453","5256453","Breasia Coit","Florida A&M Rattlers","50","Transfer (non-D1)","stats","none","Livingstone Blue Bears",NA,2,NA,11.02,13.16,-0.72,3.24,2.53,"Valued at the D2/NAIA level (assumed)"
"5315784","5315784","Niah Rhodes","Florida A&M Rattlers","50","Returning","stats","id","Florida A&M Rattlers",NA,1,NA,10.28,12.26,-1.42,-1.6,-3.02,NA
"5241081","5241081","Persais Williams","Florida A&M Rattlers","50","Transfer","stats","id","Winthrop Eagles",NA,2,NA,10.1,12.06,-1.45,-1.78,-3.23,NA
"5315248","5315248","Rose Jamison","Florida A&M Rattlers","50","Transfer","stats","id","Bellarmine Knights",NA,3,NA,9.8,11.7,-2.17,-2.64,-4.81,NA
"5240299","5240299","Kamryn Grant","Florida A&M Rattlers","50","Transfer","stats","id","Dayton Flyers",NA,2,NA,8.05,9.61,-1.99,-1.32,-3.31,NA
"5240563","5240563","Jordan Boddie","Florida A&M Rattlers","50","Returning","stats","id","Florida A&M Rattlers",NA,3,NA,7.62,9.1,-8.08,-2.79,-10.87,NA
"5315788","5315788","Thailan Payne","Florida A&M Rattlers","50","Returning","stats","id","Florida A&M Rattlers",NA,3,NA,7.02,8.38,-4.96,-2.52,-7.47,NA
"5315790","5315790","Zana Justice","Florida A&M Rattlers","50","Returning","stats","id","Florida A&M Rattlers",NA,1,NA,6.52,7.78,-3.14,-2.26,-5.4,NA
"5177911","5177911","April Hooks","Florida A&M Rattlers","50","Returning","stats","id","Florida A&M Rattlers",NA,2,NA,5.21,6.22,-3.31,-1.93,-5.24,NA
"5175038","5175038","Grace Carstensen","Florida Atlantic Owls","2226","Returning","stats","id","Florida Atlantic Owls",NA,3,NA,26.58,31.72,1.28,-1.42,-0.13,NA
"5239977","5239977","Madi Gewirtz","Florida Atlantic Owls","2226","Returning","stats","id","Florida Atlantic Owls",NA,2,NA,24.58,29.33,1.18,-0.35,0.83,NA
"5316854","5316854","Vivian Onugha","Florida Atlantic Owls","2226","Returning","stats","id","Florida Atlantic Owls",NA,3,NA,21.45,25.6,2.5,0.19,2.69,NA
"5177810","5177810","Zahira Arizmendi","Florida Atlantic Owls","2226","Returning","stats","id","Florida Atlantic Owls",NA,3,NA,19.67,23.48,-1.85,-0.87,-2.72,NA
"5240911","5240911","Erin Rodgers","Florida Atlantic Owls","2226","Returning","stats","id","Florida Atlantic Owls",NA,2,NA,17.82,21.27,-0.42,0.29,-0.14,NA
"5106184","5106184","Haley Walker","Florida Atlantic Owls","2226","Returning","stats","id","Florida Atlantic Owls",NA,3,NA,16.26,19.41,0.06,0.86,0.92,NA
"5312411","5312411","Jazzy Gipson","Florida Atlantic Owls","2226","Transfer","stats","id","SMU Mustangs",NA,1,NA,13.28,15.84,-3,-1.27,-4.26,NA
"5313063","5313063","Mia Jordan","Florida Atlantic Owls","2226","Transfer","stats","id","Northern Kentucky Norse",NA,3,NA,13.06,15.59,-1.82,0.39,-1.43,NA
"fr_2226_jaelynnhousey","fr_2226_jaelynnhousey","Jaelynn Housey","Florida Atlantic Owls","2226","Newcomer","newcomer","none","Nova","Fr.",0,NA,10.35,12.35,-2.03,-0.77,-2.8,NA
"fr_2226_janiahsuprius","fr_2226_janiahsuprius","Janiah Suprius","Florida Atlantic Owls","2226","Newcomer","newcomer","none","Palm Beach State College","So.",0,NA,9.92,11.84,-2.03,-0.77,-2.8,NA
"fr_2226_jujuleroux","fr_2226_jujuleroux","Juju Leroux","Florida Atlantic Owls","2226","Newcomer","newcomer","none","South Fayette","Fr.",0,NA,9.45,11.27,-2.03,-0.77,-2.8,NA
"fr_2226_kekebutler","fr_2226_kekebutler","Keke Butler","Florida Atlantic Owls","2226","Newcomer","newcomer","none","Lawrence Central","Fr.",0,NA,9.11,10.87,-2.03,-0.77,-2.8,NA
"fr_2226_manipiljevic","fr_2226_manipiljevic","Mani Piljevic","Florida Atlantic Owls","2226","Newcomer","newcomer","none","Dodge City Community College","Jr.",0,NA,8.48,10.12,-2.03,-0.77,-2.8,NA
"5240037","5240037","Kiyomi McMiller","Florida Gators","57","Transfer","stats","id","Penn State Lady Lions",NA,2,NA,25.69,30.65,6.25,1.24,7.49,NA
"5132644","5132644","Moriah Murray","Florida Gators","57","Transfer","stats","id","Penn State Lady Lions",NA,3,NA,23.1,27.57,3.49,-0.09,3.4,NA
"5312795","5312795","Vanessa Harris","Florida Gators","57","Transfer","stats","id","Rhode Island Rams",NA,1,NA,20.93,24.98,2.49,2.31,4.8,NA
"5175875","5175875","Mallory Miller","Florida Gators","57","Transfer","stats","id","Butler Bulldogs",NA,2,NA,20.64,24.63,0.2,1.17,1.37,NA
"5239661","5239661","Vivian Iwuchukwu","Florida Gators","57","Transfer","stats","id","USC Trojans",NA,2,NA,17.21,20.54,1.95,1.71,3.66,NA
"5175413","5175413","Jade Weathersby","Florida Gators","57","Returning","stats","id","Florida Gators",NA,3,NA,16.26,19.41,2.28,1.98,4.25,NA
"4588297","4588297","Skye Owen","Florida Gators","57","Transfer","stats","id","St. John's Red Storm",NA,4,NA,15.62,18.64,-1.4,0.59,-0.82,NA
"5174421","5174421","Aurora Almón","Florida Gators","57","Transfer","stats","id","Syracuse Orange",NA,2,NA,15.38,18.36,1.64,0.91,2.55,NA
"5239106","5239106","Taliyah Parker","Florida Gators","57","Transfer","stats","id","TCU Horned Frogs",NA,2,NA,14.57,17.39,-0.25,1.37,1.12,NA
"fr_57_baileyharris","fr_57_baileyharris","Bailey Harris","Florida Gators","57","Newcomer","newcomer","none","St. Mary's High School","Fr.",0,NA,10.63,12.68,0.57,1.17,1.74,NA
"fr_57_janiyabroome","fr_57_janiyabroome","Ja'Niya Broome","Florida Gators","57","Newcomer","newcomer","none","South Georgia Technical College","So.",0,NA,10.21,12.19,0.57,1.17,1.74,NA
"fr_57_majabigovic","fr_57_majabigovic","Maja Bigovic","Florida Gators","57","Newcomer","newcomer","none",NA,"Fr.",0,NA,9.76,11.65,0.57,1.17,1.74,NA
"5240189","5240189","Sinai Douglas","Florida Gulf Coast Eagles","526","Returning","stats","id","Florida Gulf Coast Eagles",NA,2,NA,27.68,33.03,0.78,1.54,2.32,NA
"5107402","5107402","Cerina Rolle","Florida Gulf Coast Eagles","526","Returning","stats","id","Florida Gulf Coast Eagles",NA,4,NA,24.5,29.24,-0.77,0.98,0.22,NA
"5174734","5174734","Karina Gordon","Florida Gulf Coast Eagles","526","Returning","stats","id","Florida Gulf Coast Eagles",NA,3,NA,21.63,25.81,-1.28,0.24,-1.04,NA
"5240217","5240217","Lily Zeinstra","Florida Gulf Coast Eagles","526","Transfer","stats","id","Butler Bulldogs",NA,2,NA,18.93,22.59,1.67,0.51,2.18,NA
"5315178","5315178","Jalei Pillow","Florida Gulf Coast Eagles","526","Returning","stats","id","Florida Gulf Coast Eagles",NA,2,NA,16.81,20.07,-1.07,0.07,-1,NA
"5243377","5243377","Eve Alexander","Florida Gulf Coast Eagles","526","Returning","stats","id","Florida Gulf Coast Eagles",NA,2,NA,15.03,17.93,4.33,-0.59,3.74,NA
"5241884","5241884","Amelia Hobson","Florida Gulf Coast Eagles","526","Transfer","stats","id","North Dakota State Bison",NA,2,NA,13.76,16.42,-1.41,0.98,-0.43,NA
"5242528","5242528","Airah Lavy","Florida Gulf Coast Eagles","526","Returning","stats","id","Florida Gulf Coast Eagles",NA,2,NA,13.35,15.93,3.33,-0.91,2.42,NA
"5174344","5174344","Denika Lightbourne","Florida Gulf Coast Eagles","526","Transfer","stats","id","Florida International Panthers",NA,3,NA,12.73,15.2,0.13,0.73,0.86,NA
"5315179","5315179","Shameir Quimby","Florida Gulf Coast Eagles","526","Returning","stats","id","Florida Gulf Coast Eagles",NA,3,NA,9.59,11.44,-1.73,0.12,-1.61,NA
"fr_526_ariturla","fr_526_ariturla","Ari Turla","Florida Gulf Coast Eagles","526","Newcomer","newcomer","none","Saint Paul Catholic HS","Fr.",0,NA,9.08,10.83,-1.66,0.18,-1.47,NA
"fr_526_ellemcculloch","fr_526_ellemcculloch","Elle McCulloch","Florida Gulf Coast Eagles","526","Newcomer","newcomer","none","Brownsburg HS","Fr.",0,NA,8.76,10.45,-1.66,0.18,-1.47,NA
"fr_526_gracabarbosa","fr_526_gracabarbosa","Graça Barbosa","Florida Gulf Coast Eagles","526","Newcomer","newcomer","none","Gulf Coast State","Jr.",0,NA,8.17,9.75,-1.66,0.18,-1.47,NA
"5312236","5312236","Grecia Ferrer Leal","Florida International Panthers","2229","Returning","stats","id","Florida International Panthers",NA,1,NA,27.69,33.05,-3.89,-0.26,-4.16,NA
"5312238","5312238","Adama Badjie Coly","Florida International Panthers","2229","Returning","stats","id","Florida International Panthers",NA,3,NA,24.12,28.79,1.05,0.49,1.54,NA
"5177057","5177057","Fantasia James","Florida International Panthers","2229","Returning","stats","id","Florida International Panthers",NA,2,NA,21.83,26.06,0.6,0.36,0.96,NA
"5315022","5315022","Shorna Preston","Florida International Panthers","2229","Transfer","stats","id","Pepperdine Waves",NA,3,NA,19.47,23.24,-0.11,2.74,2.63,NA
"5314930","5314930","BreAunna Ward","Florida International Panthers","2229","Transfer","stats","id","Evansville Purple Aces",NA,1,NA,14.54,17.35,-0.16,-0.74,-0.9,NA
"5314904","5314904","Chloe Emanga","Florida International Panthers","2229","Transfer","stats","id","Seattle U Redhawks",NA,1,NA,14.13,16.87,-1.58,-1.24,-2.81,NA
"5312235","5312235","Riley Burd","Florida International Panthers","2229","Returning","stats","id","Florida International Panthers",NA,3,NA,13.57,16.19,-2.42,0.1,-2.32,NA
"5313760","5313760","Mio Sakano","Florida International Panthers","2229","Transfer","stats","id","Miami (OH) RedHawks",NA,3,NA,13.39,15.98,-1.26,-0.09,-1.35,NA
"5107909","5107909","Frode Flos van der Schans","Florida International Panthers","2229","Transfer","stats","id","Chattanooga Mocs",NA,3,NA,12.53,14.96,-2.38,-0.93,-3.31,NA
"5174302","5174302","Malia Tharpe","Florida International Panthers","2229","Transfer","stats","id","San Diego Toreros",NA,3,NA,11.01,13.14,-3.9,-1.04,-4.94,NA
"fr_2229_mabledoumbia","fr_2229_mabledoumbia","Mable Doumbia","Florida International Panthers","2229","Newcomer","newcomer","none","Arizona Western","Jr.",0,NA,9.67,11.54,-1.55,-0.15,-1.7,NA
"fr_2229_madussoubamba","fr_2229_madussoubamba","Madussou Bamba","Florida International Panthers","2229","Newcomer","newcomer","none","Lycée Polyvalent Toulouse Bellevue","Fr.",0,NA,9.33,11.13,-1.55,-0.15,-1.7,NA
"fr_2229_paulaacin","fr_2229_paulaacin","Paula Acin","Florida International Panthers","2229","Newcomer","newcomer","none","Les Alzines","Fr.",0,NA,8.7,10.38,-1.55,-0.15,-1.7,NA
"5174305","5174305","Sole Williams","Florida State Seminoles","52","Returning","stats","id","Florida State Seminoles",NA,2,NA,22.97,27.42,3.13,0.2,3.33,NA
"5238274","5238274","Tatum Greene","Florida State Seminoles","52","Returning","stats","id","Florida State Seminoles",NA,2,NA,20.49,24.45,2.23,1.14,3.36,NA
"5107543","5107543","Timaya Lewis-Eutsey","Florida State Seminoles","52","Transfer","stats","id","Marshall Thundering Herd",NA,4,NA,18.74,22.36,7.16,1.82,8.98,NA
"5311875","5311875","Jasmine Nivar","Florida State Seminoles","52","Transfer","stats","id","Campbell Fighting Camels",NA,1,NA,15.04,17.95,0.83,0.91,1.73,NA
"5174673","5174673","Emma Risch","Florida State Seminoles","52","Returning","stats","id","Florida State Seminoles",NA,3,NA,14.95,17.84,2.32,0.46,2.78,NA
"fr_52_missyodom","fr_52_missyodom","Missy Odom","Florida State Seminoles","52","Top-100 recruit","newcomer","none","Monteverde Academy","Fr.",0,22,13.66,16.3,2.05,0.75,2.8,NA
"fr_52_morganstewart","fr_52_morganstewart","Morgan Stewart","Florida State Seminoles","52","Top-100 recruit","newcomer","none","St. John's College HS","Fr.",0,32,12.78,15.25,1.64,0.61,2.24,NA
"5174311","5174311","Aga Makurat","Florida State Seminoles","52","Transfer","stats","id","Vanderbilt Commodores",NA,3,NA,11.93,14.23,3.11,1.19,4.3,NA
"4705138","4705138","Savannah Henderson","Florida State Seminoles","52","Transfer","stats","id","Georgia Lady Bulldogs",NA,3,NA,11.73,13.99,1.13,1.08,2.21,NA
"fr_52_chamiahfrancis","fr_52_chamiahfrancis","Chamiah Francis","Florida State Seminoles","52","Top-100 recruit","newcomer","none","Booker T. Washington","Fr.",0,63,11.19,13.35,0.89,0.35,1.24,NA
"5174414","5174414","Avery Treadwell","Florida State Seminoles","52","Returning","stats","id","Florida State Seminoles",NA,3,NA,10.17,12.13,4.61,0.04,4.65,NA
"5106202","5106202","Ice Brady","Florida State Seminoles","52","Transfer","stats","id","UConn Huskies",NA,3,NA,10.04,11.98,0.11,0.06,0.17,NA
"5311724","5311724","Joy Egbuna","Florida State Seminoles","52","Transfer","stats","id","Alabama Crimson Tide",NA,1,NA,7.92,9.46,0.27,-0.51,-0.24,NA
"5311989","5311989","Mari Gerton","Florida State Seminoles","52","Returning","stats","id","Florida State Seminoles",NA,1,NA,7.06,8.42,-0.95,0.34,-0.62,NA
"fr_52_asialee","fr_52_asialee","Asia Lee","Florida State Seminoles","52","Newcomer","newcomer","none","Olathe North","Fr.",0,NA,5.9,7.04,-0.28,-0.1,-0.38,NA
"fr_52_kennedyloux","fr_52_kennedyloux","Kennedy Loux","Florida State Seminoles","52","Newcomer","newcomer","none","Providence School","Fr.",0,NA,5.45,6.51,-0.28,-0.1,-0.38,NA
"5312768","5312768","Carryn Easley","Fordham Rams","2230","Returning","stats","id","Fordham Rams",NA,1,NA,27.4,32.7,-1.84,-0.01,-1.85,NA
"5240683","5240683","Olivia Kulyk","Fordham Rams","2230","Transfer","stats","id","NJIT Highlanders",NA,2,NA,27.3,32.58,2.96,-0.45,2.51,NA
"5178498","5178498","Lakresha Edwards","Fordham Rams","2230","Returning","stats","id","Fordham Rams",NA,3,NA,24.18,28.85,-0.12,-1.01,-1.13,NA
"5240350","5240350","Anastasija Veljovic","Fordham Rams","2230","Returning","stats","id","Fordham Rams",NA,2,NA,19.77,23.59,-3.27,-0.31,-3.58,NA
"5174967","5174967","Ugne Sirtautaite","Fordham Rams","2230","Returning","stats","id","Fordham Rams",NA,3,NA,18.5,22.07,1.61,-0.71,0.9,NA
"5240351","5240351","Precious Omoshola","Fordham Rams","2230","Returning","stats","id","Fordham Rams",NA,2,NA,17.06,20.36,-0.93,-0.22,-1.16,NA
"5312769","5312769","London Liley","Fordham Rams","2230","Returning","stats","id","Fordham Rams",NA,1,NA,14.12,16.85,-3,-1.14,-4.15,NA
"fr_2230_ellaaverill","fr_2230_ellaaverill","Ella Averill","Fordham Rams","2230","Newcomer","newcomer","none","Willetton Tigers (Brandon University)","So.",0,NA,13.92,16.61,-2.16,-0.66,-2.82,NA
"fr_2230_joyosigwe","fr_2230_joyosigwe","Joy Osigwe","Fordham Rams","2230","Newcomer","newcomer","none","Hapoel Jerusalem","Fr.",0,NA,13.16,15.7,-2.16,-0.66,-2.82,NA
"fr_2230_kholemoye","fr_2230_kholemoye","Khole Moye","Fordham Rams","2230","Newcomer","newcomer","none","North Raleigh Christian Academy","Fr.",0,NA,12.61,15.05,-2.16,-0.66,-2.82,NA
"fr_2230_zalazrot","fr_2230_zalazrot","Zala Zrot","Fordham Rams","2230","Newcomer","newcomer","none","Futurosa Trieste","So.",0,NA,12.01,14.33,-2.16,-0.66,-2.82,NA
"5315007","5315007","Ava Marr","Fresno State Bulldogs","278","Returning","stats","id","Fresno State Bulldogs",NA,1,NA,29.89,35.67,-0.22,0.3,0.08,NA
"5256487","5256487","Ashlyn Rean","Fresno State Bulldogs","278","Returning","stats","id","Fresno State Bulldogs",NA,2,NA,29.02,34.63,0.78,0.98,1.76,NA
"5239495","5239495","Lola Donez","Fresno State Bulldogs","278","Transfer","stats","id","California Golden Bears",NA,2,NA,26.47,31.59,-0.65,0.8,0.15,NA
"fr_278_ellabarmentloo","fr_278_ellabarmentloo","Ella Barmentloo","Fresno State Bulldogs","278","Newcomer","newcomer","none","St. Mary's Anglican Girls School","Fr.",0,NA,19.37,23.12,-1.79,0.28,-1.51,NA
"fr_278_mylaenanorton","fr_278_mylaenanorton","Mylaena Norton","Fresno State Bulldogs","278","Newcomer","newcomer","none","Redmond High School","Fr.",0,NA,18.73,22.36,-1.79,0.28,-1.51,NA
"fr_278_latishawilson","fr_278_latishawilson","Latisha Wilson","Fresno State Bulldogs","278","Newcomer","newcomer","none","Midland College","Jr.",0,NA,17.4,20.76,-1.79,0.28,-1.51,NA
"fr_278_ryleighschoonover","fr_278_ryleighschoonover","Ryleigh Schoonover","Fresno State Bulldogs","278","Newcomer","newcomer","none","Clovis West High School","Fr.",0,NA,17.09,20.4,-1.79,0.28,-1.51,NA
"fr_278_siennaclark","fr_278_siennaclark","Sienna Clark","Fresno State Bulldogs","278","Newcomer","newcomer","none","Rouse Hill High School","Fr.",0,NA,15.7,18.73,-1.79,0.28,-1.51,NA
"5315008","5315008","Briana Webb","Fresno State Bulldogs","278","Returning","stats","id","Fresno State Bulldogs",NA,1,NA,13.18,15.72,-1.39,-0.17,-1.56,NA
"pad_278_1","pad_278_1","Unlisted roster spot","Fresno State Bulldogs","278","Unlisted spot","pad","pad",NA,NA,0,NA,13.16,15.71,-5.48,-0.87,-6.35,NA
"5243587","5243587","Clare Coyle","Furman Paladins","231","Returning","stats","id","Furman Paladins",NA,2,NA,28.45,33.95,3.37,0.86,4.23,NA
"5239405","5239405","Alyssa Ervin","Furman Paladins","231","Returning","stats","id","Furman Paladins",NA,2,NA,25.08,29.93,2.17,-0.22,1.95,NA
"5243588","5243588","Raina McGowens","Furman Paladins","231","Returning","stats","id","Furman Paladins",NA,2,NA,23.25,27.74,-2.42,-0.25,-2.67,NA
"5175838","5175838","Lauren Bailey","Furman Paladins","231","Returning","stats","id","Furman Paladins",NA,3,NA,20.1,23.99,-2.52,-1.16,-3.68,NA
"5315366","5315366","Sophia Pearl","Furman Paladins","231","Returning","stats","id","Furman Paladins",NA,1,NA,16.98,20.26,-2.29,-0.48,-2.77,NA
"5239387","5239387","Ciara Alexander","Furman Paladins","231","Transfer","stats","id","Campbell Fighting Camels",NA,2,NA,15.29,18.24,1.85,1.22,3.07,NA
"5240313","5240313","Kyraha Parnell","Furman Paladins","231","Returning","stats","id","Furman Paladins",NA,2,NA,14.04,16.75,-2.88,-0.64,-3.52,NA
"fr_231_keeganmorris","fr_231_keeganmorris","Keegan Morris","Furman Paladins","231","Newcomer","newcomer","none","St. Anne's-Belfield","Fr.",0,NA,10.13,12.09,-2.37,-0.44,-2.81,NA
"5315367","5315367","Tyriana Berry","Furman Paladins","231","Returning","stats","id","Furman Paladins",NA,1,NA,10.1,12.06,-1.04,-0.19,-1.22,NA
"5241053","5241053","Ava Sawi","Furman Paladins","231","Transfer","stats","id","Radford Highlanders",NA,2,NA,9.86,11.76,-1.97,-0.61,-2.58,NA
"fr_231_nariahnelson","fr_231_nariahnelson","Nariah Nelson","Furman Paladins","231","Newcomer","newcomer","none","Hebron Christian","Fr.",0,NA,9.71,11.59,-2.37,-0.44,-2.81,NA
"fr_231_emmabriggs","fr_231_emmabriggs","Emma Briggs","Furman Paladins","231","International (FIBA)","newcomer","none","Benet Academy","Fr.",0,NA,9,10.74,-3.64,-0.77,-4.42,NA
"5243591","5243591","Hilary Englert","Furman Paladins","231","Returning","stats","id","Furman Paladins",NA,2,NA,8.02,9.57,-0.78,-0.97,-1.75,NA
"5313810","5313810","Makayla Legette","Gardner-Webb Runnin' Bulldogs","2241","Returning","stats","id","Gardner-Webb Runnin' Bulldogs",NA,1,NA,27.21,32.47,-3.91,-1.09,-5,NA
"5178524","5178524","Amira Ofunniyin","Gardner-Webb Runnin' Bulldogs","2241","Returning","stats","id","Gardner-Webb Runnin' Bulldogs",NA,3,NA,23.8,28.4,-4.26,-0.76,-5.01,NA
"5175836","5175836","Kayla Martin","Gardner-Webb Runnin' Bulldogs","2241","Returning","stats","id","Gardner-Webb Runnin' Bulldogs",NA,2,NA,21.46,25.61,-2.83,0.16,-2.67,NA
"5313813","5313813","Sara Menendez","Gardner-Webb Runnin' Bulldogs","2241","Returning","stats","id","Gardner-Webb Runnin' Bulldogs",NA,1,NA,15.74,18.78,-3.35,-0.99,-4.33,NA
"5242952","5242952","Jordan Brooks","Gardner-Webb Runnin' Bulldogs","2241","Transfer","stats","id","Bethune-Cookman Wildcats",NA,2,NA,15.56,18.56,-4.27,-1.87,-6.14,NA
"5177178","5177178","Circe Rubio Remolar","Gardner-Webb Runnin' Bulldogs","2241","Transfer","stats","id","Morehead State Eagles",NA,3,NA,15.39,18.36,-2.38,-0.97,-3.35,NA
"fr_2241_brookewilliams","fr_2241_brookewilliams","Brooke Williams","Gardner-Webb Runnin' Bulldogs","2241","Newcomer","newcomer","none","Catoctin HS","Fr.",0,NA,12.29,14.67,-3.31,-1.49,-4.8,NA
"fr_2241_cassidylane","fr_2241_cassidylane","Cassidy Lane","Gardner-Webb Runnin' Bulldogs","2241","Newcomer","newcomer","none","Margaretta HS","Fr.",0,NA,11.24,13.41,-3.31,-1.49,-4.8,NA
"fr_2241_lailatull","fr_2241_lailatull","Laila Tull","Gardner-Webb Runnin' Bulldogs","2241","Newcomer","newcomer","none","South County HS","Fr.",0,NA,10.61,12.66,-3.31,-1.49,-4.8,NA
"fr_2241_maliagraham","fr_2241_maliagraham","Malia Graham","Gardner-Webb Runnin' Bulldogs","2241","Newcomer","newcomer","none","East Columbus HS","Fr.",0,NA,10.15,12.11,-3.31,-1.49,-4.8,NA
"fr_2241_shiriahharris","fr_2241_shiriahharris","Shiriah Harris","Gardner-Webb Runnin' Bulldogs","2241","Newcomer","newcomer","none","Gaffney HS","Fr.",0,NA,9.65,11.52,-3.31,-1.49,-4.8,NA
"fr_2241_tarynthompson","fr_2241_tarynthompson","Taryn Thompson","Gardner-Webb Runnin' Bulldogs","2241","Newcomer","newcomer","none","The Galloway School","Fr.",0,NA,9.29,11.08,-3.31,-1.49,-4.8,NA
"5315717","5315717","Danaya Stokes","Gardner-Webb Runnin' Bulldogs","2241","Transfer","stats","id","UNC Greensboro Spartans",NA,1,NA,9.02,10.76,-2.49,-0.98,-3.47,NA
"fr_2241_tiabryant","fr_2241_tiabryant","Tia Bryant","Gardner-Webb Runnin' Bulldogs","2241","Newcomer","newcomer","none","NC Good Better Best","Fr.",0,NA,8.62,10.29,-3.31,-1.49,-4.8,NA
"5312775","5312775","Mary Amoateng","George Mason Patriots","2244","Returning","stats","id","George Mason Patriots",NA,1,NA,29.82,35.59,3.05,2.88,5.93,NA
"5240564","5240564","Anovia Sheals","George Mason Patriots","2244","Transfer","stats","id","Austin Peay Governors",NA,2,NA,25.93,30.94,3.29,1.57,4.85,NA
"5239476","5239476","Summer Yancy","George Mason Patriots","2244","Transfer","stats","id","UCF Knights",NA,2,NA,23.76,28.35,0.5,0.94,1.44,NA
"5311723","5311723","Lourdes Da Silva Costa","George Mason Patriots","2244","Transfer","stats","id","Alabama Crimson Tide",NA,1,NA,22.49,26.84,0.87,1.06,1.92,"No. 51 recruit in 2025; pedigree counts 46% (174 college min)"
"5242724","5242724","Desirae Ashton","George Mason Patriots","2244","Transfer","stats","id","Bucknell Bison",NA,2,NA,19.51,23.28,-0.15,0.76,0.61,NA
"5240391","5240391","Mary-Kate Tshibuabua","George Mason Patriots","2244","Transfer","stats","id","Rhode Island Rams",NA,2,NA,18.48,22.06,1.1,0,1.1,NA
"5240372","5240372","Roisin Grandberry","George Mason Patriots","2244","Transfer","stats","id","Loyola Chicago Ramblers",NA,2,NA,17.78,21.22,-2.97,0.99,-1.98,NA
"5312774","5312774","Kayla Johnson","George Mason Patriots","2244","Returning","stats","id","George Mason Patriots",NA,1,NA,15.9,18.98,-1.18,1.32,0.13,NA
"5239432","5239432","Tia Dobson","George Mason Patriots","2244","Transfer","stats","id","UNC Wilmington Seahawks",NA,2,NA,13.59,16.22,-2.23,0.03,-2.2,NA
"5174360","5174360","Trinity Massenburg","George Mason Patriots","2244","Returning","stats","id","George Mason Patriots",NA,2,NA,12.74,15.2,-1.21,0.84,-0.38,NA
"5240311","5240311","Gabby Reynolds","George Washington Revolutionaries","45","Returning","stats","id","George Washington Revolutionaries",NA,2,NA,27.35,32.64,4.54,0.12,4.66,NA
"5239078","5239078","Tanah Becker","George Washington Revolutionaries","45","Returning","stats","id","George Washington Revolutionaries",NA,2,NA,23.84,28.45,1.14,0.3,1.44,NA
"5174365","5174365","Kamari Sims","George Washington Revolutionaries","45","Returning","stats","id","George Washington Revolutionaries",NA,3,NA,22.3,26.62,0.56,-0.39,0.16,NA
"5174364","5174364","Sara Lewis","George Washington Revolutionaries","45","Returning","stats","id","George Washington Revolutionaries",NA,3,NA,20.48,24.44,0.46,0.35,0.81,NA
"5240395","5240395","Alicia Newell","George Washington Revolutionaries","45","Transfer","stats","id","Richmond Spiders",NA,2,NA,17.28,20.62,2.91,2.06,4.97,NA
"5240230","5240230","Jaeda Wilson","George Washington Revolutionaries","45","Returning","stats","id","George Washington Revolutionaries",NA,2,NA,16.82,20.07,-0.56,-0.1,-0.66,NA
"5175881","5175881","Amor Harris","George Washington Revolutionaries","45","Transfer","stats","id","Longwood Lancers",NA,3,NA,12.59,15.03,0.39,-1.44,-1.05,NA
"5311874","5311874","N'na Konate","George Washington Revolutionaries","45","Transfer","stats","id","Campbell Fighting Camels",NA,1,NA,11.43,13.64,-0.01,0.71,0.7,NA
"5240204","5240204","Cam Rust","George Washington Revolutionaries","45","Transfer","stats","id","Seton Hall Pirates",NA,2,NA,11.19,13.35,-0.86,0.1,-0.76,NA
"5108960","5108960","Anne Bair","George Washington Revolutionaries","45","Transfer","stats","id","Colgate Raiders",NA,4,NA,10.35,12.35,-0.1,-0.86,-0.97,NA
"fr_45_belacucuta","fr_45_belacucuta","Bela Cucuta","George Washington Revolutionaries","45","Newcomer","newcomer","none","Tilton School","Fr.",0,NA,9.29,11.08,-1.15,-0.42,-1.57,NA
"fr_45_camryngunter","fr_45_camryngunter","Camryn Gunter","George Washington Revolutionaries","45","Newcomer","newcomer","none","Valor Christian","Fr.",0,NA,8.85,10.56,-1.15,-0.42,-1.57,NA
"fr_45_aylahabbal","fr_45_aylahabbal","Ayla Habbal","George Washington Revolutionaries","45","International (FIBA)","newcomer","none","City of London Academy Southwark","Fr.",0,NA,8.24,9.83,-2.67,-0.94,-3.61,NA
"5174735","5174735","Khia Miller","Georgetown Hoyas","46","Returning","stats","id","Georgetown Hoyas",NA,3,NA,29.82,35.59,2.1,1.39,3.49,NA
"5239483","5239483","Destiny Agubata","Georgetown Hoyas","46","Returning","stats","id","Georgetown Hoyas",NA,2,NA,26.13,31.18,5.09,2.52,7.61,NA
"5241949","5241949","Johnea Donahue","Georgetown Hoyas","46","Transfer","stats","id","Bowling Green Falcons",NA,2,NA,22.52,26.88,0.7,2.62,3.32,NA
"5175482","5175482","Brianna Byars","Georgetown Hoyas","46","Returning","stats","id","Georgetown Hoyas",NA,3,NA,20.75,24.77,-3.83,1.2,-2.63,NA
"5246880","5246880","Winner Bartholomew","Georgetown Hoyas","46","Transfer","stats","id","Pacific Tigers",NA,3,NA,18.48,22.05,3.34,-0.99,2.35,NA
"5243319","5243319","Clarence Djuela","Georgetown Hoyas","46","Transfer","stats","id","Northwestern State Lady Demons",NA,2,NA,18.08,21.58,0.62,0.43,1.05,NA
"5315676","5315676","J'Bionna Robinson","Georgetown Hoyas","46","Transfer","stats","id","Northern Arizona Lumberjacks",NA,1,NA,15.97,19.06,-0.44,0.25,-0.19,NA
"fr_46_bofrost","fr_46_bofrost","Bo Frost","Georgetown Hoyas","46","Newcomer","newcomer","none","Oaklands College","Fr.",0,NA,13.49,16.09,-0.67,0.64,-0.03,NA
"fr_46_kendallperry","fr_46_kendallperry","Kendall Perry","Georgetown Hoyas","46","Newcomer","newcomer","none","Monteverde Academy","Fr.",0,NA,12.78,15.25,-0.67,0.64,-0.03,NA
"fr_46_stellalockhart","fr_46_stellalockhart","Stella Lockhart","Georgetown Hoyas","46","Newcomer","newcomer","none","St. John Vianney","Fr.",0,NA,12.27,14.64,-0.67,0.64,-0.03,NA
"5240234","5240234","Amanda Ajobiewe","Georgetown Hoyas","46","Returning","stats","id","Georgetown Hoyas",NA,2,NA,9.72,11.6,0.6,-0.06,0.54,NA
"5177982","5177982","Jailyn Banks","Georgia Lady Bulldogs","61","Transfer","stats","id","Belmont Bruins",NA,3,NA,23.75,28.34,4.06,1.02,5.08,NA
"5106168","5106168","Jordana Codio","Georgia Lady Bulldogs","61","Transfer","stats","id","Seton Hall Pirates",NA,4,NA,22.51,26.87,2.41,2.14,4.55,NA
"5315766","5315766","Dakota Howard","Georgia Lady Bulldogs","61","Transfer","stats","id","McNeese Cowgirls",NA,1,NA,21.04,25.11,4.6,2.69,7.3,NA
"5243330","5243330","Tyreona Sibley","Georgia Lady Bulldogs","61","Transfer","stats","id","McNeese Cowgirls",NA,2,NA,19.21,22.93,2.92,2.8,5.72,NA
"5312439","5312439","Milan Brown","Georgia Lady Bulldogs","61","Transfer","stats","id","Wake Forest Demon Deacons",NA,1,NA,16.85,20.11,2.34,1.98,4.32,NA
"5243531","5243531","Nya Smith","Georgia Lady Bulldogs","61","Transfer","stats","id","Purdue Boilermakers",NA,2,NA,15.33,18.29,3.06,1.17,4.24,NA
"5239485","5239485","Jordan Thomas","Georgia Lady Bulldogs","61","Transfer","stats","id","West Virginia Mountaineers",NA,2,NA,14.94,17.83,4.4,1.97,6.37,NA
"5311716","5311716","Harmonie Ware","Georgia Lady Bulldogs","61","Transfer","stats","id","Arkansas Razorbacks",NA,1,NA,13.6,16.23,1.97,0.77,2.74,NA
"5312666","5312666","Blessing Adebanjo","Georgia Lady Bulldogs","61","Transfer","stats","id","Arizona Wildcats",NA,2,NA,11.5,13.73,1.15,1.18,2.33,NA
"5239429","5239429","Faith Wylder","Georgia Lady Bulldogs","61","Transfer","stats","id","Mississippi State Bulldogs",NA,2,NA,11.29,13.47,0.34,-0.01,0.33,NA
"5311703","5311703","Aubrey Beckham","Georgia Lady Bulldogs","61","Returning","stats","id","Georgia Lady Bulldogs",NA,1,NA,10.82,12.91,-0.08,0.9,0.82,"No. 49 recruit in 2025; pedigree counts 75% (49 college min)"
"5239062","5239062","Vera Ojenuwa","Georgia Lady Bulldogs","61","Returning","stats","id","Georgia Lady Bulldogs",NA,3,NA,10.27,12.26,0.29,1.08,1.36,NA
"fr_61_alannabeckham","fr_61_alannabeckham","Alanna Beckham","Georgia Lady Bulldogs","61","Newcomer","newcomer","none","Hebron","Fr.",0,NA,8.89,10.61,0.95,1.6,2.55,NA
"5241049","5241049","Kishyah Anderson","Georgia Southern Eagles","290","Returning","stats","id","Georgia Southern Eagles",NA,4,NA,28.28,33.75,6.71,0.66,7.37,NA
"5315112","5315112","Kayla Cleaveland","Georgia Southern Eagles","290","Returning","stats","id","Georgia Southern Eagles",NA,1,NA,23.78,28.38,0.12,-0.3,-0.18,NA
"5178572","5178572","Kyla Bryant","Georgia Southern Eagles","290","Returning","stats","id","Georgia Southern Eagles",NA,3,NA,18.64,22.25,-1.22,-0.11,-1.33,NA
"5240832","5240832","Jamiria Jones","Georgia Southern Eagles","290","Returning","stats","id","Georgia Southern Eagles",NA,2,NA,16.68,19.9,0.19,0.84,1.02,NA
"5315070","5315070","Kiyah Lewis","Georgia Southern Eagles","290","Transfer","stats","id","Central Connecticut Blue Devils",NA,1,NA,15.88,18.95,-0.42,-1.38,-1.8,NA
"5314791","5314791","Kyra Perkins","Georgia Southern Eagles","290","Transfer","stats","id","Austin Peay Governors",NA,3,NA,15.32,18.29,1.8,0.78,2.58,NA
"5187706","5187706","Lia Anderson","Georgia Southern Eagles","290","Returning","stats","id","Georgia Southern Eagles",NA,3,NA,12.66,15.11,0.13,0.43,0.55,NA
"5175896","5175896","Laney Scoggins","Georgia Southern Eagles","290","Returning","stats","id","Georgia Southern Eagles",NA,3,NA,11.08,13.23,-2.95,-1.06,-4.01,NA
"fr_290_haileychiles","fr_290_haileychiles","Hailey Chiles","Georgia Southern Eagles","290","Newcomer","newcomer","none","Nova Southeastern","4th Yr.",0,NA,9.86,11.77,-0.06,0.26,0.2,NA
"fr_290_jailynwilliams","fr_290_jailynwilliams","Jailyn Williams","Georgia Southern Eagles","290","Newcomer","newcomer","none","St. Lucie West Centennial HS","1st Yr.",0,NA,9.41,11.23,-0.06,0.26,0.2,NA
"5315108","5315108","Nevaeh Brown","Georgia Southern Eagles","290","Returning","stats","id","Georgia Southern Eagles",NA,2,NA,9.29,11.09,-1.65,-0.34,-1.99,NA
"fr_290_kiaraanderson","fr_290_kiaraanderson","Kiara Anderson","Georgia Southern Eagles","290","Newcomer","newcomer","none","Mallard Creek HS","1st Yr.",0,NA,9.09,10.84,-0.06,0.26,0.2,NA
"fr_290_markaylaholland","fr_290_markaylaholland","Markayla Holland","Georgia Southern Eagles","290","Newcomer","newcomer","none","Nova Southeastern","5th Yr.",0,NA,8.49,10.13,-0.06,0.26,0.2,NA
"fr_290_uniquehorton","fr_290_uniquehorton","Unique Horton","Georgia Southern Eagles","290","Newcomer","newcomer","none","Nova Southeastern","3rd Yr.",0,NA,7.85,9.37,-0.06,0.26,0.2,NA
"fr_290_tamiriajones","5240831","Tamiria Jones","Georgia Southern Eagles","290","Returning","history","name","Chipola JC","3rd Yr.",0,NA,3.68,4.39,-2.14,-0.68,-2.82,"Missed 2025-26; 2024-25: 3.3 mpg, 0.3 ppg"
"5315123","5315123","Grace Lanier","Georgia State Panthers","2247","Returning","stats","id","Georgia State Panthers",NA,1,NA,25.16,30.03,0.17,-0.66,-0.49,NA
"5241927","5241927","Mariah Knight","Georgia State Panthers","2247","Transfer","stats","id","Jacksonville Dolphins",NA,2,NA,22.78,27.19,-0.01,-0.91,-0.92,NA
"5240804","5240804","Dawson Jemerson","Georgia State Panthers","2247","Transfer","stats","id","Coastal Carolina Chanticleers",NA,2,NA,20.2,24.11,-1.81,-0.35,-2.15,"Missed 2025-26; 2024-25: 8.7 mpg, 2.1 ppg"
"5174743","5174743","Nikole Thomas","Georgia State Panthers","2247","Transfer","stats","id","Kansas City Roos",NA,3,NA,19.05,22.74,-3.18,-1.51,-4.69,NA
"5242692","5242692","Jada Collins","Georgia State Panthers","2247","Transfer","stats","id","Coppin State Eagles",NA,2,NA,15.84,18.9,-3.07,-0.72,-3.79,"Missed 2025-26; 2024-25: 9.2 mpg, 1.4 ppg"
"5240236","5240236","Aryelle Stevens","Georgia State Panthers","2247","Transfer","stats","id","Marquette Golden Eagles",NA,4,NA,14.38,17.16,-0.55,-0.69,-1.24,"Missed 2025-26; 2024-25: 6.4 mpg, 1.5 ppg"
"5240842","5240842","Frankee Payne","Georgia State Panthers","2247","Newcomer","stats","none","Georgia State Panthers",NA,2,NA,14.24,17,-1.26,-1.41,-2.66,NA
"fr_2247_aaliyahbaldwin","fr_2247_aaliyahbaldwin","Aaliyah Baldwin","Georgia State Panthers","2247","Newcomer","newcomer","none","Snow College","So.",0,NA,12.98,15.49,-1.26,-1.41,-2.66,NA
"fr_2247_anaoliveriadias","fr_2247_anaoliveriadias","Ana Oliveria Dias","Georgia State Panthers","2247","Newcomer","newcomer","none","Missouri Western State","Sr.",0,NA,11.9,14.2,-1.26,-1.41,-2.66,NA
"5241038","5241038","Kenaya Klintman","Georgia State Panthers","2247","Transfer","stats","id","High Point Panthers",NA,2,NA,11.55,13.78,-1.59,-1.21,-2.8,NA
"fr_2247_danaejaromeroahsam","fr_2247_danaejaromeroahsam","Danaeja Romero Ah Sam","Georgia State Panthers","2247","Newcomer","newcomer","none","Eastern Arizona College","Jr.",0,NA,11.25,13.43,-1.26,-1.41,-2.66,NA
"fr_2247_makennahalexis","fr_2247_makennahalexis","Makennah Alexis","Georgia State Panthers","2247","Newcomer","newcomer","none","Cypress Lakes","Fr.",0,NA,10.78,12.87,-1.26,-1.41,-2.66,NA
"fr_2247_aikateriniyfantopoulou","fr_2247_aikateriniyfantopoulou","Aikaterini Yfantopoulou","Georgia State Panthers","2247","International (FIBA)","newcomer","none","Panathinaikos A.C.","Fr.",0,NA,9.88,11.79,-2.9,-2.01,-4.91,NA
"5240208","5240208","Talayah Walker","Georgia Tech Yellow Jackets","59","Returning","stats","id","Georgia Tech Yellow Jackets",NA,2,NA,28.49,34,7.44,2.73,10.17,NA
"5174303","5174303","Erica Moon","Georgia Tech Yellow Jackets","59","Returning","stats","id","Georgia Tech Yellow Jackets",NA,2,NA,23.97,28.61,-2.25,1.77,-0.48,NA
"5175428","5175428","La'Nya Foster","Georgia Tech Yellow Jackets","59","Returning","stats","id","Georgia Tech Yellow Jackets",NA,3,NA,21.68,25.87,1.31,2.07,3.37,NA
"5315331","5315331","Sofia Munoz","Georgia Tech Yellow Jackets","59","Transfer","stats","id","UAB Blazers",NA,1,NA,17.96,21.43,1.93,0.24,2.17,NA
"5174416","5174416","Ariadna Termis","Georgia Tech Yellow Jackets","59","Returning","stats","id","Georgia Tech Yellow Jackets",NA,3,NA,17.79,21.24,-4.87,1.03,-3.84,NA
"5240180","5240180","Kyndal Walker","Georgia Tech Yellow Jackets","59","Transfer","stats","id","Maryland Terrapins",NA,1,NA,17.43,20.8,2.52,1.86,4.38,NA
"rp_59_jordanode","rp_59_jordanode","Jordan Ode","Georgia Tech Yellow Jackets","59","Redshirt (2025 recruit)","newcomer","none","Michigan State Spartans (did not play 2025-26)","R-Fr.",0,NA,16.37,19.53,0.98,2.2,3.18,"Transferred from Michigan State to Georgia Tech after not playing in 2025-26 (per user Sept 2026); No. 33 recruit in 2025; pedigree counts 100% (no college minutes yet)"
"fr_59_inesnoguero","5107699","Ines Noguero","Georgia Tech Yellow Jackets","59","Returning","history","name",NA,"5th Year",0,NA,14.6,17.42,0.46,2.07,2.53,NA
"4682755","4682755","Antonia Bates","Georgia Tech Yellow Jackets","59","Transfer","stats","id","Rutgers Scarlet Knights",NA,4,NA,14.45,17.24,-1.38,1.64,0.26,NA
"5312742","5312742","Penda Dieng","Georgia Tech Yellow Jackets","59","Transfer","stats","id","Xavier Musketeers",NA,1,NA,9.8,11.69,-2.86,-0.31,-3.18,NA
"fr_59_autumnwashington","fr_59_autumnwashington","Autumn Washington","Georgia Tech Yellow Jackets","59","Newcomer","newcomer","none",NA,"Freshman",0,NA,9.56,11.41,-0.9,1.5,0.6,NA
"5260216","5260216","Anna Conza","Georgia Tech Yellow Jackets","59","Transfer (non-D1)","stats","none","Oglethorpe Stormy Petrels",NA,3,NA,7.93,9.46,-1.94,0.2,-1.75,"Valued at the D2/NAIA level (assumed)"
"5240787","5240787","Allie Turner","Gonzaga Bulldogs","2250","Returning","stats","id","Gonzaga Bulldogs",NA,2,NA,30.38,36.26,6.39,0.25,6.64,NA
"5204742","5204742","Lauren Whittaker","Gonzaga Bulldogs","2250","Returning","stats","id","Gonzaga Bulldogs",NA,1,NA,27.25,32.53,10.53,3.14,13.67,NA
"5240811","5240811","Zeryhia Aokuso","Gonzaga Bulldogs","2250","Returning","stats","id","Gonzaga Bulldogs",NA,3,NA,22.97,27.42,1.23,0.5,1.72,NA
"5176502","5176502","Taylor Smith","Gonzaga Bulldogs","2250","Returning","stats","id","Gonzaga Bulldogs",NA,3,NA,20.76,24.78,-0.33,0.38,0.05,NA
"5315507","5315507","Jaiden Haile","Gonzaga Bulldogs","2250","Returning","stats","id","Gonzaga Bulldogs",NA,1,NA,18.91,22.56,5.53,0.89,6.43,NA
"5242246","5242246","Teryn Gardner","Gonzaga Bulldogs","2250","Returning","stats","id","Gonzaga Bulldogs",NA,2,NA,17.93,21.4,4.1,0.76,4.86,NA
"5314600","5314600","Jocelyn Medina","Gonzaga Bulldogs","2250","Transfer","stats","id","Denver Pioneers",NA,3,NA,12.98,15.49,1.51,0.58,2.09,NA
"5242251","5242251","Emmy Roach","Gonzaga Bulldogs","2250","Transfer","stats","id","Rider Broncs",NA,2,NA,12.72,15.18,-0.53,0.43,-0.1,NA
"5315506","5315506","Julia Wilson","Gonzaga Bulldogs","2250","Returning","stats","id","Gonzaga Bulldogs",NA,1,NA,11.29,13.47,-0.5,0.55,0.05,NA
"5175702","5175702","McKynnlie Dalan","Gonzaga Bulldogs","2250","Returning","stats","id","Gonzaga Bulldogs",NA,3,NA,9.79,11.68,-1.88,-0.12,-2,NA
"5240788","5240788","Christabel Osarobo","Gonzaga Bulldogs","2250","Returning","stats","id","Gonzaga Bulldogs",NA,2,NA,8.59,10.25,-2.08,-0.2,-2.28,NA
"5240786","5240786","Vera Gunaydin","Gonzaga Bulldogs","2250","Returning","stats","id","Gonzaga Bulldogs",NA,4,NA,6.43,7.67,-3.59,-0.39,-3.97,"Missed 2025-26; 2024-25: 4.1 mpg, 0.2 ppg"
"5315812","5315812","Angel Wilkinson","Grambling Lady Tigers","2755","Transfer","stats","id","Jackson State Lady Tigers",NA,3,NA,24.09,28.74,-1.3,-0.4,-1.71,NA
"5189956","5189956","Madison Holden","Grambling Lady Tigers","2755","Transfer","stats","id","Bethune-Cookman Wildcats",NA,3,NA,20.7,24.7,-3.07,-1.35,-4.42,NA
"5178386","5178386","Lalani Ellis","Grambling Lady Tigers","2755","Transfer","stats","id","Eastern Illinois Panthers",NA,3,NA,19.98,23.84,-2.17,-0.65,-2.82,NA
"fr_2755_aerismacon","fr_2755_aerismacon","Aeris Macon","Grambling Lady Tigers","2755","Newcomer","newcomer","none","Hillgrove High School","Fr.",0,NA,17.69,21.12,-3.16,-0.8,-3.96,NA
"fr_2755_danayaross","fr_2755_danayaross","Da'Naya Ross","Grambling Lady Tigers","2755","Newcomer","newcomer","none","Three Rivers Community College","Jr.",0,NA,15.91,18.99,-3.16,-0.8,-3.96,NA
"fr_2755_azaliahoover","fr_2755_azaliahoover","Azalia Hoover","Grambling Lady Tigers","2755","Newcomer","newcomer","none","Example Academy","Fr.",0,NA,15.85,18.92,-3.16,-0.8,-3.96,NA
"fr_2755_destinylewis","fr_2755_destinylewis","Destiny Lewis","Grambling Lady Tigers","2755","Newcomer","newcomer","none","Southwestern Community College","So.",0,NA,14.48,17.28,-3.16,-0.8,-3.96,NA
"fr_2755_kinsleyjames","fr_2755_kinsleyjames","Kinsley James","Grambling Lady Tigers","2755","Newcomer","newcomer","none","Itawamba CC","Jr.",0,NA,13.26,15.82,-3.16,-0.8,-3.96,NA
"fr_2755_mariamalowonle","fr_2755_mariamalowonle","Mariam Alowonle","Grambling Lady Tigers","2755","Newcomer","newcomer","none","Anoka-Ramsey Community College","Jr.",0,NA,12.52,14.94,-3.16,-0.8,-3.96,NA
"fr_2755_sophiagoncalves","fr_2755_sophiagoncalves","Sophia Goncalves","Grambling Lady Tigers","2755","Newcomer","newcomer","none","Laney College","Jr.",0,NA,11.99,14.3,-3.16,-0.8,-3.96,NA
"fr_2755_synarieasnow","fr_2755_synarieasnow","Sy'Nariea Snow","Grambling Lady Tigers","2755","Newcomer","newcomer","none","Temple College","Fr.",0,NA,11.4,13.61,-3.16,-0.8,-3.96,NA
"5313595","5313595","Johlana Tatum","Grambling Lady Tigers","2755","Transfer","stats","id","Manhattan Jaspers",NA,1,NA,11.16,13.32,-2.51,-1.05,-3.56,NA
"fr_2755_tylissahenderson","fr_2755_tylissahenderson","Tylissa Henderson","Grambling Lady Tigers","2755","Newcomer","newcomer","none","Charlotte University","Sr.",0,NA,10.98,13.11,-3.16,-0.8,-3.96,NA
"5239454","5239454","Chloe Mann","Grand Canyon Lopes","2253","Returning","stats","id","Grand Canyon Lopes",NA,2,NA,25.18,30.05,1.43,1.09,2.52,NA
"5314921","5314921","Maya Foz","Grand Canyon Lopes","2253","Transfer","stats","id","Bradley Braves",NA,1,NA,20.18,24.09,2.79,0.57,3.35,NA
"5315014","5315014","Ines Zounia","Grand Canyon Lopes","2253","Returning","stats","id","Grand Canyon Lopes",NA,1,NA,17.46,20.84,1.09,0.48,1.57,NA
"5242539","5242539","Keana Foz","Grand Canyon Lopes","2253","Transfer","stats","id","Wagner Seahawks",NA,2,NA,15.71,18.74,-2.96,-0.23,-3.19,NA
"5174742","5174742","Jana Sallman","Grand Canyon Lopes","2253","Transfer","stats","id","William & Mary Tribe",NA,3,NA,14.87,17.75,0.42,1.43,1.85,NA
"5311709","5311709","Nyadieng Yiech","Grand Canyon Lopes","2253","Transfer","stats","id","Florida Gators",NA,1,NA,14.58,17.41,2.69,1.49,4.18,NA
"5106223","5106223","T'yana Todd","Grand Canyon Lopes","2253","Transfer","stats","id","Ohio State Buckeyes",NA,4,NA,13.74,16.4,2.32,0.73,3.05,NA
"fr_2253_lanellewright","fr_2253_lanellewright","Lanelle Wright","Grand Canyon Lopes","2253","Top-100 recruit","newcomer","none","Minnetonka High School","Fr.",0,79,13.36,15.94,-0.35,0.76,0.42,NA
"5311597","5311597","Dasha Biriuk","Grand Canyon Lopes","2253","Transfer","stats","id","Ohio State Buckeyes",NA,1,NA,13.04,15.57,2.27,1.13,3.4,"No. 83 recruit in 2025; pedigree counts 51% (147 college min)"
"5311718","5311718","Ashlynn Chlarson","Grand Canyon Lopes","2253","Transfer","stats","id","Arkansas Razorbacks",NA,3,NA,12.23,14.6,-0.02,0.67,0.65,NA
"5315010","5315010","Diamond Wright","Grand Canyon Lopes","2253","Returning","stats","id","Grand Canyon Lopes",NA,1,NA,8.31,9.92,0.37,-0.11,0.26,NA
"fr_2253_corabennett","fr_2253_corabennett","Cora Bennett","Grand Canyon Lopes","2253","Newcomer","newcomer","none","Kingdom Collegiate Academy","Fr.",0,NA,6.98,8.34,-1.27,0.4,-0.87,NA
"5175950","5175950","Kaitlyn Elsholz","Grand Canyon Lopes","2253","Returning","stats","id","Grand Canyon Lopes",NA,3,NA,6.75,8.06,-3.59,0.23,-3.36,NA
"fr_2253_kjmcnealy","fr_2253_kjmcnealy","KJ McNealy","Grand Canyon Lopes","2253","Newcomer","newcomer","none","Farragut High School","Fr.",0,NA,6.45,7.7,-1.27,0.4,-0.87,NA
"fr_2253_sifaineza","fr_2253_sifaineza","Sifa Ineza","Grand Canyon Lopes","2253","Newcomer","newcomer","none","Florida International/Middle Tennessee","5th",0,NA,5.58,6.65,-1.27,0.4,-0.87,NA
"fr_2253_yasmeenschmidt","fr_2253_yasmeenschmidt","Yasmeen Schmidt","Grand Canyon Lopes","2253","Newcomer","newcomer","none","Cornerstone Christian School","Fr.",0,NA,5.58,6.65,-1.27,0.4,-0.87,NA
"5108672","5108672","Kamy Peppler","Green Bay Phoenix","2739","Returning","stats","id","Green Bay Phoenix",NA,4,NA,26.63,31.79,-1.49,0.91,-0.58,NA
"5177902","5177902","Meghan Schultz","Green Bay Phoenix","2739","Returning","stats","id","Green Bay Phoenix",NA,2,NA,23.21,27.71,7.06,0.76,7.82,NA
"5240015","5240015","Gracie Grzesk","Green Bay Phoenix","2739","Returning","stats","id","Green Bay Phoenix",NA,2,NA,18.66,22.27,-1.36,-0.56,-1.92,NA
"5178005","5178005","Jorey Buwalda","Green Bay Phoenix","2739","Transfer","stats","id","Milwaukee Panthers",NA,3,NA,18.06,21.55,0.79,0.09,0.88,NA
"5109410","5109410","Elisa Mevius","Green Bay Phoenix","2739","Transfer","stats","id","Oregon Ducks",NA,4,NA,16.68,19.91,1.84,0.78,2.62,NA
"5313029","5313029","Kristina Ouimette","Green Bay Phoenix","2739","Returning","stats","id","Green Bay Phoenix",NA,1,NA,16.67,19.9,1.93,0.49,2.42,NA
"5195177","5195177","McKenna Johnson","Green Bay Phoenix","2739","Transfer","stats","id","Butler Bulldogs",NA,2,NA,15.19,18.13,1.05,0.76,1.8,NA
"5177900","5177900","Maren Westin","Green Bay Phoenix","2739","Returning","stats","id","Green Bay Phoenix",NA,2,NA,9.95,11.87,-4.33,0.48,-3.85,NA
"fr_2739_adyketterhagen","fr_2739_adyketterhagen","Ady Ketterhagen","Green Bay Phoenix","2739","Newcomer","newcomer","none","Oostburg HS","Fr.",0,NA,9.63,11.49,-0.53,0.49,-0.04,NA
"fr_2739_kyrinlile","fr_2739_kyrinlile","Kyrin Lile","Green Bay Phoenix","2739","Newcomer","newcomer","none","Elkhorn HS","Fr.",0,NA,9.19,10.96,-0.53,0.49,-0.04,NA
"5241121","5241121","Kallie Peppler","Green Bay Phoenix","2739","Returning","stats","id","Green Bay Phoenix",NA,2,NA,9.15,10.93,-0.96,-0.39,-1.34,NA
"fr_2739_lilliejohnson","fr_2739_lilliejohnson","Lillie Johnson","Green Bay Phoenix","2739","Newcomer","newcomer","none","Gladstone HS","Fr.",0,NA,8.87,10.58,-0.53,0.49,-0.04,NA
"fr_2739_rileyketterhagen","fr_2739_rileyketterhagen","Riley Ketterhagen","Green Bay Phoenix","2739","Newcomer","newcomer","none","Oostburg HS","Fr.",0,NA,8.28,9.89,-0.53,0.49,-0.04,NA
"5178552","5178552","Julianna Ouimette","Green Bay Phoenix","2739","Returning","stats","id","Green Bay Phoenix",NA,1,NA,5.85,6.99,-0.06,0.64,0.58,NA
"5313028","5313028","Madison Hoffmann","Green Bay Phoenix","2739","Returning","stats","id","Green Bay Phoenix",NA,1,NA,3.96,4.73,-1.13,-0.54,-1.68,NA
"5177177","5177177","Kiki McElrath","Hampton Lady Pirates","2261","Returning","stats","id","Hampton Lady Pirates",NA,3,NA,27.21,32.47,1.48,-2.3,-0.82,NA
"5174427","5174427","Aaryn Battle","Hampton Lady Pirates","2261","Returning","stats","id","Hampton Lady Pirates",NA,3,NA,24.83,29.63,-2.63,-0.8,-3.43,NA
"5106221","5106221","Kayla Lezama","Hampton Lady Pirates","2261","Returning","stats","id","Hampton Lady Pirates",NA,3,NA,23.31,27.81,1.6,-1.69,-0.1,NA
"5315603","5315603","Zoey Rixter","Hampton Lady Pirates","2261","Transfer","stats","id","Southeast Missouri State Redhawks",NA,1,NA,15.79,18.84,-0.99,0.21,-0.78,NA
"5242445","5242445","Maya Woodson","Hampton Lady Pirates","2261","Transfer","stats","id","Morgan State Lady Bears",NA,3,NA,15,17.9,-2.97,-1.56,-4.54,NA
"5174769","5174769","Eghosa Obasuyi","Hampton Lady Pirates","2261","Transfer","stats","id","Georgia State Panthers",NA,3,NA,14.06,16.78,-0.3,-1.88,-2.18,NA
"5240676","5240676","Amiyah Donaldson","Hampton Lady Pirates","2261","Transfer","stats","id","Maine Black Bears",NA,4,NA,12.54,14.97,-2.96,-0.29,-3.25,NA
"5312422","5312422","Justus Fitzgerald","Hampton Lady Pirates","2261","Transfer","stats","id","Syracuse Orange",NA,1,NA,12.54,14.96,-0.05,-0.31,-0.36,NA
"5311949","5311949","Janaye Walker","Hampton Lady Pirates","2261","Returning","stats","id","Hampton Lady Pirates",NA,1,NA,10.36,12.37,-3.88,-1.06,-4.94,NA
"fr_2261_anjanavcheska","fr_2261_anjanavcheska","Anja Navcheska","Hampton Lady Pirates","2261","Newcomer","newcomer","none","Sportska Akademija Skopje","Fr.",0,NA,9.36,11.16,-2.41,-1.67,-4.08,NA
"5311824","5311824","Kennedy Hall","Hampton Lady Pirates","2261","Transfer","stats","id","Boston College Eagles",NA,1,NA,8.91,10.63,-2.24,-0.69,-2.93,NA
"fr_2261_jeniyahbowers","fr_2261_jeniyahbowers","Jeniyah Bowers","Hampton Lady Pirates","2261","Newcomer","newcomer","none","Africentric Early College","Fr.",0,NA,8.9,10.62,-2.41,-1.67,-4.08,NA
"5177765","5177765","Arlisha Boston","Hampton Lady Pirates","2261","Returning","stats","id","Hampton Lady Pirates",NA,3,NA,8.63,10.29,-3.86,-1.5,-5.36,NA
"fr_2261_nilahrivera","fr_2261_nilahrivera","Nilah Rivera","Hampton Lady Pirates","2261","Newcomer","newcomer","none","ARTS HS","Fr.",0,NA,8.57,10.23,-2.41,-1.67,-4.08,NA
"5176433","5176433","Karlee White","Harvard Crimson","108","Returning","stats","id","Harvard Crimson",NA,3,NA,27.05,32.28,7.05,4.02,11.07,NA
"5176435","5176435","Abigail Wright","Harvard Crimson","108","Returning","stats","id","Harvard Crimson",NA,3,NA,24.91,29.73,5.54,1.73,7.27,NA
"5315682","5315682","Olivia Jones","Harvard Crimson","108","Returning","stats","id","Harvard Crimson",NA,1,NA,23.17,27.66,2.41,3.37,5.78,NA
"5241853","5241853","Nina Emnace","Harvard Crimson","108","Returning","stats","id","Harvard Crimson",NA,2,NA,17.54,20.93,-0.46,1.51,1.06,NA
"5241851","5241851","Alayna Rocco","Harvard Crimson","108","Returning","stats","id","Harvard Crimson",NA,2,NA,15.66,18.68,0.79,1.9,2.69,NA
"5241850","5241850","Lydia Chatira","Harvard Crimson","108","Returning","stats","id","Harvard Crimson",NA,2,NA,13.37,15.96,-3.39,2.23,-1.17,NA
"5176434","5176434","Mary Hollensteiner","Harvard Crimson","108","Returning","stats","id","Harvard Crimson",NA,3,NA,11.43,13.64,0.59,1.67,2.26,NA
"5315683","5315683","Aubrey Shaw","Harvard Crimson","108","Returning","stats","id","Harvard Crimson",NA,1,NA,11.39,13.59,0.28,2.03,2.31,"No. 61 recruit in 2025; pedigree counts 42% (204 college min)"
"fr_108_adyrarajan","fr_108_adyrarajan","Adyra Rajan","Harvard Crimson","108","Newcomer","newcomer","none","Fairmont Preparatory Academy","Fy.",0,NA,9.88,11.79,-0.51,1.61,1.1,NA
"fr_108_sierrawoolhouse","fr_108_sierrawoolhouse","Sierra Woolhouse","Harvard Crimson","108","Newcomer","newcomer","none","St. Leonards College","Fy.",0,NA,9.49,11.32,-0.51,1.61,1.1,NA
"fr_108_sophiesmith","fr_108_sophiesmith","Sophie Smith","Harvard Crimson","108","Newcomer","newcomer","none","Red Bank Catholic","Fy.",0,NA,9.06,10.82,-0.51,1.61,1.1,NA
"5241849","5241849","Asani Ceaser","Harvard Crimson","108","Returning","stats","id","Harvard Crimson",NA,2,NA,7.4,8.84,0.42,2.01,2.42,NA
"5315685","5315685","Ava Krumwiede","Harvard Crimson","108","Returning","stats","id","Harvard Crimson",NA,1,NA,6.06,7.23,-1.2,0.44,-0.76,NA
"5315686","5315686","Sam Wills","Harvard Crimson","108","Returning","stats","id","Harvard Crimson",NA,1,NA,5.33,6.36,-1.58,0.2,-1.38,NA
"5315684","5315684","Maya Nahar","Harvard Crimson","108","Returning","stats","id","Harvard Crimson",NA,1,NA,4.51,5.38,-0.47,0.13,-0.33,NA
"5241852","5241852","Hana Belibi","Harvard Crimson","108","Returning","stats","id","Harvard Crimson",NA,2,NA,3.76,4.49,-2.31,-0.02,-2.34,NA
"5312866","5312866","Bailey Flavell","Hawai'i Rainbow Wahine","62","Returning","stats","id","Hawai'i Rainbow Wahine",NA,1,NA,30.13,35.95,1.65,1,2.66,NA
"5240720","5240720","Ritorya Tamilo","Hawai'i Rainbow Wahine","62","Returning","stats","id","Hawai'i Rainbow Wahine",NA,2,NA,23.79,28.39,1.98,2.83,4.81,NA
"5312867","5312867","Kyra Webb","Hawai'i Rainbow Wahine","62","Returning","stats","id","Hawai'i Rainbow Wahine",NA,1,NA,21.72,25.92,-0.2,1.46,1.26,NA
"5312865","5312865","Teyahna Bond","Hawai'i Rainbow Wahine","62","Returning","stats","id","Hawai'i Rainbow Wahine",NA,1,NA,19.57,23.35,-3.56,0.24,-3.32,NA
"5108732","5108732","Jovi Lefotu","Hawai'i Rainbow Wahine","62","Returning","stats","id","Hawai'i Rainbow Wahine",NA,3,NA,16.84,20.1,-1.51,1.14,-0.37,NA
"5176506","5176506","Jade Peacock","Hawai'i Rainbow Wahine","62","Returning","stats","id","Hawai'i Rainbow Wahine",NA,3,NA,16.64,19.86,-2.91,0.89,-2.02,NA
"5240717","5240717","Rebecca Moors","Hawai'i Rainbow Wahine","62","Returning","stats","id","Hawai'i Rainbow Wahine",NA,2,NA,13.49,16.1,-2.42,-0.06,-2.48,NA
"fr_62_lizudeze","fr_62_lizudeze","Liz Udeze","Hawai'i Rainbow Wahine","62","Newcomer","newcomer","none","Mt. San Antonio College","Jr.",0,NA,13.12,15.66,-1.26,0.55,-0.71,NA
"fr_62_paytonmills","fr_62_paytonmills","Payton Mills","Hawai'i Rainbow Wahine","62","Newcomer","newcomer","none","Lynden HS","Fr.",0,NA,12.43,14.83,-1.26,0.55,-0.71,NA
"fr_62_tarynbond","fr_62_tarynbond","Taryn Bond","Hawai'i Rainbow Wahine","62","Newcomer","newcomer","none","St. Monica's College","Fr.",0,NA,11.92,14.23,-1.26,0.55,-0.71,NA
"5242232","5242232","Zyriah Price","Hawai'i Rainbow Wahine","62","Transfer","stats","id","Siena Saints",NA,2,NA,11.91,14.22,-2.46,-0.05,-2.51,NA
"5312870","5312870","Fiamma Serra","Hawai'i Rainbow Wahine","62","Returning","stats","id","Hawai'i Rainbow Wahine",NA,1,NA,8.45,10.08,-1.61,-0.08,-1.69,NA
"5176515","5176515","Brecken Snotherly","High Point Panthers","2272","Returning","stats","id","High Point Panthers",NA,3,NA,26.1,31.14,-0.53,0.22,-0.31,NA
"5241034","5241034","Chana Paxixe","High Point Panthers","2272","Returning","stats","id","High Point Panthers",NA,4,NA,23.94,28.57,2.13,1.01,3.14,NA
"5313102","5313102","Rylee Bess","High Point Panthers","2272","Transfer","stats","id","Purdue Fort Wayne Mastodons",NA,1,NA,21.89,26.13,1.91,0.56,2.47,NA
"5240192","5240192","Juliann Woodard","High Point Panthers","2272","Transfer","stats","id","Michigan State Spartans",NA,2,NA,21.31,25.43,4.56,1.25,5.8,NA
"5175848","5175848","Peyton Gerdes","High Point Panthers","2272","Returning","stats","id","High Point Panthers",NA,2,NA,19.44,23.2,1.06,-0.1,0.96,NA
"5175541","5175541","Khloe Lemon","High Point Panthers","2272","Transfer","stats","id","California Baptist Lancers",NA,3,NA,18.54,22.13,4.06,-1.1,2.96,NA
"5107710","5107710","Taylor Feldman","High Point Panthers","2272","Transfer","stats","id","Purdue Boilermakers",NA,4,NA,17.14,20.46,1.77,-0.49,1.28,NA
"5312396","5312396","Meredith Tippner","High Point Panthers","2272","Transfer","stats","id","Miami Hurricanes",NA,1,NA,16.99,20.27,-0.23,1.44,1.21,"No. 91 recruit in 2025; pedigree counts 35% (274 college min)"
"fr_2272_gabbymorash","fr_2272_gabbymorash","Gabby Morash","High Point Panthers","2272","Newcomer","newcomer","none",NA,"Fr.",0,NA,11.35,13.55,-1.05,-0.21,-1.26,NA
"5313818","5313818","Sky Donaie","High Point Panthers","2272","Returning","stats","id","High Point Panthers",NA,1,NA,8.49,10.13,-2.9,-0.5,-3.4,NA
"5241035","5241035","Dakota Phillips","High Point Panthers","2272","Returning","stats","id","High Point Panthers",NA,2,NA,7.6,9.07,-2.01,-0.91,-2.92,NA
"5313815","5313815","Cheyenne Brand","High Point Panthers","2272","Returning","stats","id","High Point Panthers",NA,1,NA,7.2,8.59,-2.54,-0.55,-3.08,NA
"5239417","5239417","Ema Karim","Hofstra Pride","2275","Returning","stats","id","Hofstra Pride",NA,2,NA,25.75,30.73,0.43,-0.03,0.4,NA
"5178246","5178246","Paloma Garcia","Hofstra Pride","2275","Transfer","stats","id","Merrimack Warriors",NA,3,NA,21.87,26.1,-1.05,1.03,-0.01,NA
"5241926","5241926","Comari Mitchell","Hofstra Pride","2275","Transfer","stats","id","Jacksonville Dolphins",NA,2,NA,21.04,25.12,-0.82,0.32,-0.5,NA
"5109408","5109408","Angel Jones","Hofstra Pride","2275","Transfer","stats","id","Pittsburgh Panthers",NA,4,NA,18.11,21.61,0.89,-1.1,-0.2,NA
"5240930","5240930","Felicia Jacobs","Hofstra Pride","2275","Transfer","stats","id","Temple Owls",NA,2,NA,17.37,20.73,-2.95,0.52,-2.43,NA
"5240929","5240929","Kelian Cedano","Hofstra Pride","2275","Transfer","stats","id","Temple Owls",NA,2,NA,16.8,20.06,-0.51,0.45,-0.06,NA
"5311952","5311952","Olivia VanPatten","Hofstra Pride","2275","Returning","stats","id","Hofstra Pride",NA,1,NA,12.81,15.29,-3.86,-0.73,-4.59,NA
"fr_2275_alliebroadus","fr_2275_alliebroadus","Allie Broadus","Hofstra Pride","2275","Newcomer","newcomer","none","Thomas Dale","Fr.",0,NA,10.82,12.91,-2.64,-0.68,-3.32,NA
"5239418","5239418","Michaela Hodge","Hofstra Pride","2275","Returning","stats","id","Hofstra Pride",NA,2,NA,10.57,12.62,-1.21,-0.12,-1.34,NA
"fr_2275_audrianawilliams","fr_2275_audrianawilliams","Audriana Williams","Hofstra Pride","2275","Newcomer","newcomer","none","Elizabeth Seton","Fr.",0,NA,10.36,12.37,-2.64,-0.68,-3.32,NA
"fr_2275_ceylonebrooks","fr_2275_ceylonebrooks","Ceylone Brooks","Hofstra Pride","2275","Newcomer","newcomer","none","Upper Arlington (transferred from Daytona State College)","Jr.",0,NA,9.86,11.77,-2.64,-0.68,-3.32,NA
"fr_2275_monetedwards","fr_2275_monetedwards","Mone't Edwards","Hofstra Pride","2275","Newcomer","newcomer","none","St. Frances Academy","Fr.",0,NA,9.5,11.34,-2.64,-0.68,-3.32,NA
"fr_2275_palomagarciarosado","fr_2275_palomagarciarosado","Paloma Garcia Rosado","Hofstra Pride","2275","Newcomer","newcomer","none","Proctor Academy (transferred from Merrimack)","Sr.",0,NA,8.84,10.55,-2.64,-0.68,-3.32,NA
"5311953","5311953","Kiyanna Blacks-Stewart","Hofstra Pride","2275","Returning","stats","id","Hofstra Pride",NA,1,NA,6.29,7.51,-2.5,-1.17,-3.67,NA
"5174969","5174969","Kendall Eddy","Holy Cross Crusaders","107","Returning","stats","id","Holy Cross Crusaders",NA,3,NA,28.72,34.27,-1.56,1.29,-0.26,NA
"5178587","5178587","Hannah Griffin","Holy Cross Crusaders","107","Returning","stats","id","Holy Cross Crusaders",NA,3,NA,23.86,28.48,-4.06,1.3,-2.76,NA
"5178585","5178585","Janie Bachmann","Holy Cross Crusaders","107","Returning","stats","id","Holy Cross Crusaders",NA,3,NA,21.7,25.9,0.97,1.5,2.47,NA
"5312782","5312782","Colleen Phiri","Holy Cross Crusaders","107","Transfer","stats","id","George Washington Revolutionaries",NA,1,NA,19.93,23.79,1.21,0.25,1.46,NA
"5242254","5242254","Emma Lizotte","Holy Cross Crusaders","107","Transfer","stats","id","Quinnipiac Bobcats",NA,2,NA,18.71,22.33,-0.71,0.87,0.15,NA
"5315314","5315314","Brianna McDermott","Holy Cross Crusaders","107","Returning","stats","id","Holy Cross Crusaders",NA,1,NA,15.37,18.34,-3.03,0.12,-2.92,NA
"fr_107_abigailcasper","fr_107_abigailcasper","Abigail Casper","Holy Cross Crusaders","107","Newcomer","newcomer","none","Northwest Catholic High School","Fr.",0,NA,13.64,16.28,-1.8,0.49,-1.31,NA
"fr_107_camdenepstein","fr_107_camdenepstein","Camden Epstein","Holy Cross Crusaders","107","Newcomer","newcomer","none","Ramapo High School","Fr.",0,NA,12.53,14.95,-1.8,0.49,-1.31,NA
"fr_107_maddieprovost","fr_107_maddieprovost","Maddie Provost","Holy Cross Crusaders","107","Newcomer","newcomer","none","Lawrence High School","Fr.",0,NA,11.86,14.15,-1.8,0.49,-1.31,NA
"5242732","5242732","Stella Gougoufkas","Holy Cross Crusaders","107","Returning","stats","id","Holy Cross Crusaders",NA,2,NA,10.04,11.99,-2.16,-0.19,-2.35,NA
"5178586","5178586","Simone Lewis","Holy Cross Crusaders","107","Returning","stats","id","Holy Cross Crusaders",NA,3,NA,9.76,11.64,-2.81,0.11,-2.7,NA
"5315316","5315316","Mackenzie Teevan","Holy Cross Crusaders","107","Returning","stats","id","Holy Cross Crusaders",NA,1,NA,7.39,8.82,-3.51,-0.55,-4.06,NA
"5315317","5315317","Megan Roche","Holy Cross Crusaders","107","Returning","stats","id","Holy Cross Crusaders",NA,1,NA,6.49,7.75,-3.78,-0.52,-4.31,NA
"5175424","5175424","Jordan Jackson","Houston Christian Huskies","2277","Returning","stats","id","Houston Christian Huskies",NA,3,NA,28.47,33.97,-0.97,-0.14,-1.1,NA
"5177957","5177957","Tove Caesar","Houston Christian Huskies","2277","Returning","stats","id","Houston Christian Huskies",NA,3,NA,25.03,29.87,-3.56,-2.12,-5.67,NA
"5315779","5315779","Sidney Carr","Houston Christian Huskies","2277","Returning","stats","id","Houston Christian Huskies",NA,1,NA,23.31,27.82,-4.62,-0.7,-5.32,NA
"5315781","5315781","Dasia Hyams","Houston Christian Huskies","2277","Returning","stats","id","Houston Christian Huskies",NA,1,NA,20.36,24.3,-3.27,-0.92,-4.19,NA
"5315782","5315782","Madison Hurta","Houston Christian Huskies","2277","Returning","stats","id","Houston Christian Huskies",NA,2,NA,18.11,21.62,-1.58,-1.41,-2.99,NA
"5243224","5243224","Madelyne Davis","Houston Christian Huskies","2277","Returning","stats","id","Houston Christian Huskies",NA,2,NA,17.6,21.01,-3.66,-1.31,-4.96,NA
"5177956","5177956","Hannah Fields","Houston Christian Huskies","2277","Returning","stats","id","Houston Christian Huskies",NA,3,NA,15.54,18.55,-4.23,-0.58,-4.81,NA
"5178114","5178114","Tessa Engelman","Houston Christian Huskies","2277","Transfer","stats","id","Tarleton State Texans",NA,3,NA,14.34,17.11,-4.46,-0.89,-5.34,NA
"5312883","5312883","Basak Orhan","Houston Christian Huskies","2277","Transfer","stats","id","Cal State Fullerton Titans",NA,1,NA,13.3,15.87,-1.48,-0.72,-2.2,NA
"5242666","5242666","Veronika Korchagina","Houston Christian Huskies","2277","Returning","stats","id","Houston Christian Huskies",NA,2,NA,12.03,14.36,-0.03,-1.29,-1.32,NA
"5312984","5312984","Nikki Stanic","Houston Christian Huskies","2277","Transfer","stats","id","New Mexico State Aggies",NA,3,NA,11.91,14.22,-3.85,-1.17,-5.01,NA
"5239105","5239105","Justice Carlton","Houston Cougars","248","Transfer","stats","id","Texas Longhorns",NA,2,NA,29.3,34.97,6.29,3.49,9.78,NA
"5314945","5314945","Kayla King","Houston Cougars","248","Returning","stats","id","Houston Cougars",NA,1,NA,25.09,29.94,-1.6,-0.75,-2.35,NA
"5178451","5178451","Raegan McCowan","Houston Cougars","248","Transfer","stats","id","Western Illinois Leathernecks",NA,3,NA,20.71,24.71,5.26,0.1,5.36,NA
"5323969","5323969","Elodie Lutbert","Houston Cougars","248","Transfer","stats","id","Tarleton State Texans",NA,1,NA,20.55,24.52,1.58,1.44,3.02,NA
"5242470","5242470","Kaelyn Hamilton","Houston Cougars","248","Transfer","stats","id","San Diego State Aztecs",NA,2,NA,19.01,22.69,2.28,1.13,3.41,NA
"5311616","5311616","Janiyah Williams","Houston Cougars","248","Transfer","stats","id","Oregon Ducks",NA,1,NA,18.82,22.46,2.8,0.84,3.64,"No. 53 recruit in 2025; pedigree counts 43% (201 college min)"
"5174327","5174327","Jorynn Ross","Houston Cougars","248","Returning","stats","id","Houston Cougars",NA,3,NA,14.92,17.81,-2.43,-1.06,-3.5,NA
"fr_248_alyviamccorkle","fr_248_alyviamccorkle","Alyvia McCorkle","Houston Cougars","248","Newcomer","newcomer","none","Bettendorf High School","Fr.",0,NA,11.38,13.58,-1.66,-0.01,-1.67,NA
"fr_248_esmeraldaenriquez","fr_248_esmeraldaenriquez","Esmeralda Enriquez","Houston Cougars","248","Newcomer","newcomer","none","Eastern Arizona College","Jr.",0,NA,10.76,12.85,-1.66,-0.01,-1.67,NA
"fr_248_madisoncarlton","fr_248_madisoncarlton","Madison Carlton","Houston Cougars","248","Newcomer","newcomer","none","Seven Lakes High School","Fr.",0,NA,10.32,12.32,-1.66,-0.01,-1.67,NA
"fr_248_tamiaking","fr_248_tamiaking","Tamia King","Houston Cougars","248","Newcomer","newcomer","none","Westlake High School","Fr.",0,NA,9.84,11.74,-1.66,-0.01,-1.67,NA
"fr_248_martallompart","fr_248_martallompart","Marta Llompart","Houston Cougars","248","International (FIBA)","newcomer","none","ESB Villeneuve-d'Ascq","Fr.",0,NA,9.31,11.12,-2.63,-0.12,-2.75,NA
"5109361","5109361","Zoe Stewart","Howard Bison","47","Returning","stats","id","Howard Bison",NA,3,NA,28.13,33.57,0.73,0.29,1.02,NA
"5314824","5314824","Ariella Henigan","Howard Bison","47","Returning","stats","id","Howard Bison",NA,1,NA,24.35,29.06,0.84,0.82,1.66,NA
"5314825","5314825","Destiny Bynum Johnson","Howard Bison","47","Returning","stats","id","Howard Bison",NA,3,NA,22.4,26.73,-0.49,1.14,0.64,NA
"5178520","5178520","Sa'lah Hemingway","Howard Bison","47","Returning","stats","id","Howard Bison",NA,3,NA,19.23,22.94,-3.22,0.31,-2.91,NA
"5242433","5242433","April Edwards","Howard Bison","47","Returning","stats","id","Howard Bison",NA,2,NA,17.5,20.89,-1.83,-0.69,-2.52,NA
"5243443","5243443","Kearra Jones","Howard Bison","47","Transfer","stats","id","Southeast Missouri State Redhawks",NA,2,NA,15.97,19.05,1.1,-0.02,1.08,NA
"5177793","5177793","Dally Moreno","Howard Bison","47","Returning","stats","id","Howard Bison",NA,2,NA,12.67,15.12,-1.41,-0.14,-1.54,NA
"5174538","5174538","Rayne Durant","Howard Bison","47","Returning","stats","id","Howard Bison",NA,3,NA,11.45,13.67,-1.39,-0.13,-1.52,NA
"5314826","5314826","Emma Nuquay","Howard Bison","47","Returning","stats","id","Howard Bison",NA,1,NA,10.85,12.95,0.53,-0.06,0.46,NA
"fr_47_indiahhutchinson","fr_47_indiahhutchinson","Indiah Hutchinson","Howard Bison","47","Newcomer","newcomer","none","Hammond Central HS","Fr.",0,NA,10.25,12.23,-1.35,-0.03,-1.38,NA
"5314827","5314827","Jada Kendrick","Howard Bison","47","Returning","stats","id","Howard Bison",NA,1,NA,10.13,12.09,-1.73,-0.47,-2.2,NA
"fr_47_kennedydeese","fr_47_kennedydeese","Kennedy Deese","Howard Bison","47","Newcomer","newcomer","none","Kell HS","Fr.",0,NA,9.89,11.8,-1.35,-0.03,-1.38,NA
"5314823","5314823","Dylan Watson","Howard Bison","47","Returning","stats","id","Howard Bison",NA,1,NA,7.2,8.59,-1.17,-0.45,-1.62,NA
"5175985","5175985","Aspen Caldwell","Idaho State Bengals","304","Returning","stats","id","Idaho State Bengals",NA,3,NA,27.79,33.17,-3.79,0.39,-3.4,NA
"5315590","5315590","Maeva Gauffrenet","Idaho State Bengals","304","Returning","stats","id","Idaho State Bengals",NA,1,NA,22.76,27.17,-1.74,0.36,-1.38,NA
"5315589","5315589","Asa Wolfram","Idaho State Bengals","304","Returning","stats","id","Idaho State Bengals",NA,1,NA,19.4,23.15,0.43,-0.23,0.2,NA
"fr_304_azilizleguen","fr_304_azilizleguen","Aziliz Le Guen","Idaho State Bengals","304","Newcomer","newcomer","none",NA,"Fr.",0,NA,17.22,20.55,-1.75,0.57,-1.17,NA
"fr_304_clarevalentine","fr_304_clarevalentine","Clare Valentine","Idaho State Bengals","304","Newcomer","newcomer","none","Scripps Ranch","Fr.",0,NA,15.47,18.47,-1.75,0.57,-1.17,NA
"fr_304_emmabryant","fr_304_emmabryant","Emma Bryant","Idaho State Bengals","304","Newcomer","newcomer","none","Deer Park HS","Fr.",0,NA,14.77,17.63,-1.75,0.57,-1.17,NA
"fr_304_giavukona","fr_304_giavukona","Gia Vukona","Idaho State Bengals","304","Newcomer","newcomer","none","Brisbane State HS","Fr.",0,NA,13.48,16.09,-1.75,0.57,-1.17,NA
"fr_304_jazzywilkerson","fr_304_jazzywilkerson","Jazzy Wilkerson","Idaho State Bengals","304","Newcomer","newcomer","none","Woodinville HS","Fr.",0,NA,12.38,14.78,-1.75,0.57,-1.17,NA
"5240771","5240771","Bojana Radnjic","Idaho State Bengals","304","Transfer","stats","id","UC Santa Barbara Gauchos",NA,2,NA,12.02,14.34,-1.38,-0.27,-1.65,NA
"fr_304_krystalarnason","fr_304_krystalarnason","Krystal Arnason","Idaho State Bengals","304","Newcomer","newcomer","none","Kilysth Cobras","Fr.",0,NA,11.72,13.99,-1.75,0.57,-1.17,NA
"fr_304_skyliebarker","fr_304_skyliebarker","Skylie Barker","Idaho State Bengals","304","Newcomer","newcomer","none","Utah State Eastern","So.",0,NA,11.25,13.42,-1.75,0.57,-1.17,NA
"5117473","5117473","Maggie Hutka","Idaho State Bengals","304","Transfer","stats","id","Montana Lady Griz",NA,4,NA,11,13.13,-2.98,-0.06,-3.04,NA
"fr_304_taylinserlen","fr_304_taylinserlen","Taylin Serlen","Idaho State Bengals","304","Newcomer","newcomer","none","Black Hills State","Jr.",0,NA,10.72,12.8,-1.75,0.57,-1.17,NA
"5175930","5175930","Hope Hassmann","Idaho Vandals","70","Returning","stats","id","Idaho Vandals",NA,3,NA,26.79,31.97,2.87,-0.16,2.71,NA
"5240985","5240985","Ana Pinheiro","Idaho Vandals","70","Returning","stats","id","Idaho Vandals",NA,2,NA,24.3,29,0.86,1.51,2.37,NA
"5240983","5240983","Ella Uriarte","Idaho Vandals","70","Returning","stats","id","Idaho Vandals",NA,2,NA,22.69,27.08,-1.13,-0.54,-1.66,NA
"5240984","5240984","Ana Beatriz Passos Alves da Silva","Idaho Vandals","70","Returning","stats","id","Idaho Vandals",NA,2,NA,18.9,22.56,0.12,0.9,1.02,NA
"5315663","5315663","Keanna Salave'a","Idaho Vandals","70","Transfer","stats","id","Sacramento State Hornets",NA,3,NA,14.29,17.05,1.03,0.71,1.74,NA
"5312809","5312809","Brynna Pukis","Idaho Vandals","70","Transfer","stats","id","Long Beach State Beach",NA,1,NA,13.93,16.63,-0.33,-1.52,-1.86,NA
"5239097","5239097","Fatumata Djalo","Idaho Vandals","70","Transfer","stats","id","Monmouth Hawks",NA,2,NA,11.88,14.17,-1.29,0.09,-1.2,NA
"5315583","5315583","Katlin Kangur","Idaho Vandals","70","Returning","stats","id","Idaho Vandals",NA,1,NA,11.66,13.92,-1.4,0.06,-1.34,NA
"5240232","5240232","Alexia Araujo-Dagba","Idaho Vandals","70","Transfer","stats","id","Georgetown Hoyas",NA,2,NA,10.13,12.09,-0.2,-1,-1.2,NA
"fr_70_addisonwellsmorrison","fr_70_addisonwellsmorrison","Addison Wells-Morrison","Idaho Vandals","70","Newcomer","newcomer","none","Mead HS","Fr.",0,NA,9.91,11.82,-0.53,0.23,-0.3,NA
"fr_70_alexiadagba","fr_70_alexiadagba","Alexia Dagba","Idaho Vandals","70","Newcomer","newcomer","none","Georgetown","Jr.",0,NA,9.51,11.35,-0.53,0.23,-0.3,NA
"fr_70_aniyahriddell","fr_70_aniyahriddell","Aniyah Riddell","Idaho Vandals","70","Newcomer","newcomer","none","Central Arizona College","So.",0,NA,9.07,10.83,-0.53,0.23,-0.3,NA
"fr_70_baileynettleton","fr_70_baileynettleton","Bailey Nettleton","Idaho Vandals","70","Newcomer","newcomer","none","Tahoma HS","Fr.",0,NA,8.76,10.45,-0.53,0.23,-0.3,NA
"fr_70_jaceyboesel","fr_70_jaceyboesel","Jacey Boesel","Idaho Vandals","70","Newcomer","newcomer","none","Deer Park HS","Fr.",0,NA,8.18,9.76,-0.53,0.23,-0.3,NA
"5240169","5240169","Berry Wallace","Illinois Fighting Illini","356","Returning","stats","id","Illinois Fighting Illini",NA,2,NA,26.9,32.11,7.38,1.68,9.06,NA
"5311535","5311535","Destiny Jackson","Illinois Fighting Illini","356","Returning","stats","id","Illinois Fighting Illini",NA,1,NA,22.35,26.67,3.32,2.81,6.13,NA
"5311539","5311539","Cearah Parchment","Illinois Fighting Illini","356","Returning","stats","id","Illinois Fighting Illini",NA,1,NA,20.93,24.98,7.39,3.39,10.77,NA
"5175679","5175679","Gretchen Dolan","Illinois Fighting Illini","356","Returning","stats","id","Illinois Fighting Illini",NA,3,NA,20.35,24.29,4.51,2.35,6.87,NA
"5174765","5174765","Maddie Webber","Illinois Fighting Illini","356","Returning","stats","id","Illinois Fighting Illini",NA,3,NA,17.97,21.45,5.48,1.66,7.15,NA
"5174271","5174271","Jasmine Brown-Hagger","Illinois Fighting Illini","356","Returning","stats","id","Illinois Fighting Illini",NA,3,NA,14.24,16.99,2.71,1.73,4.43,NA
"5311613","5311613","Divine Bourrage","Illinois Fighting Illini","356","Transfer","stats","id","LSU Tigers",NA,1,NA,13.51,16.12,2.38,2.14,4.52,"No. 24 recruit in 2025; pedigree counts 39% (238 college min)"
"5240176","5240176","Aaliyah Guyton","Illinois Fighting Illini","356","Returning","stats","id","Illinois Fighting Illini",NA,2,NA,12.38,14.78,2.14,1.91,4.05,NA
"rp_356_manuellaalvesfernandez","rp_356_manuellaalvesfernandez","Manuella Alves-Fernandez","Illinois Fighting Illini","356","Redshirt (2025 recruit)","newcomer","none","Did not play 2025-26","R-Fr.",0,NA,10.4,12.41,2.86,1.82,4.68,"Torn ACL in October 2025 preseason; announced her return to Illinois (verified Sept 2026); No. 48 recruit in 2025; pedigree counts 100% (no college minutes yet)"
"5175473","5175473","Lety Vasconcelos","Illinois Fighting Illini","356","Returning","stats","id","Illinois Fighting Illini",NA,2,NA,9.54,11.38,1.91,1.56,3.46,NA
"fr_356_morganbaptist","fr_356_morganbaptist","Morgan Baptist","Illinois Fighting Illini","356","Newcomer","newcomer","none",NA,"Fr.",0,NA,7.92,9.45,1.39,1.26,2.65,NA
"fr_356_onariopedre","fr_356_onariopedre","Ona Riopedre","Illinois Fighting Illini","356","Newcomer","newcomer","none","Raritan Valley CC","Jr.",0,NA,7.66,9.14,1.39,1.26,2.65,NA
"fr_356_lanabrenjo","fr_356_lanabrenjo","Lana Brenjo","Illinois Fighting Illini","356","International (FIBA)","newcomer","none","Belgrade Sports Gymnasium","Fr.",0,NA,6.9,8.24,-0.23,0.67,0.44,NA
"5240167","5240167","Irene Noya Catoira","Illinois Fighting Illini","356","Returning","stats","id","Illinois Fighting Illini",NA,2,NA,5.38,6.42,0.58,0.76,1.34,NA
"5240168","5240168","Mia Zenere","Illinois Fighting Illini","356","Returning","stats","id","Illinois Fighting Illini",NA,2,NA,3.57,4.26,-1.87,-0.03,-1.9,NA
"5242017","5242017","Trista Fayta","Illinois State Redbirds","2287","Returning","stats","id","Illinois State Redbirds",NA,2,NA,28.42,33.91,1.07,0.03,1.11,NA
"5314938","5314938","Jaeden Pratt","Illinois State Redbirds","2287","Returning","stats","id","Illinois State Redbirds",NA,1,NA,23.46,28,0.11,-0.14,-0.04,NA
"5242019","5242019","Grace Nelson","Illinois State Redbirds","2287","Returning","stats","id","Illinois State Redbirds",NA,2,NA,18.42,21.99,1.45,-0.71,0.74,NA
"5315680","5315680","Hannah Chicken","Illinois State Redbirds","2287","Transfer","stats","id","Portland State Vikings",NA,1,NA,18.35,21.9,1.71,-0.59,1.12,NA
"5178237","5178237","Nevaeh Thomas","Illinois State Redbirds","2287","Returning","stats","id","Illinois State Redbirds",NA,3,NA,17.24,20.58,4.22,-0.29,3.93,NA
"fr_2287_danyellamporokoso","fr_2287_danyellamporokoso","Danyella Mporokoso","Illinois State Redbirds","2287","Top-100 recruit","newcomer","none","Waubonsie Valley HS","Fr.",0,68,16.92,20.2,0.44,-0.16,0.28,NA
"5314939","5314939","Madison Austin","Illinois State Redbirds","2287","Returning","stats","id","Illinois State Redbirds",NA,1,NA,12.7,15.16,1.28,-0.22,1.07,NA
"5239057","5239057","Chloe Spreen","Illinois State Redbirds","2287","Transfer","stats","id","Indiana Hoosiers",NA,2,NA,11.79,14.07,-1.01,-0.35,-1.35,NA
"fr_2287_christinakoppel","fr_2287_christinakoppel","Christina Köppel","Illinois State Redbirds","2287","Newcomer","newcomer","none","UBSC-DBBC Graz","Fr.",0,NA,10.72,12.79,-0.64,-0.58,-1.22,NA
"fr_2287_ellamason","fr_2287_ellamason","Ella Mason","Illinois State Redbirds","2287","Newcomer","newcomer","none","Michigan Tech","Jr.",0,NA,10.15,12.11,-0.64,-0.58,-1.22,NA
"fr_2287_kennedystowers","fr_2287_kennedystowers","Kennedy Stowers","Illinois State Redbirds","2287","Newcomer","newcomer","none","Lutheran HS","Fr.",0,NA,9.73,11.62,-0.64,-0.58,-1.22,NA
"fr_2287_madisonyoung","fr_2287_madisonyoung","Madison Young","Illinois State Redbirds","2287","Newcomer","newcomer","none","South Oldham HS","Fr.",0,NA,9.28,11.08,-0.64,-0.58,-1.22,NA
"5314942","5314942","Zanyra Adams","Illinois State Redbirds","2287","Returning","stats","id","Illinois State Redbirds",NA,2,NA,7.73,9.23,-0.46,-0.64,-1.1,NA
"5242016","5242016","Morgan Bruno","Illinois State Redbirds","2287","Returning","stats","id","Illinois State Redbirds",NA,2,NA,5.09,6.07,-3.04,-1.17,-4.2,NA
"5240918","5240918","Gwendlyn McGrew","Incarnate Word Cardinals","2916","Returning","stats","id","Incarnate Word Cardinals",NA,2,NA,25.22,30.1,0.09,-1.47,-1.38,NA
"5316859","5316859","Madison Williams","Incarnate Word Cardinals","2916","Returning","stats","id","Incarnate Word Cardinals",NA,3,NA,22.02,26.28,-2.07,-2.99,-5.05,NA
"5239091","5239091","Londyn Oliphant","Incarnate Word Cardinals","2916","Returning","stats","id","Incarnate Word Cardinals",NA,2,NA,19.9,23.75,-2.27,-2.56,-4.84,NA
"5177963","5177963","Destiny Whitaker","Incarnate Word Cardinals","2916","Returning","stats","id","Incarnate Word Cardinals",NA,3,NA,18.76,22.39,2.27,-1.99,0.29,NA
"5178445","5178445","Morgan Borgstadt","Incarnate Word Cardinals","2916","Returning","stats","id","Incarnate Word Cardinals",NA,2,NA,16.23,19.37,-1.73,-2.4,-4.13,NA
"5238308","5238308","Kayanna Cox","Incarnate Word Cardinals","2916","Transfer","stats","id","UCF Knights",NA,2,NA,12.58,15.01,-0.53,0.16,-0.38,NA
"5314687","5314687","A'Maya Holton","Incarnate Word Cardinals","2916","Transfer","stats","id","Oral Roberts Golden Eagles",NA,1,NA,12.5,14.91,0.56,-1.4,-0.84,NA
"5313807","5313807","Nevaeh Jones","Incarnate Word Cardinals","2916","Transfer","stats","id","Charleston Southern Buccaneers",NA,1,NA,12.2,14.56,-2.09,-2.8,-4.89,NA
"5315706","5315706","Mariah Hart","Incarnate Word Cardinals","2916","Transfer","stats","id","New Orleans Privateers",NA,1,NA,10.79,12.88,-2.12,-2.14,-4.26,NA
"5312986","5312986","Lucia Lara","Incarnate Word Cardinals","2916","Transfer","stats","id","New Mexico State Aggies",NA,2,NA,10,11.93,-2.16,-0.8,-2.96,NA
"5177932","5177932","Lucia Lara","Incarnate Word Cardinals","2916","Transfer","stats","id","New Mexico State Aggies",NA,2,NA,9.39,11.2,-3.3,-0.7,-4,NA
"fr_2916_endiastigall","fr_2916_endiastigall","Endia Stigall","Incarnate Word Cardinals","2916","Newcomer","newcomer","none","Hay HS","Fr.",0,NA,8.64,10.32,-1.36,-2.28,-3.63,NA
"fr_2916_martinamontonmartinez","fr_2916_martinamontonmartinez","Martina Monton Martinez","Incarnate Word Cardinals","2916","Newcomer","newcomer","none","Escola Sant Gervasi","So.",0,NA,8.04,9.59,-1.36,-2.28,-3.63,NA
"fr_2916_nkiyahburge","fr_2916_nkiyahburge","N'Kiyah Burge","Incarnate Word Cardinals","2916","Newcomer","newcomer","none","Fredrick A. Douglass HS","Fr.",0,NA,7.39,8.82,-1.36,-2.28,-3.63,NA
"fr_2916_zaviyanamadison","fr_2916_zaviyanamadison","Zaviyana Madison","Incarnate Word Cardinals","2916","Newcomer","newcomer","none","Denton Ryan HS","Fr.",0,NA,6.33,7.56,-1.36,-2.28,-3.63,NA
"5175680","5175680","Lenée Beaumont","Indiana Hoosiers","84","Returning","stats","id","Indiana Hoosiers",NA,2,NA,27.24,32.51,4.02,1.24,5.26,NA
"5311541","5311541","Maya Makalusky","Indiana Hoosiers","84","Returning","stats","id","Indiana Hoosiers",NA,1,NA,21.88,26.11,3.54,-0.04,3.5,NA
"5239703","5239703","Zania Socka-Nguemen","Indiana Hoosiers","84","Returning","stats","id","Indiana Hoosiers",NA,2,NA,21.77,25.98,4.55,1.5,6.06,NA
"5175709","5175709","Jessica Petrie","Indiana Hoosiers","84","Transfer","stats","id","Nebraska Cornhuskers",NA,3,NA,20.78,24.8,3.82,2.15,5.96,NA
"5106193","5106193","Kenzie Hare","Indiana Hoosiers","84","Transfer","stats","id","Iowa State Cyclones",NA,3,NA,18.59,22.19,2.83,0.54,3.37,NA
"5175945","5175945","Malia Samuels","Indiana Hoosiers","84","Transfer","stats","id","USC Trojans",NA,3,NA,16.2,19.33,0.53,2.91,3.44,NA
"5105443","5105443","Alisa Williams","Indiana Hoosiers","84","Transfer","stats","id","Iowa State Cyclones",NA,3,NA,15.1,18.02,4.8,1.59,6.39,NA
"fr_84_addynyemchek","fr_84_addynyemchek","Addy Nyemchek","Indiana Hoosiers","84","Top-100 recruit","newcomer","none",NA,"Freshman",0,25,15.08,18,2.91,1.1,4.01,NA
"fr_84_gigibattle","fr_84_gigibattle","GiGi Battle","Indiana Hoosiers","84","Top-100 recruit","newcomer","none",NA,"Freshman",0,29,14.64,17.48,2.74,1.05,3.79,NA
"fr_84_ashlinnjames","fr_84_ashlinnjames","Ashlinn James","Indiana Hoosiers","84","Top-100 recruit","newcomer","none",NA,"Freshman",0,66,12.23,14.59,1.83,0.73,2.57,NA
"fr_84_ashlynanderson","fr_84_ashlynanderson","Ashlyn Anderson","Indiana Hoosiers","84","Newcomer","newcomer","none","Fanshawe College","Junior",0,NA,8.39,10.01,0.72,0.3,1.02,NA
"fr_84_camillepangonis","fr_84_camillepangonis","Camille Pangonis","Indiana Hoosiers","84","Newcomer","newcomer","none",NA,"Freshman",0,NA,8.1,9.67,0.72,0.3,1.02,NA
"5314948","5314948","Jayci Allen","Indiana State Sycamores","282","Returning","stats","id","Indiana State Sycamores",NA,3,NA,26.95,32.16,1.72,-2.42,-0.71,NA
"5314951","5314951","Amerie Flowers","Indiana State Sycamores","282","Returning","stats","id","Indiana State Sycamores",NA,2,NA,20.53,24.5,2.1,-2.01,0.09,NA
"5243455","5243455","Crystal Schultz","Indiana State Sycamores","282","Transfer","stats","id","Prairie View A&M Lady Panthers",NA,2,NA,18.3,21.84,-0.66,-3.24,-3.91,NA
"5315104","5315104","Natalia Williams","Indiana State Sycamores","282","Transfer","stats","id","Chicago State Cougars",NA,2,NA,16.27,19.42,-1.36,-1.47,-2.83,NA
"5313856","5313856","Kristen McMillan","Indiana State Sycamores","282","Transfer","stats","id","UNC Asheville Bulldogs",NA,2,NA,14.99,17.89,-0.59,-2.09,-2.68,NA
"fr_282_aaliyahyoungblood","fr_282_aaliyahyoungblood","Aaliyah Youngblood","Indiana State Sycamores","282","Newcomer","newcomer","none","San Joaquin Delta College","Jr.",0,NA,13.87,16.55,-1.44,-2.53,-3.98,NA
"fr_282_allisonmcgill","fr_282_allisonmcgill","Allison McGill","Indiana State Sycamores","282","Newcomer","newcomer","none","La Verne","Sr.",0,NA,12.62,15.06,-1.44,-2.53,-3.98,NA
"fr_282_arianapeagler","fr_282_arianapeagler","Ariana Peagler","Indiana State Sycamores","282","Newcomer","newcomer","none","Mississippi Gulf Coast CC","Jr.",0,NA,11.55,13.79,-1.44,-2.53,-3.98,NA
"fr_282_ashleysinghateh","fr_282_ashleysinghateh","Ashley Singhateh","Indiana State Sycamores","282","Newcomer","newcomer","none","Butler CC","Jr.",0,NA,10.91,13.02,-1.44,-2.53,-3.98,NA
"fr_282_eanaedagons","fr_282_eanaedagons","Eanae Dagons","Indiana State Sycamores","282","Newcomer","newcomer","none","Eastern Arizona College","Jr.",0,NA,10.44,12.47,-1.44,-2.53,-3.98,NA
"fr_282_heavenshockley","fr_282_heavenshockley","Heaven Shockley","Indiana State Sycamores","282","Newcomer","newcomer","none","Evangel","Sr.",0,NA,9.94,11.86,-1.44,-2.53,-3.98,NA
"fr_282_jazelleyoung","fr_282_jazelleyoung","Jazelle Young","Indiana State Sycamores","282","Newcomer","newcomer","none","Rock Valley College","Jr.",0,NA,9.57,11.42,-1.44,-2.53,-3.98,NA
"fr_282_karsenmarshall","fr_282_karsenmarshall","Karsen Marshall","Indiana State Sycamores","282","Newcomer","newcomer","none","Mt. San Jacinto College","Jr.",0,NA,8.9,10.62,-1.44,-2.53,-3.98,NA
"fr_282_saroiyaajomale","fr_282_saroiyaajomale","Saroiya Ajomale","Indiana State Sycamores","282","Newcomer","newcomer","none","College of Southern Nevada","Jr.",0,NA,8.17,9.76,-1.44,-2.53,-3.98,NA
"fr_282_zoedispennette","fr_282_zoedispennette","Zoë Dispennette","Indiana State Sycamores","282","Newcomer","newcomer","none","St. Thomas More","Fr.",0,NA,6.99,8.35,-1.44,-2.53,-3.98,NA
"5176869","5176869","Mya Zaccagnini","Iona Gaels","314","Returning","stats","id","Iona Gaels",NA,3,NA,29.28,34.94,-1.71,-1.08,-2.79,NA
"5241972","5241972","Chloe Vasquez","Iona Gaels","314","Returning","stats","id","Iona Gaels",NA,2,NA,23.8,28.4,-1.48,-1.04,-2.52,NA
"5175539","5175539","Claudia Fiel","Iona Gaels","314","Returning","stats","id","Iona Gaels",NA,3,NA,22.96,27.4,-4.43,-1.28,-5.71,NA
"5241974","5241974","Adrianna Gonzalez","Iona Gaels","314","Returning","stats","id","Iona Gaels",NA,2,NA,17.76,21.19,-3.04,-1.12,-4.16,NA
"5313587","5313587","Wilma Tuomi","Iona Gaels","314","Newcomer","stats","none","Iona Gaels",NA,1,NA,15.34,18.3,-2.34,-1.1,-3.44,NA
"5313588","5313588","Johanna Flores","Iona Gaels","314","Returning","stats","id","Iona Gaels",NA,1,NA,14.47,17.27,-2.51,-1.53,-4.04,NA
"fr_314_alanawells","fr_314_alanawells","Alana Wells","Iona Gaels","314","Newcomer","newcomer","none","Ensworth","Fr.",0,NA,13.96,16.66,-2.34,-1.1,-3.44,NA
"fr_314_anylaherbert","fr_314_anylaherbert","Anyla Herbert","Iona Gaels","314","Newcomer","newcomer","none","Kilgore College","Jr.",0,NA,12.79,15.26,-2.34,-1.1,-3.44,NA
"fr_314_gisellegrant","fr_314_gisellegrant","Giselle Grant","Iona Gaels","314","Newcomer","newcomer","none","St. John's College","Fr.",0,NA,12.08,14.42,-2.34,-1.1,-3.44,NA
"fr_314_kaitlynnkenna","fr_314_kaitlynnkenna","Kaitlynn Kenna","Iona Gaels","314","Newcomer","newcomer","none","Canterbury","Fr.",0,NA,11.57,13.81,-2.34,-1.1,-3.44,NA
"fr_314_sophiahickey","fr_314_sophiahickey","Sophia Hickey","Iona Gaels","314","Newcomer","newcomer","none","DME Academy","Fr.",0,NA,11.02,13.15,-2.34,-1.1,-3.44,NA
"5241973","5241973","Nevaeh Stone","Iona Gaels","314","Returning","stats","id","Iona Gaels",NA,2,NA,8.43,10.06,-2.22,-1.52,-3.74,NA
"5332359","5332359","Arianna Davis","Iona Gaels","314","Returning","stats","id","Iona Gaels",NA,1,NA,6.53,7.8,-2.32,-1.06,-3.38,NA
"5238283","5238283","Chazadi Wright","Iowa Hawkeyes","2294","Returning","stats","id","Iowa Hawkeyes",NA,2,NA,29.42,35.11,5.75,2.97,8.72,NA
"5240175","5240175","Ava Heiden","Iowa Hawkeyes","2294","Returning","stats","id","Iowa Hawkeyes",NA,2,NA,26.19,31.26,11.44,4.86,16.3,NA
"5238284","5238284","Dani Carnegie","Iowa Hawkeyes","2294","Transfer","stats","id","Georgia Lady Bulldogs",NA,2,NA,24.56,29.31,7.98,3.66,11.65,NA
"5240174","5240174","Taylor Stremlow","Iowa Hawkeyes","2294","Returning","stats","id","Iowa Hawkeyes",NA,2,NA,21.42,25.56,4.49,3.51,8,NA
"5175474","5175474","Amari Whiting","Iowa Hawkeyes","2294","Transfer","stats","id","Oklahoma State Cowgirls",NA,3,NA,20.58,24.56,3.48,3.07,6.55,NA
"fr_2294_mckennawoliczko","fr_2294_mckennawoliczko","McKenna Woliczko","Iowa Hawkeyes","2294","Top-100 recruit","newcomer","none","Archbishop Mitty","Fr.",0,7,17.78,21.22,5.1,3.6,8.7,NA
"5311544","5311544","Journey Houston","Iowa Hawkeyes","2294","Returning","stats","id","Iowa Hawkeyes",NA,1,NA,15.83,18.89,5.66,4.27,9.92,NA
"5311701","5311701","Jocelyn Faison","Iowa Hawkeyes","2294","Transfer","stats","id","Georgia Lady Bulldogs",NA,1,NA,12.4,14.79,1.72,1.52,3.24,"No. 98 recruit in 2025; pedigree counts 44% (192 college min)"
"5311545","5311545","Layla Hays","Iowa Hawkeyes","2294","Returning","stats","id","Iowa Hawkeyes",NA,1,NA,11.5,13.73,1.84,2.34,4.18,"No. 71 recruit in 2025; pedigree counts 33% (307 college min)"
"fr_2294_briamedina","fr_2294_briamedina","Bria Medina","Iowa Hawkeyes","2294","Newcomer","newcomer","none","Salpointe Catholic","Sr.",0,NA,10.38,12.39,1.51,2.31,3.82,NA
"fr_2294_ellastromdahl","fr_2294_ellastromdahl","Ella Strömdahl","Iowa Hawkeyes","2294","Newcomer","newcomer","none","RIG Lulea Swedish Academy","Fr.",0,NA,9.94,11.86,1.51,2.31,3.82,NA
"5175488","5175488","Arianna Jackson","Iowa State Cyclones","66","Returning","stats","id","Iowa State Cyclones",NA,3,NA,27.05,32.28,2.73,0.92,3.64,NA
"5178496","5178496","Mya Babbitt","Iowa State Cyclones","66","Transfer","stats","id","Kent State Golden Flashes",NA,3,NA,22.08,26.35,3.37,0.49,3.87,NA
"5110060","5110060","Ashleigh Connor","Iowa State Cyclones","66","Transfer","stats","id","La Salle Explorers",NA,3,NA,20.87,24.9,4.11,1.41,5.52,NA
"5312789","5312789","Alex-Anne Bessette","Iowa State Cyclones","66","Transfer","stats","id","Loyola Chicago Ramblers",NA,1,NA,18.33,21.88,1.56,1.04,2.6,NA
"5311758","5311758","Sienna Harvey","Iowa State Cyclones","66","Transfer","stats","id","Washington Huskies",NA,1,NA,18.08,21.57,2.03,1.02,3.05,NA
"5311710","5311710","Emilija Dakic","Iowa State Cyclones","66","Transfer","stats","id","Florida Gators",NA,1,NA,16.15,19.28,2.58,0.67,3.25,NA
"5177952","5177952","Evangelia Paulk","Iowa State Cyclones","66","Returning","stats","id","Iowa State Cyclones",NA,3,NA,15.62,18.65,0.83,2.25,3.08,NA
"5311712","5311712","Gift Ezekiel","Iowa State Cyclones","66","Transfer","stats","id","Florida Gators",NA,3,NA,15,17.9,1.9,0.01,1.91,NA
"fr_66_macycomito","fr_66_macycomito","Macy Comito","Iowa State Cyclones","66","Newcomer","newcomer","none","Carlisle","Fr.",0,NA,10.62,12.67,1.82,0.61,2.43,NA
"fr_66_reggispotts","fr_66_reggispotts","Reggi Spotts","Iowa State Cyclones","66","Newcomer","newcomer","none","Mason City","Jr.",0,NA,10.21,12.18,1.82,0.61,2.43,NA
"fr_66_xiaozhang","fr_66_xiaozhang","Xiao Zhang","Iowa State Cyclones","66","Newcomer","newcomer","none","Xi'an Tie Yi","Sr.",0,NA,9.76,11.65,1.82,0.61,2.43,NA
"fr_66_tjasaturnsek","fr_66_tjasaturnsek","Tjaša Turnšek","Iowa State Cyclones","66","International (FIBA)","newcomer","none","Solski Center","Fr.",0,NA,9.3,11.1,0.96,0.57,1.53,NA
"5314956","5314956","Freya Jensen","Iowa State Cyclones","66","Returning","stats","id","Iowa State Cyclones",NA,1,NA,6.94,8.28,-1.74,-0.36,-2.1,NA
"5180434","5180434","Hailey Smith","IU Indianapolis Jaguars","85","Returning","stats","id","IU Indianapolis Jaguars",NA,3,NA,29.47,35.17,1.11,0.09,1.2,NA
"5180435","5180435","Olivia Smith","IU Indianapolis Jaguars","85","Returning","stats","id","IU Indianapolis Jaguars",NA,3,NA,26.97,32.19,-0.67,-0.75,-1.43,NA
"5241117","5241117","Destini Craig","IU Indianapolis Jaguars","85","Returning","stats","id","IU Indianapolis Jaguars",NA,2,NA,23.28,27.78,-0.9,-0.41,-1.31,NA
"5240207","5240207","Ariana Williams","IU Indianapolis Jaguars","85","Returning","stats","id","IU Indianapolis Jaguars",NA,2,NA,19.31,23.05,-2.2,0.35,-1.85,NA
"5240648","5240648","Kamara Mills","IU Indianapolis Jaguars","85","Returning","stats","id","IU Indianapolis Jaguars",NA,2,NA,17.54,20.93,0.28,-1.61,-1.33,NA
"5313038","5313038","E'Zaria Adams","IU Indianapolis Jaguars","85","Returning","stats","id","IU Indianapolis Jaguars",NA,3,NA,17.25,20.59,-1.06,-1.04,-2.1,NA
"5313040","5313040","Julia Hall","IU Indianapolis Jaguars","85","Returning","stats","id","IU Indianapolis Jaguars",NA,1,NA,15.48,18.48,-3,-1.2,-4.2,NA
"5242256","5242256","Reagan Sipla","IU Indianapolis Jaguars","85","Transfer","stats","id","Quinnipiac Bobcats",NA,2,NA,14.89,17.77,-0.61,-0.77,-1.38,NA
"5314785","5314785","Olivia Flynn","IU Indianapolis Jaguars","85","Transfer","stats","id","Western Michigan Broncos",NA,1,NA,13.28,15.84,-1.66,-0.85,-2.51,NA
"fr_85_swynnjackson","fr_85_swynnjackson","Swynn Jackson","IU Indianapolis Jaguars","85","Newcomer","newcomer","none","Northrop","Fr.",0,NA,12.81,15.29,-1.97,-0.95,-2.92,NA
"5177994","5177994","Kaylin Moorehead","IU Indianapolis Jaguars","85","Returning","stats","id","IU Indianapolis Jaguars",NA,2,NA,9.72,11.6,-2.49,-0.98,-3.47,NA
"5315814","5315814","Pierre-Noelle Tcheuhchoua","Jackson State Lady Tigers","2296","Returning","stats","id","Jackson State Lady Tigers",NA,1,NA,25.55,30.49,-0.61,-1.49,-2.1,NA
"5315811","5315811","Camryn O'Neil","Jackson State Lady Tigers","2296","Returning","stats","id","Jackson State Lady Tigers",NA,3,NA,20.83,24.86,-5.3,-1.88,-7.18,NA
"5243522","5243522","Taj Hunter","Jackson State Lady Tigers","2296","Transfer","stats","id","Western Carolina Catamounts",NA,2,NA,18.89,22.54,-3.38,-1.42,-4.8,NA
"5315820","5315820","Shamya Reid","Jackson State Lady Tigers","2296","Transfer","stats","id","Alabama State Lady Hornets",NA,3,NA,16.94,20.22,-2.14,-0.78,-2.92,NA
"5242516","5242516","Joi Johnson","Jackson State Lady Tigers","2296","Transfer","stats","id","Fairleigh Dickinson Knights",NA,2,NA,15.56,18.56,-0.59,-0.56,-1.15,NA
"5314873","5314873","Selina Gutierrez","Jackson State Lady Tigers","2296","Transfer","stats","id","Morgan State Lady Bears",NA,3,NA,14.31,17.07,-1,-1.95,-2.95,NA
"5315813","5315813","Laila Grant","Jackson State Lady Tigers","2296","Returning","stats","id","Jackson State Lady Tigers",NA,1,NA,13.25,15.82,-1.73,-1.2,-2.92,NA
"fr_2296_cassidygladney","fr_2296_cassidygladney","Cassidy Gladney","Jackson State Lady Tigers","2296","Newcomer","newcomer","none","Pensacola State","Jr.",0,NA,11.29,13.48,-3.03,-1.34,-4.37,NA
"fr_2296_justinetcheuhchoua","fr_2296_justinetcheuhchoua","Justine Tcheuhchoua","Jackson State Lady Tigers","2296","Newcomer","newcomer","none","Omaha North HS","Fr.",0,NA,10.66,12.72,-3.03,-1.34,-4.37,NA
"fr_2296_madisoneddings","fr_2296_madisoneddings","Madison Eddings","Jackson State Lady Tigers","2296","Newcomer","newcomer","none","Hazel Green HS","Fr.",0,NA,10.21,12.18,-3.03,-1.34,-4.37,NA
"fr_2296_nevaehbuntley","fr_2296_nevaehbuntley","Ne'Vaeh Buntley","Jackson State Lady Tigers","2296","Newcomer","newcomer","none","Daemen University","Jr.",0,NA,9.71,11.58,-3.03,-1.34,-4.37,NA
"fr_2296_rhiannabattles","fr_2296_rhiannabattles","Rhianna Battles","Jackson State Lady Tigers","2296","Newcomer","newcomer","none","Western California","Jr.",0,NA,9.35,11.15,-3.03,-1.34,-4.37,NA
"fr_2296_sierratuliau","fr_2296_sierratuliau","Sierra Tuliau","Jackson State Lady Tigers","2296","Newcomer","newcomer","none","Sacramento City College","Jr.",0,NA,8.68,10.36,-3.03,-1.34,-4.37,NA
"fr_2296_talerthornton","fr_2296_talerthornton","Taler Thornton","Jackson State Lady Tigers","2296","Newcomer","newcomer","none","Tyler Junior College","Jr.",0,NA,7.97,9.52,-3.03,-1.34,-4.37,NA
"fr_2296_valajahjackson","fr_2296_valajahjackson","Valajah Jackson","Jackson State Lady Tigers","2296","Newcomer","newcomer","none","Paris Junior College","Jr.",0,NA,6.81,8.13,-3.03,-1.34,-4.37,NA
"5315767","5315767","A'Yiana Flemings","Jacksonville Dolphins","294","Transfer","stats","id","McNeese Cowgirls",NA,2,NA,29.68,35.42,-1.52,-0.53,-2.04,NA
"5177820","5177820","Kelis Grant","Jacksonville Dolphins","294","Transfer","stats","id","Sam Houston Bearkats",NA,3,NA,25.65,30.61,-3.19,-0.75,-3.94,NA
"pad_294_1","pad_294_1","Unlisted roster spot","Jacksonville Dolphins","294","Unlisted spot","pad","pad",NA,NA,0,NA,21.98,26.23,-1.22,-0.01,-1.23,NA
"pad_294_2","pad_294_2","Unlisted roster spot","Jacksonville Dolphins","294","Unlisted spot","pad","pad",NA,NA,0,NA,19.89,23.74,-1.22,-0.01,-1.23,NA
"pad_294_4","pad_294_4","Unlisted roster spot","Jacksonville Dolphins","294","Unlisted spot","pad","pad",NA,NA,0,NA,19.72,23.54,-1.22,-0.01,-1.23,NA
"pad_294_5","pad_294_5","Unlisted roster spot","Jacksonville Dolphins","294","Unlisted spot","pad","pad",NA,NA,0,NA,18,21.49,-1.22,-0.01,-1.23,NA
"pad_294_3","pad_294_3","Unlisted roster spot","Jacksonville Dolphins","294","Unlisted spot","pad","pad",NA,NA,0,NA,17.87,21.33,-1.22,-0.01,-1.23,NA
"pad_294_6","pad_294_6","Unlisted roster spot","Jacksonville Dolphins","294","Unlisted spot","pad","pad",NA,NA,0,NA,16.53,19.73,-1.22,-0.01,-1.23,NA
"pad_294_7","pad_294_7","Unlisted roster spot","Jacksonville Dolphins","294","Unlisted spot","pad","pad",NA,NA,0,NA,15.65,18.68,-1.22,-0.01,-1.23,NA
"pad_294_8","pad_294_8","Unlisted roster spot","Jacksonville Dolphins","294","Unlisted spot","pad","pad",NA,NA,0,NA,15.01,17.92,-1.22,-0.01,-1.23,NA
"5239915","5239915","Kyera Thornsbury","Jacksonville State Gamecocks","55","Returning","stats","id","Jacksonville State Gamecocks",NA,2,NA,26.59,31.74,0.54,-0.69,-0.15,NA
"5312241","5312241","Mina Djurdjevic","Jacksonville State Gamecocks","55","Returning","stats","id","Jacksonville State Gamecocks",NA,1,NA,21.81,26.02,-1.85,-0.42,-2.27,NA
"fr_55_annaskog","fr_55_annaskog","Anna Skog","Jacksonville State Gamecocks","55","Newcomer","newcomer","none","IMG Academy","Fr.",0,NA,18.7,22.32,-1.64,-0.87,-2.51,NA
"fr_55_camdenward","fr_55_camdenward","Camden Ward","Jacksonville State Gamecocks","55","Newcomer","newcomer","none","UT Martin","So.",0,NA,16.91,20.18,-1.64,-0.87,-2.51,NA
"fr_55_gabbymorales","fr_55_gabbymorales","Gabby Morales","Jacksonville State Gamecocks","55","Newcomer","newcomer","none","Collin College","Jr.",0,NA,15.17,18.1,-1.64,-0.87,-2.51,NA
"fr_55_kamryncorporan","fr_55_kamryncorporan","Kamryn Corporan","Jacksonville State Gamecocks","55","Newcomer","newcomer","none","Northwest Florida State","Jr.",0,NA,14.38,17.16,-1.64,-0.87,-2.51,NA
"5196381","5196381","Rocio Jimenez","Jacksonville State Gamecocks","55","Transfer","stats","id","Mississippi State Bulldogs",NA,2,NA,13.87,16.55,-1.22,-0.63,-1.85,NA
"fr_55_kaynachnina","fr_55_kaynachnina","Kayna Chnina","Jacksonville State Gamecocks","55","Newcomer","newcomer","none",NA,"Fr.",0,NA,13.11,15.64,-1.64,-0.87,-2.51,NA
"5175724","5175724","Emily Monson","Jacksonville State Gamecocks","55","Transfer","stats","id","Middle Tennessee Blue Raiders",NA,3,NA,12.72,15.18,-1.86,-0.54,-2.4,NA
"5312746","5312746","Meja Hänsel","Jacksonville State Gamecocks","55","Transfer","stats","id","UCF Knights",NA,1,NA,12.48,14.9,-1.64,-0.71,-2.35,NA
"fr_55_lillianjackson","fr_55_lillianjackson","Lillian Jackson","Jacksonville State Gamecocks","55","Newcomer","newcomer","none","West Virginia State","Sr.",0,NA,12.02,14.34,-1.64,-0.87,-2.51,NA
"fr_55_nahiafernandez","fr_55_nahiafernandez","Nahia Fernandez","Jacksonville State Gamecocks","55","Newcomer","newcomer","none",NA,"Fr.",0,NA,11.36,13.56,-1.64,-0.87,-2.51,NA
"fr_55_solenejackson","fr_55_solenejackson","Solene Jackson","Jacksonville State Gamecocks","55","Newcomer","newcomer","none","Holy Cross Secondary","Fr.",0,NA,10.89,13,-1.64,-0.87,-2.51,NA
"5175694","5175694","Bree Robinson","James Madison Dukes","256","Returning","stats","id","James Madison Dukes",NA,3,NA,29.25,34.91,1.69,2.28,3.97,NA
"5174282","5174282","Zakiya Stephenson","James Madison Dukes","256","Returning","stats","id","James Madison Dukes",NA,3,NA,23.52,28.07,-2.05,2.04,-0.01,NA
"5240763","5240763","JaQuoia Jones-Brown","James Madison Dukes","256","Transfer","stats","id","Long Beach State Beach",NA,2,NA,20.25,24.17,3.95,0,3.95,NA
"5315128","5315128","Grace McDonough","James Madison Dukes","256","Returning","stats","id","James Madison Dukes",NA,1,NA,19.76,23.59,5.21,0.7,5.91,NA
"5315125","5315125","Delilah Soltys","James Madison Dukes","256","Returning","stats","id","James Madison Dukes",NA,1,NA,18,21.48,1.61,2.23,3.84,NA
"5175452","5175452","Trynce Taylor","James Madison Dukes","256","Transfer","stats","id","Kennesaw State Owls",NA,2,NA,15.05,17.97,0.49,1.27,1.76,NA
"5105726","5105726","Brianna McLeod","James Madison Dukes","256","Returning","stats","id","James Madison Dukes",NA,3,NA,14.48,17.28,0.34,1.74,2.08,NA
"fr_256_demigilliam","fr_256_demigilliam","Demi Gilliam","James Madison Dukes","256","Newcomer","newcomer","none","St. Paul VI","Fr.",0,NA,11.65,13.9,0.43,1.41,1.84,NA
"fr_256_kinleylewis","fr_256_kinleylewis","Kinley Lewis","James Madison Dukes","256","Newcomer","newcomer","none","Billy Ryan","Fr.",0,NA,11.05,13.19,0.43,1.41,1.84,NA
"fr_256_maddieleach","fr_256_maddieleach","Maddie Leach","James Madison Dukes","256","Newcomer","newcomer","none","Menchville","Fr.",0,NA,10.62,12.68,0.43,1.41,1.84,NA
"fr_256_reaganedsell","fr_256_reaganedsell","Reagan Edsell","James Madison Dukes","256","Newcomer","newcomer","none","John Handley","Fr.",0,NA,10.15,12.12,0.43,1.41,1.84,NA
"fr_256_trinitymoore","fr_256_trinitymoore","Trinity Moore","James Madison Dukes","256","Newcomer","newcomer","none","Jones (Previous: Stephen F. Austin)","6th Yr.",0,NA,9.81,11.71,0.43,1.41,1.84,NA
"5315126","5315126","Jemma Eleby","James Madison Dukes","256","Returning","stats","id","James Madison Dukes",NA,1,NA,6.4,7.63,-2.7,0.37,-2.34,NA
"5178434","5178434","Elauni Bennett","Kansas City Roos","140","Returning","stats","id","Kansas City Roos",NA,3,NA,27.52,32.84,6.42,-1.59,4.83,NA
"5178432","5178432","Emani Bennett","Kansas City Roos","140","Returning","stats","id","Kansas City Roos",NA,3,NA,24.83,29.63,-0.1,-1.87,-1.96,NA
"5242660","5242660","Chrishawn Coleman","Kansas City Roos","140","Transfer","stats","id","Cal State Bakersfield Roadrunners",NA,2,NA,18.42,21.99,1.04,-0.8,0.24,NA
"5178394","5178394","Alyssa Nielsen","Kansas City Roos","140","Transfer","stats","id","Lindenwood Lions",NA,3,NA,17.03,20.32,-1.52,-1.88,-3.41,NA
"5177774","5177774","Micaela Carter","Kansas City Roos","140","Transfer","stats","id","Hofstra Pride",NA,3,NA,16.64,19.86,-1.58,-1.34,-2.92,NA
"5315533","5315533","Remi-Hope Drantmann","Kansas City Roos","140","Transfer","stats","id","Mercer Bears",NA,1,NA,13.65,16.29,-1.49,-0.42,-1.91,NA
"5315156","5315156","Josie Megehee","Kansas City Roos","140","Newcomer","stats","none","Tulsa Golden Hurricane",NA,1,NA,11.31,13.5,-1.83,-1.8,-3.63,NA
"fr_140_averymarchino","fr_140_averymarchino","Avery Marchino","Kansas City Roos","140","Newcomer","newcomer","none","Bethany High School/Seward County CC","Jr.",0,NA,10.36,12.36,-1.83,-1.8,-3.63,NA
"fr_140_averystricklandhurst","fr_140_averystricklandhurst","Avery Strickland Hurst","Kansas City Roos","140","Newcomer","newcomer","none","Farragut HS/Pittsburgh/Tennessee/Belmont","5th",0,NA,9.79,11.68,-1.83,-1.8,-3.63,NA
"fr_140_jaylalewis","fr_140_jaylalewis","Jayla Lewis","Kansas City Roos","140","Newcomer","newcomer","none","Somerset Academy","Fr.",0,NA,9.37,11.19,-1.83,-1.8,-3.63,NA
"fr_140_kimorafagan","fr_140_kimorafagan","Kimora Fagan","Kansas City Roos","140","Newcomer","newcomer","none","Edinburg High School/Seward County CC","R-So.",0,NA,8.92,10.65,-1.83,-1.8,-3.63,NA
"fr_140_liliszabo","fr_140_liliszabo","Lili Szabo","Kansas City Roos","140","Newcomer","newcomer","none","Life Prep Academy","Fr.",0,NA,8.59,10.26,-1.83,-1.8,-3.63,NA
"5314686","5314686","Bella Edwards","Kansas City Roos","140","Transfer","stats","id","Oral Roberts Golden Eagles",NA,1,NA,8.41,10.03,1,-1.22,-0.23,NA
"fr_140_talasiathomas","fr_140_talasiathomas","Talasia Thomas","Kansas City Roos","140","Newcomer","newcomer","none","Callaway High School/Chattahoochee Valley CC","Jr.",0,NA,7.99,9.54,-1.83,-1.8,-3.63,NA
"fr_140_shilohkalenga","fr_140_shilohkalenga","Shiloh Kalenga","Kansas City Roos","140","International (FIBA)","newcomer","none","Alvik Basket Stockholm","Fr.",0,NA,7.18,8.57,-2.82,-1.92,-4.75,NA
"5312764","5312764","Jaliya Davis","Kansas Jayhawks","2305","Returning","stats","id","Kansas Jayhawks",NA,1,NA,26.18,31.24,11.27,0.93,12.2,NA
"5175749","5175749","S'Mya Nichols","Kansas Jayhawks","2305","Returning","stats","id","Kansas Jayhawks",NA,3,NA,25.72,30.69,11.49,1.45,12.95,NA
"5239467","5239467","Regan Williams","Kansas Jayhawks","2305","Returning","stats","id","Kansas Jayhawks",NA,2,NA,21.71,25.91,2.49,1.43,3.92,NA
"5174281","5174281","Mariyah Noel","Kansas Jayhawks","2305","Transfer","stats","id","Xavier Musketeers",NA,3,NA,17.89,21.35,1.35,1.89,3.24,NA
"5312762","5312762","Libby Fandel","Kansas Jayhawks","2305","Returning","stats","id","Kansas Jayhawks",NA,1,NA,16.14,19.27,-0.23,1.52,1.3,NA
"fr_2305_cydneebryant","fr_2305_cydneebryant","Cydnee Bryant","Kansas Jayhawks","2305","Top-100 recruit","newcomer","none","Centennial HS","Fr.",0,23,16.13,19.25,2.84,1.58,4.42,NA
"5313647","5313647","Erianna Gooden","Kansas Jayhawks","2305","Transfer","stats","id","Colorado Buffaloes",NA,1,NA,15.16,18.1,0.15,1.94,2.09,NA
"5178396","5178396","Mykayla Cunningham","Kansas Jayhawks","2305","Transfer","stats","id","Southern Jaguars",NA,3,NA,13.34,15.92,-1.77,0.5,-1.27,NA
"fr_2305_brooklynnrenn","fr_2305_brooklynnrenn","Brooklynn Renn","Kansas Jayhawks","2305","Top-100 recruit","newcomer","none","Silver Creek HS","Fr.",0,73,12.49,14.9,1.56,1.14,2.71,NA
"5106181","5106181","Brittany Harshaw","Kansas Jayhawks","2305","Returning","stats","id","Kansas Jayhawks",NA,3,NA,10.25,12.23,0.18,1.04,1.22,NA
"fr_2305_annagooden","fr_2305_annagooden","Anna Gooden","Kansas Jayhawks","2305","Newcomer","newcomer","none","Northside HS / Colorado","So.",0,NA,9.04,10.79,0.56,0.75,1.31,NA
"fr_2305_mollieernstes","fr_2305_mollieernstes","Mollie Ernstes","Kansas Jayhawks","2305","Newcomer","newcomer","none","Jennings County HS","Fr.",0,NA,8.73,10.42,0.56,0.75,1.31,NA
"5312763","5312763","Tatyonna Brown","Kansas Jayhawks","2305","Returning","stats","id","Kansas Jayhawks",NA,1,NA,7.21,8.61,0.49,0.69,1.18,NA
"5175751","5175751","Taryn Sides","Kansas State Wildcats","2306","Returning","stats","id","Kansas State Wildcats",NA,3,NA,30.14,35.97,5.21,2.52,7.73,NA
"5312754","5312754","Nastja Claessens","Kansas State Wildcats","2306","Returning","stats","id","Kansas State Wildcats",NA,3,NA,27.25,32.53,4.12,1.23,5.35,NA
"5312756","5312756","Gina Garcia","Kansas State Wildcats","2306","Returning","stats","id","Kansas State Wildcats",NA,1,NA,24.7,29.48,1.47,1.22,2.69,NA
"5312753","5312753","Brandie Harrod","Kansas State Wildcats","2306","Returning","stats","id","Kansas State Wildcats",NA,1,NA,19.79,23.61,3.26,2.41,5.67,NA
"5311698","5311698","Tea Cleante","Kansas State Wildcats","2306","Transfer","stats","id","Penn State Lady Lions",NA,1,NA,18.95,22.61,2.04,-0.24,1.8,NA
"5238321","5238321","Ramiya White","Kansas State Wildcats","2306","Returning","stats","id","Kansas State Wildcats",NA,2,NA,13.65,16.29,-1.65,0.52,-1.13,NA
"fr_2306_cristinaosazuwa","fr_2306_cristinaosazuwa","Cristina Osazuwa","Kansas State Wildcats","2306","International (FIBA)","newcomer","none",NA,"Fr.",0,NA,13.33,15.9,0.05,1.2,1.24,NA
"fr_2306_sagehenry","fr_2306_sagehenry","Sage Henry","Kansas State Wildcats","2306","Newcomer","newcomer","none","Hamilton HS","Fr.",0,NA,12.26,14.63,0.35,0.82,1.17,NA
"fr_2306_tzoanatampakou","fr_2306_tzoanatampakou","Tzoana Tampakou","Kansas State Wildcats","2306","Newcomer","newcomer","none",NA,"Fr.",0,NA,11.63,13.87,0.35,0.82,1.17,NA
"fr_2306_shailande","fr_2306_shailande","Shaila Nde","Kansas State Wildcats","2306","International (FIBA)","newcomer","none","Segle XXI","Fr.",0,NA,11.16,13.32,-0.02,1.15,1.14,NA
"5329951","5329951","Ivona Scekic","Kansas State Wildcats","2306","Returning","stats","id","Kansas State Wildcats",NA,1,NA,9.6,11.46,0.69,0.04,0.74,NA
"5106157","5106157","Mikayla Parks","Kansas State Wildcats","2306","Returning","stats","id","Kansas State Wildcats",NA,2,NA,7.56,9.02,-2.45,-0.29,-2.73,NA
"5240602","5240602","Kaelyn Flowers","Kennesaw State Owls","338","Returning","stats","id","Kennesaw State Owls",NA,2,NA,26.7,31.87,-2.94,0.03,-2.91,NA
"5241118","5241118","Shania Nichols","Kennesaw State Owls","338","Returning","stats","id","Kennesaw State Owls",NA,3,NA,24.41,29.13,-0.03,-0.37,-0.41,NA
"5243519","5243519","Toni Warren","Kennesaw State Owls","338","Transfer","stats","id","Wofford Terriers",NA,2,NA,19.38,23.13,-1.94,-0.66,-2.59,NA
"5312246","5312246","Madyson Elliott","Kennesaw State Owls","338","Returning","stats","id","Kennesaw State Owls",NA,1,NA,17.5,20.89,-3.51,-0.74,-4.25,NA
"5240951","5240951","Riley Talbert","Kennesaw State Owls","338","Transfer","stats","id","UAB Blazers",NA,2,NA,15.28,18.23,-0.88,-0.02,-0.9,NA
"4898426","4898426","Tracey Bershers","Kennesaw State Owls","338","Transfer","stats","id","Minnesota Golden Gophers",NA,4,NA,14.23,16.98,-0.89,-1.3,-2.19,NA
"5314979","5314979","Kayla Sullivan","Kennesaw State Owls","338","Transfer","stats","id","Valparaiso Beacons",NA,3,NA,13.06,15.59,-3.77,-1.17,-4.93,NA
"5240915","5240915","Emaya Lewis","Kennesaw State Owls","338","Returning","stats","id","Kennesaw State Owls",NA,2,NA,11.05,13.19,-3.08,0.15,-2.93,NA
"fr_338_arissajenkins","fr_338_arissajenkins","Arissa Jenkins","Kennesaw State Owls","338","Newcomer","newcomer","none","Shelton State","Jr.",0,NA,11.03,13.17,-2.49,-0.3,-2.79,NA
"fr_338_cameronwade","fr_338_cameronwade","Cameron Wade","Kennesaw State Owls","338","Newcomer","newcomer","none","Augusta","So.",0,NA,10.43,12.45,-2.49,-0.3,-2.79,NA
"fr_338_lamarahcleaves","fr_338_lamarahcleaves","Lamarah Cleaves","Kennesaw State Owls","338","Newcomer","newcomer","none","Jones College","Jr.",0,NA,10,11.93,-2.49,-0.3,-2.79,NA
"fr_338_nyjaemalikaliel","fr_338_nyjaemalikaliel","Nyjae Malikali-El","Kennesaw State Owls","338","Newcomer","newcomer","none","Pikesville High School","Fr.",0,NA,9.52,11.36,-2.49,-0.3,-2.79,NA
"fr_338_ulianakolesnyk","fr_338_ulianakolesnyk","Uliana Kolesnyk","Kennesaw State Owls","338","International (FIBA)","newcomer","none","TS Jahn München","Fr.",0,NA,8.86,10.58,-3.95,-0.77,-4.73,NA
"5315615","5315615","Camryn Register","Kennesaw State Owls","338","Transfer","stats","id","Samford Bulldogs",NA,1,NA,8.55,10.21,-2.47,-0.59,-3.06,NA
"5174346","5174346","Riley Rismiller","Kent State Golden Flashes","2309","Returning","stats","id","Kent State Golden Flashes",NA,3,NA,29.54,35.26,0.21,-0.13,0.07,NA
"5178497","5178497","Janae Tyler","Kent State Golden Flashes","2309","Returning","stats","id","Kent State Golden Flashes",NA,3,NA,27.21,32.48,3.69,-1.13,2.56,NA
"5109059","5109059","Corynne Hauser","Kent State Golden Flashes","2309","Returning","stats","id","Kent State Golden Flashes",NA,4,NA,23.92,28.55,0.17,-0.24,-0.07,NA
"5240229","5240229","Emory Klatt","Kent State Golden Flashes","2309","Returning","stats","id","Kent State Golden Flashes",NA,2,NA,21.46,25.61,5.71,0.63,6.35,NA
"5313746","5313746","Anna Campanelli","Kent State Golden Flashes","2309","Returning","stats","id","Kent State Golden Flashes",NA,1,NA,19.66,23.46,1.49,-0.39,1.1,NA
"5242169","5242169","Journey Hildebrand","Kent State Golden Flashes","2309","Returning","stats","id","Kent State Golden Flashes",NA,2,NA,19.09,22.78,-0.78,-0.34,-1.12,NA
"5243546","5243546","Talia Harris","Kent State Golden Flashes","2309","Transfer","stats","id","Mercer Bears",NA,2,NA,16.81,20.06,-2.35,-1.09,-3.44,NA
"5313118","5313118","Dania McClain","Kent State Golden Flashes","2309","Transfer","stats","id","Robert Morris Colonials",NA,1,NA,15.92,19.01,-1.05,0.16,-0.89,NA
"5313744","5313744","Caitlyn Holmes","Kent State Golden Flashes","2309","Returning","stats","id","Kent State Golden Flashes",NA,1,NA,14.16,16.9,-1.78,-0.1,-1.88,NA
"pad_2309_1","pad_2309_1","Unlisted roster spot","Kent State Golden Flashes","2309","Unlisted spot","pad","pad",NA,NA,0,NA,12.22,14.58,-4.74,-1.65,-6.39,NA
"5174442","5174442","Clara Strack","Kentucky Wildcats","96","Returning","stats","id","Kentucky Wildcats",NA,3,NA,30.11,35.94,8.13,5.91,14.04,NA
"5177067","5177067","Asia Boone","Kentucky Wildcats","96","Returning","stats","id","Kentucky Wildcats",NA,3,NA,26.57,31.71,5.14,2.47,7.62,NA
"5239070","5239070","Me'Arah O'Neal","Kentucky Wildcats","96","Transfer","stats","id","Florida Gators",NA,2,NA,24.81,29.6,9.46,4.3,13.76,NA
"5175717","5175717","Diana Collins","Kentucky Wildcats","96","Transfer","stats","id","Alabama Crimson Tide",NA,3,NA,22.72,27.12,3.25,2.3,5.55,NA
"5106203","5106203","Ayanna Patterson","Kentucky Wildcats","96","Transfer","stats","id","UConn Huskies",NA,2,NA,18.72,22.35,3.34,1.61,4.95,NA
"fr_96_maddyngreenway","fr_96_maddyngreenway","Maddyn Greenway","Kentucky Wildcats","96","Top-100 recruit","newcomer","none","Providence Academy","Freshman",0,14,15.62,18.65,4.67,3.32,7.99,NA
"fr_96_savvyswords","fr_96_savvyswords","Savvy Swords","Kentucky Wildcats","96","Top-100 recruit","newcomer","none","Long Island Lutheran","Freshman",0,20,14.6,17.43,4.27,3.18,7.45,NA
"rec_96_emilymcdonald","rec_96_emilymcdonald","Emily McDonald","Kentucky Wildcats","96","Top-100 recruit","newcomer","recruit","Top-100 recruit (added)","Fr.",0,21,14.43,17.22,4.22,3.16,7.38,NA
"fr_96_ajsasivka","fr_96_ajsasivka","Ajsa Sivka","Kentucky Wildcats","96","International (FIBA)","newcomer","none",NA,"TBD",0,NA,12.04,14.36,1.52,2.67,4.19,NA
"5241017","5241017","Jemma Amoore","Kentucky Wildcats","96","Transfer","stats","id","IU Indianapolis Jaguars",NA,2,NA,11.77,14.04,-1.58,0.53,-1.04,NA
"5174437","5174437","Gabby Brooks","Kentucky Wildcats","96","Returning","stats","id","Kentucky Wildcats",NA,3,NA,8.6,10.26,-0.64,0.29,-0.35,NA
"5240363","5240363","Joan Quinn","La Salle Explorers","2325","Returning","stats","id","La Salle Explorers",NA,2,NA,28.57,34.1,1.36,0.4,1.75,NA
"5238306","5238306","Kiara Williams","La Salle Explorers","2325","Returning","stats","id","La Salle Explorers",NA,1,NA,24.21,28.89,1.61,-0.04,1.57,NA
"5240357","5240357","Lauren Patnode","La Salle Explorers","2325","Returning","stats","id","La Salle Explorers",NA,1,NA,21.31,25.43,-2.13,0,-2.13,NA
"5312784","5312784","Amiya Moses","La Salle Explorers","2325","Returning","stats","id","La Salle Explorers",NA,1,NA,17.46,20.84,-1.68,0.21,-1.47,NA
"fr_2325_emiliacoleman","fr_2325_emiliacoleman","Emilia Coleman","La Salle Explorers","2325","Newcomer","newcomer","none","Upper Dublin","Fr.",0,NA,15.07,17.98,-1.42,-0.01,-1.43,NA
"fr_2325_hassanaamadu","fr_2325_hassanaamadu","Hassana Amadu","La Salle Explorers","2325","Newcomer","newcomer","none","Casper College","Jr.",0,NA,14.04,16.76,-1.42,-0.01,-1.43,NA
"fr_2325_olliostoni","fr_2325_olliostoni","Olli Ostoni","La Salle Explorers","2325","Newcomer","newcomer","none",NA,"Fr.",0,NA,12.82,15.29,-1.42,-0.01,-1.43,NA
"fr_2325_sophihutchison","fr_2325_sophihutchison","Sophi Hutchison","La Salle Explorers","2325","Newcomer","newcomer","none","Spring Valley","Fr.",0,NA,11.77,14.04,-1.42,-0.01,-1.43,NA
"fr_2325_tianathompson","fr_2325_tianathompson","Tiana Thompson","La Salle Explorers","2325","Newcomer","newcomer","none","St. Mary's","Fr.",0,NA,11.14,13.29,-1.42,-0.01,-1.43,NA
"fr_2325_zynayehenry","fr_2325_zynayehenry","Zynaye Henry","La Salle Explorers","2325","Newcomer","newcomer","none","Addison School","Fr.",0,NA,10.68,12.75,-1.42,-0.01,-1.43,NA
"fr_2325_ioannasamanta","fr_2325_ioannasamanta","Ioanna Samanta","La Salle Explorers","2325","International (FIBA)","newcomer","none",NA,"Fr.",0,NA,9.91,11.82,-2.72,-0.36,-3.08,NA
"5312788","5312788","Ava Hoy","La Salle Explorers","2325","Returning","stats","id","La Salle Explorers",NA,1,NA,7.02,8.37,-3.88,-0.59,-4.47,NA
"5312783","5312783","Jana Mbambo Njoya","La Salle Explorers","2325","Returning","stats","id","La Salle Explorers",NA,1,NA,6.54,7.8,-1.95,-0.73,-2.68,NA
"5312787","5312787","Charity Sawyer","La Salle Explorers","2325","Returning","stats","id","La Salle Explorers",NA,1,NA,5.47,6.53,-1.78,-0.84,-2.62,NA
"5312785","5312785","India Webb","La Salle Explorers","2325","Returning","stats","id","La Salle Explorers",NA,1,NA,4,4.78,-2.93,-0.58,-3.51,NA
"5178544","5178544","Teresa Kiewiet","Lafayette Leopards","322","Returning","stats","id","Lafayette Leopards",NA,3,NA,27.96,33.37,3.62,-1.06,2.56,NA
"5242753","5242753","Talia Zurinskas","Lafayette Leopards","322","Returning","stats","id","Lafayette Leopards",NA,2,NA,24.55,29.29,-2.09,-3.05,-5.14,NA
"5315322","5315322","Haylie Adamski","Lafayette Leopards","322","Returning","stats","id","Lafayette Leopards",NA,1,NA,22.41,26.75,1.63,-1.41,0.22,NA
"5315323","5315323","Maddison Krug","Lafayette Leopards","322","Returning","stats","id","Lafayette Leopards",NA,1,NA,19.51,23.28,-1.35,0.14,-1.21,NA
"5178542","5178542","Tasha Chudy","Lafayette Leopards","322","Returning","stats","id","Lafayette Leopards",NA,3,NA,16.8,20.05,-3.5,-2.16,-5.66,NA
"5176902","5176902","Rosie Scognamiglio","Lafayette Leopards","322","Returning","stats","id","Lafayette Leopards",NA,3,NA,14.13,16.86,-3.24,-1.66,-4.9,NA
"5315321","5315321","Haley Poser","Lafayette Leopards","322","Returning","stats","id","Lafayette Leopards",NA,1,NA,11.63,13.88,-4.29,-1.69,-5.98,NA
"5315324","5315324","Emma Heaney","Lafayette Leopards","322","Returning","stats","id","Lafayette Leopards",NA,1,NA,10.51,12.54,0.02,-0.67,-0.65,NA
"fr_322_carleyvoce","fr_322_carleyvoce","Carley Voce","Lafayette Leopards","322","Newcomer","newcomer","none","Clarkstown South","Fr.",0,NA,9.39,11.2,-2.05,-1.57,-3.62,NA
"fr_322_joharihall","fr_322_joharihall","Johari Hall","Lafayette Leopards","322","Newcomer","newcomer","none","Edmond North","Fr.",0,NA,8.99,10.73,-2.05,-1.57,-3.62,NA
"fr_322_neyiapickering","fr_322_neyiapickering","Neyia Pickering","Lafayette Leopards","322","Newcomer","newcomer","none","Elizabeth Seton","Fr.",0,NA,8.56,10.21,-2.05,-1.57,-3.62,NA
"fr_322_sophiabrooks","fr_322_sophiabrooks","Sophia Brooks","Lafayette Leopards","322","Newcomer","newcomer","none","Bullis School","Fr.",0,NA,8.24,9.84,-2.05,-1.57,-3.62,NA
"5178545","5178545","Brynn Beffert","Lafayette Leopards","322","Returning","stats","id","Lafayette Leopards",NA,3,NA,7,8.35,-2.24,-1.37,-3.61,NA
"5315325","5315325","Sofia Valente","Lafayette Leopards","322","Returning","stats","id","Lafayette Leopards",NA,1,NA,5.55,6.62,-2.1,-1.94,-4.04,NA
"5242754","5242754","Jordyn Mays","Lafayette Leopards","322","Returning","stats","id","Lafayette Leopards",NA,2,NA,4.78,5.7,-1.98,-1.07,-3.05,NA
"5243227","5243227","Kamryn Wilson","Lamar Cardinals","2320","Returning","stats","id","Lamar Cardinals",NA,2,NA,26.07,31.12,0.09,0.5,0.59,NA
"5177966","5177966","Jacei Denley","Lamar Cardinals","2320","Returning","stats","id","Lamar Cardinals",NA,3,NA,24.22,28.91,0.5,0.38,0.88,NA
"5315773","5315773","Shaila Forman","Lamar Cardinals","2320","Returning","stats","id","Lamar Cardinals",NA,1,NA,21.91,26.15,0.15,0.39,0.55,NA
"5315770","5315770","Solenne Olenga","Lamar Cardinals","2320","Returning","stats","id","Lamar Cardinals",NA,3,NA,18.7,22.32,3.14,0.65,3.79,NA
"5240947","5240947","Kennedi Alexander","Lamar Cardinals","2320","Transfer","stats","id","Memphis Tigers",NA,2,NA,15.86,18.93,-1.2,1.52,0.32,NA
"5315771","5315771","Molly Powell","Lamar Cardinals","2320","Returning","stats","id","Lamar Cardinals",NA,2,NA,13.3,15.87,-2.92,-0.68,-3.6,NA
"5240945","5240945","Brooklyn Alexander","Lamar Cardinals","2320","Transfer","stats","id","Memphis Tigers",NA,2,NA,12.85,15.34,-0.4,0.59,0.19,NA
"fr_2320_eniyahholmes","fr_2320_eniyahholmes","E'Niyah Holmes","Lamar Cardinals","2320","Newcomer","newcomer","none","Muskogee HS","Fr.",0,NA,9.65,11.52,-1.64,-0.24,-1.87,NA
"5315768","5315768","Keyiona McDaniel","Lamar Cardinals","2320","Returning","stats","id","Lamar Cardinals",NA,1,NA,9.32,11.12,-3.48,-0.32,-3.8,NA
"fr_2320_jadagraves","fr_2320_jadagraves","Jada Graves","Lamar Cardinals","2320","Newcomer","newcomer","none","New Mexico JC","Jr.",0,NA,9.25,11.04,-1.64,-0.24,-1.87,NA
"fr_2320_jordanpete","fr_2320_jordanpete","Jordan Pete","Lamar Cardinals","2320","Newcomer","newcomer","none","Sotomayor HS","Fr.",0,NA,8.82,10.52,-1.64,-0.24,-1.87,NA
"fr_2320_kiahgoynes","fr_2320_kiahgoynes","Kiah Goynes","Lamar Cardinals","2320","Newcomer","newcomer","none","Hill College","Jr.",0,NA,8.5,10.15,-1.64,-0.24,-1.87,NA
"fr_2320_kyndallroberts","fr_2320_kyndallroberts","Kyndall Roberts","Lamar Cardinals","2320","Newcomer","newcomer","none","C.E King HS","Fr.",0,NA,7.93,9.46,-1.64,-0.24,-1.87,NA
"fr_2320_larissahubbard","fr_2320_larissahubbard","Larissa Hubbard","Lamar Cardinals","2320","Newcomer","newcomer","none","Jones College","Jr.",0,NA,7.31,8.72,-1.64,-0.24,-1.87,NA
"fr_2320_tesanigreen","fr_2320_tesanigreen","Te'Sani Green","Lamar Cardinals","2320","Newcomer","newcomer","none","Kilgore College","Jr.",0,NA,6.3,7.52,-1.64,-0.24,-1.87,NA
"5242519","5242519","Eli Clark","Le Moyne Dolphins","2330","Returning","stats","id","Le Moyne Dolphins",NA,2,NA,28.82,34.39,-3.4,-3.82,-7.22,NA
"5315151","5315151","Ashley Buragas","Le Moyne Dolphins","2330","Returning","stats","id","Le Moyne Dolphins",NA,3,NA,27.02,32.24,2.67,-2.27,0.4,NA
"5178191","5178191","Jessica Wangolo","Le Moyne Dolphins","2330","Returning","stats","id","Le Moyne Dolphins",NA,3,NA,23.59,28.15,-3.41,-2.99,-6.4,NA
"5315150","5315150","Kayden Clark","Le Moyne Dolphins","2330","Returning","stats","id","Le Moyne Dolphins",NA,1,NA,21.32,25.44,-2.37,-2.87,-5.24,NA
"5315144","5315144","Peyton Dincher","Le Moyne Dolphins","2330","Returning","stats","id","Le Moyne Dolphins",NA,1,NA,18.3,21.83,0.08,-2.87,-2.79,NA
"5178226","5178226","Sydney Postell","Le Moyne Dolphins","2330","Returning","stats","id","Le Moyne Dolphins",NA,3,NA,17.51,20.89,-3.27,-2.91,-6.18,NA
"5315148","5315148","Praise Matthews","Le Moyne Dolphins","2330","Returning","stats","id","Le Moyne Dolphins",NA,1,NA,12.48,14.89,-4.47,-2.25,-6.72,NA
"fr_2330_avabluhm","fr_2330_avabluhm","Ava Bluhm","Le Moyne Dolphins","2330","Newcomer","newcomer","none",NA,"Freshman",0,NA,11.66,13.91,-3.17,-2.78,-5.95,NA
"fr_2330_giannanichols","fr_2330_giannanichols","Gianna Nichols","Le Moyne Dolphins","2330","Newcomer","newcomer","none",NA,"Freshman",0,NA,11.15,13.3,-3.17,-2.78,-5.95,NA
"5315147","5315147","Rachel Lynch","Le Moyne Dolphins","2330","Returning","stats","id","Le Moyne Dolphins",NA,1,NA,10.64,12.7,-5.5,-3.23,-8.73,NA
"5315146","5315146","Ava Johnson","Le Moyne Dolphins","2330","Returning","stats","id","Le Moyne Dolphins",NA,1,NA,8.93,10.66,-6.17,-2.29,-8.46,NA
"5315145","5315145","Sophia Bonnell","Le Moyne Dolphins","2330","Returning","stats","id","Le Moyne Dolphins",NA,2,NA,8.6,10.27,-4.57,-2.37,-6.95,NA
"5178555","5178555","Gracyn Lovette","Lehigh Mountain Hawks","2329","Returning","stats","id","Lehigh Mountain Hawks",NA,3,NA,28.62,34.15,-0.29,-0.73,-1.01,NA
"5178554","5178554","Jessie Ozzauto","Lehigh Mountain Hawks","2329","Returning","stats","id","Lehigh Mountain Hawks",NA,3,NA,26.49,31.62,0.95,-1.43,-0.48,NA
"5315336","5315336","Leia Edwards","Lehigh Mountain Hawks","2329","Returning","stats","id","Lehigh Mountain Hawks",NA,1,NA,24.55,29.3,5.17,0.15,5.33,NA
"5242757","5242757","Belle Bramer","Lehigh Mountain Hawks","2329","Returning","stats","id","Lehigh Mountain Hawks",NA,2,NA,22.38,26.71,6.66,-0.69,5.97,NA
"5178556","5178556","Whitney Lind","Lehigh Mountain Hawks","2329","Returning","stats","id","Lehigh Mountain Hawks",NA,3,NA,20.34,24.28,1.73,-1.36,0.37,NA
"5315334","5315334","Alana Reddy","Lehigh Mountain Hawks","2329","Returning","stats","id","Lehigh Mountain Hawks",NA,1,NA,17.4,20.76,-0.92,-1.39,-2.31,NA
"5315337","5315337","Ellie Mjaanes","Lehigh Mountain Hawks","2329","Returning","stats","id","Lehigh Mountain Hawks",NA,1,NA,13.4,16,-1.36,-1.8,-3.17,NA
"fr_2329_miawashington","fr_2329_miawashington","Mia Washington","Lehigh Mountain Hawks","2329","Newcomer","newcomer","none","Pope John High School","Fr.",0,NA,10.07,12.02,-0.72,-1.49,-2.21,NA
"fr_2329_oliviafleming","fr_2329_oliviafleming","Olivia Fleming","Lehigh Mountain Hawks","2329","Newcomer","newcomer","none","Northfield Mount Hermon","Fr.",0,NA,9.66,11.53,-0.72,-1.49,-2.21,NA
"fr_2329_oliviajohnston","fr_2329_oliviajohnston","Olivia Johnston","Lehigh Mountain Hawks","2329","Newcomer","newcomer","none","Mater Maria Catholic College","Fr.",0,NA,9.2,10.98,-0.72,-1.49,-2.21,NA
"5315335","5315335","Myrto Lianoudi","Lehigh Mountain Hawks","2329","Returning","stats","id","Lehigh Mountain Hawks",NA,1,NA,9.01,10.75,-4.35,-1.69,-6.04,NA
"fr_2329_ryannjennings","fr_2329_ryannjennings","Ryann Jennings","Lehigh Mountain Hawks","2329","Newcomer","newcomer","none","Conestoga High School","Fr.",0,NA,8.87,10.59,-0.72,-1.49,-2.21,NA
"5239909","5239909","Emmy Stout","Liberty Flames","2335","Returning","stats","id","Liberty Flames",NA,2,NA,25.95,30.97,7.07,-0.46,6.61,NA
"5177070","5177070","Elisabeth Aegisdottir","Liberty Flames","2335","Returning","stats","id","Liberty Flames",NA,3,NA,23.71,28.3,-4.06,-0.54,-4.6,NA
"5239907","5239907","Ify Nwaobi","Liberty Flames","2335","Returning","stats","id","Liberty Flames",NA,1,NA,22.42,26.76,1.91,1.96,3.87,NA
"5177064","5177064","Claudia Acin","Liberty Flames","2335","Returning","stats","id","Liberty Flames",NA,3,NA,19.96,23.82,1.05,-0.36,0.69,NA
"5174338","5174338","JaKayla Thompson","Liberty Flames","2335","Returning","stats","id","Liberty Flames",NA,3,NA,17.85,21.3,0.07,0.59,0.66,NA
"5241154","5241154","Sophia Gregory","Liberty Flames","2335","Transfer","stats","id","Youngstown State Penguins",NA,2,NA,14.69,17.54,2.46,2.43,4.89,NA
"5312916","5312916","Emma Leon","Liberty Flames","2335","Returning","stats","id","Liberty Flames",NA,1,NA,12,14.32,-2.02,-0.13,-2.15,NA
"5312918","5312918","Lynn Peters","Liberty Flames","2335","Returning","stats","id","Liberty Flames",NA,1,NA,10.2,12.18,-0.12,-1.54,-1.65,NA
"fr_2335_amariworsham","fr_2335_amariworsham","Amari Worsham","Liberty Flames","2335","Newcomer","newcomer","none","William Fleming HS","Fr.",0,NA,9.32,11.12,-0.73,-0.42,-1.15,NA
"fr_2335_kendylsmith","fr_2335_kendylsmith","Kendyl Smith","Liberty Flames","2335","Newcomer","newcomer","none","Flint Powers Catholic HS","Fr.",0,NA,8.94,10.67,-0.73,-0.42,-1.15,NA
"fr_2335_laylascott","fr_2335_laylascott","Layla Scott","Liberty Flames","2335","Newcomer","newcomer","none","Truman HS (Johnson County CC)","Jr.",0,NA,8.53,10.18,-0.73,-0.42,-1.15,NA
"fr_2335_peaceashina","fr_2335_peaceashina","Peace Ashina","Liberty Flames","2335","Newcomer","newcomer","none","South Gwinnett HS","Fr.",0,NA,8.23,9.82,-0.73,-0.42,-1.15,NA
"fr_2335_trinityholsinger","fr_2335_trinityholsinger","Trinity Holsinger","Liberty Flames","2335","Newcomer","newcomer","none","Edge Sports Academy","Fr.",0,NA,7.67,9.16,-0.73,-0.42,-1.15,NA
"5239908","5239908","Maleah Alexander","Liberty Flames","2335","Returning","stats","id","Liberty Flames",NA,1,NA,5.68,6.78,-1.93,-0.79,-2.72,NA
"5312917","5312917","Zeynep Avci","Liberty Flames","2335","Returning","stats","id","Liberty Flames",NA,1,NA,4.84,5.78,-0.65,-0.76,-1.41,NA
"5178566","5178566","Violet McNece","Lindenwood Lions","2815","Transfer","stats","id","Morehead State Eagles",NA,2,NA,22.65,27.03,2.02,-0.01,2.01,NA
"5315142","5315142","Bianca Silva","Lindenwood Lions","2815","Transfer","stats","id","Louisiana Ragin' Cajuns",NA,3,NA,22.55,26.91,-1.88,-0.15,-2.02,NA
"5178511","5178511","Cadence Dykstra","Lindenwood Lions","2815","Transfer","stats","id","Toledo Rockets",NA,3,NA,20.96,25.01,-2.63,-0.38,-3.02,NA
"5315527","5315527","Anna McCarn","Lindenwood Lions","2815","Returning","stats","id","Lindenwood Lions",NA,1,NA,15.97,19.06,-1.69,-1.12,-2.81,NA
"fr_2815_ariadnamartinez","fr_2815_ariadnamartinez","Ariadna Martinez","Lindenwood Lions","2815","Newcomer","newcomer","none","Eastern Wyoming College","Jr.",0,NA,15.51,18.51,0.49,-0.72,-0.23,NA
"fr_2815_brennarucker","fr_2815_brennarucker","Brenna Rucker","Lindenwood Lions","2815","Newcomer","newcomer","none","Eureka","Fr.",0,NA,14.7,17.55,0.49,-0.72,-0.23,NA
"fr_2815_brynnowens","fr_2815_brynnowens","Brynn Owens","Lindenwood Lions","2815","Newcomer","newcomer","none","Austin","Fr.",0,NA,13.44,16.04,0.49,-0.72,-0.23,NA
"fr_2815_jazlynpowell","fr_2815_jazlynpowell","Jazlyn Powell","Lindenwood Lions","2815","Newcomer","newcomer","none","Faith Family Academy","Fr.",0,NA,12.35,14.74,0.49,-0.72,-0.23,NA
"5314745","5314745","Elisha Dykstra","Lindenwood Lions","2815","Transfer","stats","id","Toledo Rockets",NA,1,NA,12.16,14.51,-2.53,-0.89,-3.42,NA
"fr_2815_maciemcnece","fr_2815_maciemcnece","Macie McNece","Lindenwood Lions","2815","Newcomer","newcomer","none","Saint Leo University","So.",0,NA,11.7,13.97,0.49,-0.72,-0.23,NA
"fr_2815_mariahdallas","fr_2815_mariahdallas","Mariah Dallas","Lindenwood Lions","2815","Newcomer","newcomer","none","Mineral Area College","Jr.",0,NA,11.23,13.41,0.49,-0.72,-0.23,NA
"5314973","5314973","Jarius Powers","Lindenwood Lions","2815","Transfer","stats","id","UIC Flames",NA,1,NA,10.4,12.41,-1.32,-0.84,-2.17,NA
"5178095","5178095","Konstantina Mantziori","Lindenwood Lions","2815","Returning","stats","id","Lindenwood Lions",NA,3,NA,9.12,10.89,-0.56,-0.83,-1.39,NA
"5315526","5315526","Justice Macon","Lindenwood Lions","2815","Returning","stats","id","Lindenwood Lions",NA,1,NA,7.26,8.67,-0.49,-0.98,-1.47,NA
"5175044","5175044","McKayla Miller","Lipscomb Bisons","288","Returning","stats","id","Lipscomb Bisons",NA,3,NA,28.64,34.18,-1.53,1.07,-0.47,NA
"5315136","5315136","Hope Counts","Lipscomb Bisons","288","Returning","stats","id","Lipscomb Bisons",NA,1,NA,23.85,28.46,-5.15,1.03,-4.12,NA
"5315135","5315135","Olivia Vinson","Lipscomb Bisons","288","Returning","stats","id","Lipscomb Bisons",NA,1,NA,22.57,26.94,-3.01,-1.04,-4.04,NA
"5315133","5315133","Maris Zurliene","Lipscomb Bisons","288","Returning","stats","id","Lipscomb Bisons",NA,1,NA,19.84,23.67,-2.7,-0.13,-2.84,NA
"5175457","5175457","Elena Bertrand","Lipscomb Bisons","288","Returning","stats","id","Lipscomb Bisons",NA,3,NA,18.77,22.4,-1.58,-0.76,-2.34,NA
"5240708","5240708","Hannah Richardson","Lipscomb Bisons","288","Returning","stats","id","Lipscomb Bisons",NA,2,NA,16.68,19.91,-1.57,-1.19,-2.75,NA
"5240603","5240603","Taylor Holt","Lipscomb Bisons","288","Returning","stats","id","Lipscomb Bisons",NA,1,NA,11.59,13.83,-3.85,-1.84,-5.69,NA
"fr_288_ccquigley","fr_288_ccquigley","CC Quigley","Lipscomb Bisons","288","Newcomer","newcomer","none","Noblesville","Fr.",0,NA,10.54,12.57,-2.76,-0.28,-3.04,NA
"fr_288_lexiprimus","fr_288_lexiprimus","Lexi Primus","Lipscomb Bisons","288","Newcomer","newcomer","none","Knox","Fr.",0,NA,10.1,12.05,-2.76,-0.28,-3.04,NA
"5314977","5314977","Kennedy Sproule","Lipscomb Bisons","288","Transfer","stats","id","Valparaiso Beacons",NA,3,NA,9.94,11.86,-3.28,-0.64,-3.92,NA
"fr_288_miasmith","fr_288_miasmith","Mia Smith","Lipscomb Bisons","288","Newcomer","newcomer","none","Little Rock Christian Academy / Mid-American Christian University","Sr.",0,NA,9.61,11.47,-2.76,-0.28,-3.04,NA
"fr_288_preslysamz","fr_288_preslysamz","Presly Samz","Lipscomb Bisons","288","Newcomer","newcomer","none","Arrowhead","Fr.",0,NA,9.26,11.05,-2.76,-0.28,-3.04,NA
"fr_288_taliahlee","fr_288_taliahlee","Taliah Lee","Lipscomb Bisons","288","Newcomer","newcomer","none","Gonzaga Prep / Mid-American Christian University","Sr.",0,NA,8.62,10.29,-2.76,-0.28,-3.04,NA
"5242653","5242653","Brenna Burk","Little Rock Trojans","2031","Returning","stats","id","Little Rock Trojans",NA,2,NA,29.64,35.37,-0.65,-0.86,-1.51,NA
"5315542","5315542","Mya Cotto","Little Rock Trojans","2031","Returning","stats","id","Little Rock Trojans",NA,3,NA,26.75,31.92,-1.61,-0.26,-1.86,NA
"5315531","5315531","Talia Kemp","Little Rock Trojans","2031","Transfer","stats","id","Mercer Bears",NA,2,NA,20.85,24.89,-0.99,-0.52,-1.51,NA
"5315539","5315539","Blessing Teamer","Little Rock Trojans","2031","Returning","stats","id","Little Rock Trojans",NA,3,NA,17.56,20.96,-3.16,-0.9,-4.06,NA
"5315540","5315540","Pearson McVay","Little Rock Trojans","2031","Returning","stats","id","Little Rock Trojans",NA,2,NA,15.7,18.74,-3.32,0.05,-3.27,NA
"5315538","5315538","Taelor Coxford","Little Rock Trojans","2031","Returning","stats","id","Little Rock Trojans",NA,3,NA,15.66,18.69,-2.79,-1.28,-4.07,NA
"5312987","5312987","Senoj Jones","Little Rock Trojans","2031","Transfer","stats","id","New Mexico State Aggies",NA,1,NA,15.26,18.21,-0.16,-0.68,-0.84,NA
"5315543","5315543","Lidia Belmonte Hurtado","Little Rock Trojans","2031","Returning","stats","id","Little Rock Trojans",NA,1,NA,12.57,15,-1.62,-0.95,-2.57,NA
"5240801","5240801","Tyla Fautua","Little Rock Trojans","2031","Transfer","stats","id","Pacific Tigers",NA,2,NA,12.55,14.98,-3.45,-0.5,-3.96,NA
"5315541","5315541","Rakiya Nelson","Little Rock Trojans","2031","Returning","stats","id","Little Rock Trojans",NA,1,NA,11.88,14.17,-1.27,-0.73,-2.01,NA
"5242656","5242656","Ashley Lester","Little Rock Trojans","2031","Returning","stats","id","Little Rock Trojans",NA,3,NA,11.26,13.44,-4.11,-0.74,-4.85,NA
"5315536","5315536","Aaliyah Taylor","Little Rock Trojans","2031","Returning","stats","id","Little Rock Trojans",NA,1,NA,10.31,12.31,-1.03,-0.53,-1.56,NA
"5312807","5312807","Rosie Akot","Long Beach State Beach","299","Returning","stats","id","Long Beach State Beach",NA,1,NA,26.66,31.82,-4.01,-0.71,-4.72,NA
"fr_299_amberfurch","fr_299_amberfurch","Amber Furch","Long Beach State Beach","299","Newcomer","newcomer","none","Saint Michael's","Sr.",0,NA,21.48,25.63,-2.92,-1.91,-4.83,NA
"fr_299_aryannareyes","fr_299_aryannareyes","Aryanna Reyes","Long Beach State Beach","299","Newcomer","newcomer","none","Pioneer High School","R-Sr.",0,NA,19.75,23.57,-2.92,-1.91,-4.83,NA
"fr_299_ashantidias","fr_299_ashantidias","Ashanti Dias","Long Beach State Beach","299","Newcomer","newcomer","none","Archbishop Riordan High School","Jr.",0,NA,17.82,21.27,-2.92,-1.91,-4.83,NA
"fr_299_kailynberry","fr_299_kailynberry","Kailyn Berry","Long Beach State Beach","299","Newcomer","newcomer","none","Howard College","Jr.",0,NA,16.24,19.38,-2.92,-1.91,-4.83,NA
"fr_299_ebonytaylorsmith","fr_299_ebonytaylorsmith","Ebony Taylor-Smith","Long Beach State Beach","299","Newcomer","newcomer","none","Rancho Christian High School","Fr.",0,NA,15.94,19.03,-2.92,-1.91,-4.83,NA
"5240718","5240718","Danijela Kujovic","Long Beach State Beach","299","Transfer","stats","id","Hawai'i Rainbow Wahine",NA,1,NA,15.07,17.99,-2.65,-0.82,-3.47,NA
"fr_299_laraperian","fr_299_laraperian","Lara Perian","Long Beach State Beach","299","Newcomer","newcomer","none","Lycee Francais Anna de Noailles","Fr.",0,NA,14.76,17.62,-2.92,-1.91,-4.83,NA
"5250835","5250835","Selene Romero","Long Beach State Beach","299","Transfer","stats","id","Florida International Panthers",NA,2,NA,13.85,16.53,-1.84,-1.44,-3.28,NA
"fr_299_luciachicofernandez","fr_299_luciachicofernandez","Lucia Chico Fernandez","Long Beach State Beach","299","Newcomer","newcomer","none","Colegio Presentación de María","Fr.",0,NA,13.5,16.11,-2.92,-1.91,-4.83,NA
"fr_299_maliatualani","fr_299_maliatualani","Malia Tualani","Long Beach State Beach","299","Newcomer","newcomer","none","South Medford","Fr.",0,NA,12.74,15.2,-2.92,-1.91,-4.83,NA
"fr_299_seleneromeroolvera","fr_299_seleneromeroolvera","Selene Romero Olvera","Long Beach State Beach","299","Newcomer","newcomer","none","Florida International University","Jr.",0,NA,12.19,14.55,-2.92,-1.91,-4.83,NA
"5252269","5252269","Kylie Morris","Long Island University Sharks","112358","Transfer (non-D1)","stats","none","Davis & Elkins Senators",NA,2,NA,25.19,30.06,-3.87,-2.39,-6.27,"Valued at the D2/NAIA level (assumed)"
"pad_112358_1","pad_112358_1","Unlisted roster spot","Long Island University Sharks","112358","Unlisted spot","pad","pad",NA,NA,0,NA,24.41,29.13,-1.85,-1.55,-3.4,NA
"pad_112358_2","pad_112358_2","Unlisted roster spot","Long Island University Sharks","112358","Unlisted spot","pad","pad",NA,NA,0,NA,22.47,26.82,-1.85,-1.55,-3.4,NA
"pad_112358_5","pad_112358_5","Unlisted roster spot","Long Island University Sharks","112358","Unlisted spot","pad","pad",NA,NA,0,NA,20.86,24.9,-1.85,-1.55,-3.4,NA
"pad_112358_3","pad_112358_3","Unlisted roster spot","Long Island University Sharks","112358","Unlisted spot","pad","pad",NA,NA,0,NA,20.3,24.23,-1.85,-1.55,-3.4,NA
"pad_112358_6","pad_112358_6","Unlisted roster spot","Long Island University Sharks","112358","Unlisted spot","pad","pad",NA,NA,0,NA,18.99,22.67,-1.85,-1.55,-3.4,NA
"pad_112358_4","pad_112358_4","Unlisted roster spot","Long Island University Sharks","112358","Unlisted spot","pad","pad",NA,NA,0,NA,18.19,21.71,-1.85,-1.55,-3.4,NA
"pad_112358_7","pad_112358_7","Unlisted roster spot","Long Island University Sharks","112358","Unlisted spot","pad","pad",NA,NA,0,NA,17.4,20.76,-1.85,-1.55,-3.4,NA
"pad_112358_8","pad_112358_8","Unlisted roster spot","Long Island University Sharks","112358","Unlisted spot","pad","pad",NA,NA,0,NA,16.44,19.62,-1.85,-1.55,-3.4,NA
"pad_112358_9","pad_112358_9","Unlisted roster spot","Long Island University Sharks","112358","Unlisted spot","pad","pad",NA,NA,0,NA,15.75,18.79,-1.85,-1.55,-3.4,NA
"5313827","5313827","Jesstynie Scott","Longwood Lancers","2344","Returning","stats","id","Longwood Lancers",NA,1,NA,24.85,29.65,-0.2,1.36,1.16,NA
"5312020","5312020","Nal'La Bennett","Longwood Lancers","2344","Transfer","stats","id","Stony Brook Seawolves",NA,1,NA,21.46,25.62,-0.79,-1.21,-2,NA
"5241040","5241040","Lili Booker","Longwood Lancers","2344","Returning","stats","id","Longwood Lancers",NA,2,NA,18.01,21.49,-2.12,-0.66,-2.78,NA
"fr_2344_idaysiamercer","fr_2344_idaysiamercer","Idaysia Mercer","Longwood Lancers","2344","Newcomer","newcomer","none","Wallace State CC","Jr.",0,NA,16.75,19.99,-1.8,-0.7,-2.5,NA
"fr_2344_ioanadavid","fr_2344_ioanadavid","Ioana David","Longwood Lancers","2344","Newcomer","newcomer","none","Babes-Bolyai","Gr.",0,NA,15.03,17.94,-1.8,-0.7,-2.5,NA
"fr_2344_laterriagreen","fr_2344_laterriagreen","Laterria Green","Longwood Lancers","2344","Newcomer","newcomer","none","Central Georgia Tech","So.",0,NA,14.11,16.84,-1.8,-0.7,-2.5,NA
"fr_2344_maddylittle","fr_2344_maddylittle","Maddy Little","Longwood Lancers","2344","Newcomer","newcomer","none","The Taft School (Conn.)","Fr.",0,NA,12.87,15.35,-1.8,-0.7,-2.5,NA
"fr_2344_mckennahoyt","fr_2344_mckennahoyt","McKenna Hoyt","Longwood Lancers","2344","Newcomer","newcomer","none","Stamford Central School","Fr.",0,NA,11.8,14.08,-1.8,-0.7,-2.5,NA
"fr_2344_samiasnead","fr_2344_samiasnead","Samia Snead","Longwood Lancers","2344","Newcomer","newcomer","none","Osbourn Park","Fr.",0,NA,11.16,13.31,-1.8,-0.7,-2.5,NA
"fr_2344_shakiragresham","fr_2344_shakiragresham","Shakira Gresham","Longwood Lancers","2344","Newcomer","newcomer","none","Mississippi Valley State/Northwest Florida State","Jr.",0,NA,10.69,12.76,-1.8,-0.7,-2.5,NA
"5315111","5315111","McKayla Hosley","Longwood Lancers","2344","Transfer","stats","id","Georgia Southern Eagles",NA,1,NA,10.55,12.59,-1.59,-0.83,-2.43,NA
"5313826","5313826","Kayla Washington","Longwood Lancers","2344","Returning","stats","id","Longwood Lancers",NA,1,NA,8.91,10.63,-0.39,-1.21,-1.61,NA
"5178262","5178262","Alary Bell","Longwood Lancers","2344","Returning","stats","id","Longwood Lancers",NA,2,NA,8.15,9.73,-1.84,-0.53,-2.36,NA
"5175880","5175880","Nalani Simmons","Longwood Lancers","2344","Returning","stats","id","Longwood Lancers",NA,3,NA,8.07,9.64,-3.38,-0.73,-4.11,NA
"5313828","5313828","London Harvey","Longwood Lancers","2344","Returning","stats","id","Longwood Lancers",NA,1,NA,7.59,9.06,-1.67,-0.45,-2.12,NA
"5176129","5176129","Mikaylah Manley","Louisiana Ragin' Cajuns","309","Returning","stats","id","Louisiana Ragin' Cajuns",NA,3,NA,26.87,32.07,0.5,-1.36,-0.86,NA
"5315143","5315143","Imani Daniel","Louisiana Ragin' Cajuns","309","Returning","stats","id","Louisiana Ragin' Cajuns",NA,1,NA,24.87,29.68,2.39,-0.84,1.56,NA
"5315138","5315138","Kahlen Norris","Louisiana Ragin' Cajuns","309","Returning","stats","id","Louisiana Ragin' Cajuns",NA,3,NA,21.67,25.87,-3.06,-1.77,-4.83,NA
"5315139","5315139","Amijah Price","Louisiana Ragin' Cajuns","309","Returning","stats","id","Louisiana Ragin' Cajuns",NA,1,NA,20.03,23.91,-1.24,-0.13,-1.37,NA
"5109868","5109868","Jazmyne Jackson","Louisiana Ragin' Cajuns","309","Returning","stats","id","Louisiana Ragin' Cajuns",NA,4,NA,17.39,20.75,-3.52,-1.77,-5.29,NA
"5315141","5315141","Arionna Patterson","Louisiana Ragin' Cajuns","309","Returning","stats","id","Louisiana Ragin' Cajuns",NA,1,NA,12.67,15.12,-2.39,-1.34,-3.73,NA
"fr_309_aminatasowe","fr_309_aminatasowe","Aminata Sowe","Louisiana Ragin' Cajuns","309","Newcomer","newcomer","none","Hamilton Heights Christian Academy","Fr.",0,NA,10.9,13.01,-3,-1.41,-4.41,NA
"fr_309_baileytimmons","fr_309_baileytimmons","Bailey Timmons","Louisiana Ragin' Cajuns","309","Newcomer","newcomer","none","John Curtis Christian School","Fr.",0,NA,9.97,11.9,-3,-1.41,-4.41,NA
"fr_309_justysegeorge","fr_309_justysegeorge","Justyse George","Louisiana Ragin' Cajuns","309","Newcomer","newcomer","none","Teurlings Catholic HS","Fr.",0,NA,9.41,11.23,-3,-1.41,-4.41,NA
"fr_309_kaylliswalker","fr_309_kaylliswalker","Kayllis Walker","Louisiana Ragin' Cajuns","309","Newcomer","newcomer","none","Laurel HS","Fr.",0,NA,9.01,10.75,-3,-1.41,-4.41,NA
"fr_309_kelisdansby","fr_309_kelisdansby","Kelis Dansby","Louisiana Ragin' Cajuns","309","Newcomer","newcomer","none","Jeffersonville HS","Fr.",0,NA,8.57,10.23,-3,-1.41,-4.41,NA
"fr_309_kennedijohnson","fr_309_kennedijohnson","Kennedi Johnson","Louisiana Ragin' Cajuns","309","Newcomer","newcomer","none","Tyler JC","Jr.",0,NA,8.25,9.85,-3,-1.41,-4.41,NA
"fr_309_malayajones","fr_309_malayajones","Malaya Jones","Louisiana Ragin' Cajuns","309","Newcomer","newcomer","none","Trinity Valley CC","Jr.",0,NA,7.66,9.15,-3,-1.41,-4.41,NA
"fr_309_ndiobalo","fr_309_ndiobalo","Ndioba Lo","Louisiana Ragin' Cajuns","309","Newcomer","newcomer","none","Guediawaye Basket Academy","Fr.",0,NA,7.04,8.4,-3,-1.41,-4.41,NA
"fr_309_janjadragisic","fr_309_janjadragisic","Janja Dragisic","Louisiana Ragin' Cajuns","309","International (FIBA)","newcomer","none",NA,"Fr.",0,NA,5.69,6.79,-4.6,-1.99,-6.59,NA
"5312927","5312927","Alexia Weaver","Louisiana Tech Lady Techsters","2348","Returning","stats","id","Louisiana Tech Lady Techsters",NA,3,NA,30.05,35.86,1.66,0.22,1.88,NA
"5239972","5239972","Jordan Marshall","Louisiana Tech Lady Techsters","2348","Returning","stats","id","Louisiana Tech Lady Techsters",NA,2,NA,27.07,32.3,4.64,0.64,5.28,NA
"5312930","5312930","Kaleigh Thompson","Louisiana Tech Lady Techsters","2348","Returning","stats","id","Louisiana Tech Lady Techsters",NA,3,NA,21.4,25.53,3.52,1.09,4.61,NA
"5315636","5315636","Brittani Wells","Louisiana Tech Lady Techsters","2348","Transfer","stats","id","UT Martin Skyhawks",NA,3,NA,21.26,25.37,0.51,0.01,0.52,NA
"5174760","5174760","Joy Madison-Key","Louisiana Tech Lady Techsters","2348","Returning","stats","id","Louisiana Tech Lady Techsters",NA,2,NA,19.2,22.92,-0.79,1.53,0.74,NA
"5312928","5312928","Hillary Dawson","Louisiana Tech Lady Techsters","2348","Returning","stats","id","Louisiana Tech Lady Techsters",NA,1,NA,16.47,19.66,3.02,0.36,3.38,NA
"5239973","5239973","Isla Airey","Louisiana Tech Lady Techsters","2348","Returning","stats","id","Louisiana Tech Lady Techsters",NA,2,NA,14.25,17,-0.02,0.76,0.74,NA
"fr_2348_alanaobianozie","fr_2348_alanaobianozie","Alana Obianozie","Louisiana Tech Lady Techsters","2348","Newcomer","newcomer","none","Bob Jones HS / Shelton State","Jr.",0,NA,13.5,16.11,0.03,0.23,0.26,NA
"fr_2348_emarrihajohnson","fr_2348_emarrihajohnson","E'Marriha Johnson","Louisiana Tech Lady Techsters","2348","Newcomer","newcomer","none","Greene County Tech HS","Fr.",0,NA,12.79,15.27,0.03,0.23,0.26,NA
"fr_2348_jordynmcneal","fr_2348_jordynmcneal","Jordyn McNeal","Louisiana Tech Lady Techsters","2348","Newcomer","newcomer","none","Burleson Centennial HS / Murray State College","Jr.",0,NA,12.28,14.66,0.03,0.23,0.26,NA
"fr_2348_pressleypowell","fr_2348_pressleypowell","Pressley Powell","Louisiana Tech Lady Techsters","2348","Newcomer","newcomer","none","Frisco Memorial HS","Fr.",0,NA,11.73,13.99,0.03,0.23,0.26,NA
"5238294","5238294","Tajianna Roberts","Louisville Cardinals","97","Returning","stats","id","Louisville Cardinals",NA,2,NA,25.24,30.12,5.54,2.86,8.4,NA
"5238288","5238288","Imari Berry","Louisville Cardinals","97","Returning","stats","id","Louisville Cardinals",NA,2,NA,22.66,27.04,8.33,4.63,12.95,NA
"5174420","5174420","Elif Istanbulluoglu","Louisville Cardinals","97","Returning","stats","id","Louisville Cardinals",NA,3,NA,21.21,25.31,4.16,2.49,6.65,NA
"5238289","5238289","Mackenly Randolph","Louisville Cardinals","97","Returning","stats","id","Louisville Cardinals",NA,2,NA,19.54,23.33,5.43,2.89,8.32,NA
"5238300","5238300","Zamareya Jones","Louisville Cardinals","97","Transfer","stats","id","NC State Wolfpack",NA,2,NA,19.03,22.72,5.93,2.42,8.35,NA
"4565525","4565525","Amiya Joyner","Louisville Cardinals","97","Transfer","stats","id","LSU Tigers",NA,4,NA,16.85,20.1,7.42,3.88,11.3,NA
"5174440","5174440","Carys Baker","Louisville Cardinals","97","Transfer","stats","id","Virginia Tech Hokies",NA,3,NA,15.1,18.02,5.19,2.21,7.4,NA
"5311575","5311575","Deniya Prawl","Louisville Cardinals","97","Transfer","stats","id","Tennessee Lady Volunteers",NA,1,NA,13.18,15.73,3.67,2.76,6.43,"No. 17 recruit in 2025; pedigree counts 25% (448 college min)"
"fr_97_ariyanacradle","fr_97_ariyanacradle","Ariyana Cradle","Louisville Cardinals","97","Top-100 recruit","newcomer","none","SPIRE Institute","Fr.",0,36,9.79,11.69,3.77,2.74,6.52,NA
"5238293","5238293","Reagan Bender","Louisville Cardinals","97","Returning","stats","id","Louisville Cardinals",NA,2,NA,9.03,10.77,2.7,2.05,4.76,NA
"fr_97_myahepps","fr_97_myahepps","Myah Epps","Louisville Cardinals","97","Top-100 recruit","newcomer","none","Homestead","Fr.",0,70,7.98,9.52,3.04,2.49,5.53,NA
"5312384","5312384","Grace Mbugua","Louisville Cardinals","97","Returning","stats","id","Louisville Cardinals",NA,1,NA,7.6,9.07,0.93,3.43,4.36,"No. 78 recruit in 2025; pedigree counts 53% (134 college min)"
"fr_97_aysemelekdemirer","fr_97_aysemelekdemirer","Ayse Melek Demirer","Louisville Cardinals","97","Newcomer","newcomer","none","Ocean College","Fr.",0,NA,7.42,8.86,1.99,2.08,4.06,NA
"5238290","5238290","Rebekah Graves","Louisville Cardinals","97","Returning","stats","id","Louisville Cardinals",NA,1,NA,5.36,6.4,-0.14,0.99,0.84,NA
"5240376","5240376","Brooklyn Vaughn","Loyola Chicago Ramblers","2350","Returning","stats","id","Loyola Chicago Ramblers",NA,2,NA,26.9,32.11,0.55,0.04,0.59,NA
"5177777","5177777","Rosalie Mercille","Loyola Chicago Ramblers","2350","Returning","stats","id","Loyola Chicago Ramblers",NA,3,NA,23.08,27.54,-0.54,-0.78,-1.32,NA
"5312665","5312665","Mireia Jurado","Loyola Chicago Ramblers","2350","Transfer","stats","id","Arizona Wildcats",NA,1,NA,21.18,25.28,-0.48,0.1,-0.38,NA
"5312734","5312734","MD Ntambue","Loyola Chicago Ramblers","2350","Transfer","stats","id","Villanova Wildcats",NA,1,NA,18.66,22.27,-0.53,0.7,0.18,NA
"5174377","5174377","Audrey Deptula","Loyola Chicago Ramblers","2350","Returning","stats","id","Loyola Chicago Ramblers",NA,3,NA,17.58,20.99,-0.63,-0.14,-0.77,NA
"5108593","5108593","Hailey Johnson","Loyola Chicago Ramblers","2350","Transfer","stats","id","Duke Blue Devils",NA,4,NA,15.18,18.11,-1.6,-1.19,-2.79,NA
"5240375","5240375","Kendall Hendrix","Loyola Chicago Ramblers","2350","Returning","stats","id","Loyola Chicago Ramblers",NA,2,NA,15.06,17.98,-1.82,1.06,-0.76,NA
"5243582","5243582","Gabby Wilke","Loyola Chicago Ramblers","2350","Transfer","stats","id","Butler Bulldogs",NA,2,NA,14.84,17.71,-1.97,-0.68,-2.66,NA
"5313301","5313301","Vasiliki Cholopoulou","Loyola Chicago Ramblers","2350","Transfer","stats","id","Columbia Lions",NA,1,NA,13.92,16.61,-2.25,-0.66,-2.91,NA
"5312408","5312408","Angela Le Faou","Loyola Chicago Ramblers","2350","Transfer","stats","id","Pittsburgh Panthers",NA,1,NA,12.43,14.84,-1.98,-0.55,-2.53,NA
"fr_2350_gemmawichmann","fr_2350_gemmawichmann","Gemma Wichmann","Loyola Chicago Ramblers","2350","Newcomer","newcomer","none","Magnificat","Fr.",0,NA,10.8,12.89,-1.98,0,-1.98,NA
"fr_2350_jasmineperry","fr_2350_jasmineperry","Jasmine Perry","Loyola Chicago Ramblers","2350","Newcomer","newcomer","none","Kilbreda College","R-Fr.",0,NA,10.36,12.36,-1.98,0,-1.98,NA
"5178562","5178562","Amandine Amorich","Loyola Maryland Greyhounds","2352","Returning","stats","id","Loyola Maryland Greyhounds",NA,3,NA,24.76,29.55,-1.22,-1.31,-2.52,NA
"5315688","5315688","Sydney Bass","Loyola Maryland Greyhounds","2352","Returning","stats","id","Loyola Maryland Greyhounds",NA,1,NA,21.61,25.79,-0.27,-1.08,-1.35,NA
"5178561","5178561","Kailey Kalet","Loyola Maryland Greyhounds","2352","Returning","stats","id","Loyola Maryland Greyhounds",NA,3,NA,18.93,22.59,-5.86,-2.14,-8.01,NA
"5315687","5315687","Olivia Shaughnessy","Loyola Maryland Greyhounds","2352","Returning","stats","id","Loyola Maryland Greyhounds",NA,1,NA,17.46,20.84,-1.72,-0.74,-2.46,NA
"5242767","5242767","Avery Simmons","Loyola Maryland Greyhounds","2352","Returning","stats","id","Loyola Maryland Greyhounds",NA,2,NA,16.44,19.62,-3.38,-1.86,-5.23,NA
"5242768","5242768","Gabby Betton","Loyola Maryland Greyhounds","2352","Returning","stats","id","Loyola Maryland Greyhounds",NA,2,NA,11.58,13.82,-3.79,-1.78,-5.57,NA
"5315689","5315689","Whitley Watkins","Loyola Maryland Greyhounds","2352","Returning","stats","id","Loyola Maryland Greyhounds",NA,1,NA,10.42,12.43,-1.61,-0.4,-2.01,NA
"fr_2352_allistercaretti","fr_2352_allistercaretti","Allister Caretti","Loyola Maryland Greyhounds","2352","Newcomer","newcomer","none","Mercersburg Academy","Fr.",0,NA,9.73,11.61,-2.35,-1,-3.35,NA
"5315127","5315127","Maddie Oliver","Loyola Maryland Greyhounds","2352","Transfer","stats","id","James Madison Dukes",NA,1,NA,9.61,11.47,-1.65,-1.11,-2.76,NA
"fr_2352_avakopetskie","fr_2352_avakopetskie","Ava Kopetskie","Loyola Maryland Greyhounds","2352","Newcomer","newcomer","none","Liberty","Fr.",0,NA,9.19,10.97,-2.35,-1,-3.35,NA
"fr_2352_debrawilsonosuide","fr_2352_debrawilsonosuide","Debra Wilson-Osuide","Loyola Maryland Greyhounds","2352","Newcomer","newcomer","none","City of London Academy, Southwark","Fr.",0,NA,8.8,10.51,-2.35,-1,-3.35,NA
"5242517","5242517","Tyler Edwards","Loyola Maryland Greyhounds","2352","Transfer","stats","id","Fairleigh Dickinson Knights",NA,2,NA,8.39,10.02,-1.31,-0.35,-1.66,NA
"fr_2352_kaitlintotaro","fr_2352_kaitlintotaro","Kaitlin Totaro","Loyola Maryland Greyhounds","2352","Newcomer","newcomer","none","Depaul College Prep","Fr.",0,NA,8.38,10,-2.35,-1,-3.35,NA
"5241465","5241465","Takeira Ramey","Loyola Maryland Greyhounds","2352","Transfer","stats","id","Texas State Bobcats",NA,2,NA,8.37,9.99,-4.42,-0.81,-5.24,NA
"5312034","5312034","Aidan Langley","Loyola Maryland Greyhounds","2352","Transfer","stats","id","Towson Tigers",NA,1,NA,8.24,9.84,-2.4,-0.6,-3,NA
"fr_2352_taliashumate","fr_2352_taliashumate","Talia Shumate","Loyola Maryland Greyhounds","2352","Newcomer","newcomer","none","Gloucester Catholic","Fr.",0,NA,8.07,9.64,-2.35,-1,-3.35,NA
"5177942","5177942","Maya Hernandez","Loyola Marymount Lions","2351","Returning","stats","id","Loyola Marymount Lions",NA,3,NA,27.12,32.36,4.98,0.31,5.29,NA
"5239474","5239474","Ivana Krajina","Loyola Marymount Lions","2351","Returning","stats","id","Loyola Marymount Lions",NA,4,NA,24.22,28.9,-1.32,-0.24,-1.56,NA
"5242461","5242461","Danae Powell","Loyola Marymount Lions","2351","Transfer","stats","id","Fresno State Bulldogs",NA,2,NA,20.61,24.59,2.43,0.1,2.53,NA
"5177794","5177794","Janay Brantley","Loyola Marymount Lions","2351","Transfer","stats","id","Stony Brook Seawolves",NA,3,NA,17.83,21.28,0.92,0.35,1.27,NA
"5241476","5241476","Shawnee Nordstrom","Loyola Marymount Lions","2351","Transfer","stats","id","California Baptist Lancers",NA,2,NA,17.37,20.74,1.27,-0.7,0.58,NA
"5240790","5240790","Allison Clarke","Loyola Marymount Lions","2351","Returning","stats","id","Loyola Marymount Lions",NA,2,NA,15.37,18.35,-1.14,-0.66,-1.8,NA
"5311708","5311708","Sarah Deng","Loyola Marymount Lions","2351","Transfer","stats","id","Florida Gators",NA,3,NA,12.55,14.98,-0.47,0.04,-0.43,NA
"5315508","5315508","Kayla Jones","Loyola Marymount Lions","2351","Returning","stats","id","Loyola Marymount Lions",NA,3,NA,11.99,14.31,2.81,-1.19,1.63,NA
"5175476","5175476","Ali'a Matavao","Loyola Marymount Lions","2351","Returning","stats","id","Loyola Marymount Lions",NA,3,NA,10.8,12.89,0.82,-0.52,0.3,"Missed 2025-26; 2024-25: 18.5 mpg, 8.1 ppg"
"5311536","5311536","Erica Finney","Loyola Marymount Lions","2351","Newcomer","stats","none","Illinois Fighting Illini",NA,1,NA,10.44,12.46,-0.27,-0.33,-0.6,NA
"fr_2351_shanaykaismar","fr_2351_shanaykaismar","Shanayka Ismar","Loyola Marymount Lions","2351","Newcomer","newcomer","none","Champlain Lennoxville","Fr.",0,NA,10.02,11.96,-0.27,-0.33,-0.6,NA
"5177938","5177938","Mari Somvichian","Loyola Marymount Lions","2351","Returning","stats","id","Loyola Marymount Lions",NA,3,NA,8.08,9.64,-2.79,-1.09,-3.88,NA
"5239970","5239970","Ana Milanovic","Loyola Marymount Lions","2351","Returning","stats","id","Loyola Marymount Lions",NA,2,NA,7.83,9.34,-2.42,-0.99,-3.41,NA
"5239457","5239457","Lova Lagerlid","Loyola Marymount Lions","2351","Returning","stats","id","Loyola Marymount Lions",NA,2,NA,5.77,6.88,-2.57,-0.43,-3,NA
"5174267","5174267","Mikaylah Williams","LSU Tigers","99","Returning","stats","id","LSU Tigers",NA,3,NA,29.95,35.74,8.66,4.8,13.46,NA
"5174285","5174285","MiLaysia Fulwiley","LSU Tigers","99","Returning","stats","id","LSU Tigers",NA,3,NA,26.67,31.83,9.98,6.5,16.48,NA
"5174261","5174261","Laila Reynolds","LSU Tigers","99","Transfer","stats","id","Florida Gators",NA,3,NA,22.59,26.96,3.73,2.47,6.2,NA
"5311614","5311614","ZaKiyah Johnson","LSU Tigers","99","Returning","stats","id","LSU Tigers",NA,1,NA,21.87,26.1,11.09,4.02,15.11,NA
"5175867","5175867","Jada Williams","LSU Tigers","99","Transfer","stats","id","Iowa State Cyclones",NA,3,NA,21.73,25.93,5.92,2.25,8.17,NA
"5311611","5311611","Grace Knox","LSU Tigers","99","Returning","stats","id","LSU Tigers",NA,1,NA,17.08,20.39,7.93,3.14,11.07,NA
"5242683","5242683","Chloe Larry","LSU Tigers","99","Transfer","stats","id","Tennessee Tech Golden Eagles",NA,2,NA,16.56,19.76,3.39,0.74,4.13,NA
"fr_99_noamorro","fr_99_noamorro","Noa Morro","LSU Tigers","99","Newcomer","newcomer","none","KutxaBank Araski (Spain)","Fr./international",0,NA,12.36,14.75,3.39,2.96,6.35,NA
"rec_99_lolalampley","rec_99_lolalampley","Lola Lampley","LSU Tigers","99","Top-100 recruit","newcomer","recruit","Top-100 recruit (added)","Fr.",0,26,11.07,13.21,5.54,3.75,9.29,NA
"5311615","5311615","Meghan Yarnevich","LSU Tigers","99","Returning","stats","id","LSU Tigers",NA,1,NA,10.06,12.01,1.69,1.48,3.17,NA
"pad_99_1","pad_99_1","Unlisted roster spot","LSU Tigers","99","Unlisted spot","pad","pad",NA,NA,0,NA,10.06,12.01,-0.3,1.81,1.51,NA
"5312966","5312966","Lala Woods","Maine Black Bears","311","Returning","stats","id","Maine Black Bears",NA,1,NA,28.97,34.58,-0.02,-0.32,-0.34,NA
"5312964","5312964","Olivia Alvarez","Maine Black Bears","311","Returning","stats","id","Maine Black Bears",NA,1,NA,25.69,30.66,-1.98,-0.14,-2.11,NA
"5178400","5178400","Kaliyah Sain","Maine Black Bears","311","Returning","stats","id","Maine Black Bears",NA,3,NA,23.08,27.54,0.1,-0.36,-0.26,NA
"5174390","5174390","Lizzy Gruber","Maine Black Bears","311","Returning","stats","id","Maine Black Bears",NA,3,NA,17.4,20.76,-0.64,0.56,-0.08,NA
"5240678","5240678","Maddie Fitzpatrick","Maine Black Bears","311","Returning","stats","id","Maine Black Bears",NA,1,NA,14.52,17.33,-2.42,0.12,-2.29,NA
"fr_311_ainareal","fr_311_ainareal","Aina Real","Maine Black Bears","311","Newcomer","newcomer","none","C.D. Alcazar","Fr.",0,NA,13.9,16.59,-1.09,-0.27,-1.36,NA
"fr_311_avasewall","fr_311_avasewall","Ava Sewall","Maine Black Bears","311","Newcomer","newcomer","none","The Potomac School","Fr.",0,NA,12.69,15.14,-1.09,-0.27,-1.36,NA
"fr_311_aylacorrigale","fr_311_aylacorrigale","Ayla Corrigale","Maine Black Bears","311","Newcomer","newcomer","none","Orangeville Secondary","Fr.",0,NA,11.65,13.9,-1.09,-0.27,-1.36,NA
"fr_311_emmiestreamsstevens","fr_311_emmiestreamsstevens","Emmie Streams-Stevens","Maine Black Bears","311","Newcomer","newcomer","none","Bangor","Sr.",0,NA,11.03,13.16,-1.09,-0.27,-1.36,NA
"fr_311_taylorschwab","fr_311_taylorschwab","Taylor Schwab","Maine Black Bears","311","Newcomer","newcomer","none","Arizona Christian","Jr.",0,NA,10.58,12.62,-1.09,-0.27,-1.36,NA
"fr_311_zeinahaleem","fr_311_zeinahaleem","Zeina Haleem","Maine Black Bears","311","Newcomer","newcomer","none","Brighton British School","Fr.",0,NA,10.08,12.03,-1.09,-0.27,-1.36,NA
"5312962","5312962","Abby Price","Maine Black Bears","311","Returning","stats","id","Maine Black Bears",NA,1,NA,7.71,9.2,-2.42,-0.96,-3.39,NA
"5312965","5312965","Mackenzie Mori","Maine Black Bears","311","Returning","stats","id","Maine Black Bears",NA,1,NA,6.95,8.29,-1.78,-0.83,-2.61,NA
"5240675","5240675","Izzy Allen","Maine Black Bears","311","Returning","stats","id","Maine Black Bears",NA,2,NA,5.76,6.88,-2.59,-0.64,-3.23,NA
"5176877","5176877","Kristina Juric","Manhattan Jaspers","2363","Returning","stats","id","Manhattan Jaspers",NA,3,NA,27.82,33.2,-1.76,-0.99,-2.75,NA
"5313596","5313596","Celeste Harper","Manhattan Jaspers","2363","Returning","stats","id","Manhattan Jaspers",NA,1,NA,20.28,24.2,-4.73,-0.73,-5.46,NA
"fr_2363_anazesati","fr_2363_anazesati","Ana Zesati","Manhattan Jaspers","2363","Newcomer","newcomer","none","Lamar CC","Jr.",0,NA,18.99,22.67,-2.79,-0.81,-3.59,NA
"fr_2363_bleukerr","fr_2363_bleukerr","Bleu Kerr","Manhattan Jaspers","2363","Newcomer","newcomer","none","St. Mark's School","Fr.",0,NA,17.16,20.48,-2.79,-0.81,-3.59,NA
"fr_2363_cortneyhowell","fr_2363_cortneyhowell","Cortney Howell","Manhattan Jaspers","2363","Newcomer","newcomer","none","St. Mark's School","Fr.",0,NA,15.37,18.35,-2.79,-0.81,-3.59,NA
"fr_2363_jaelynchoi","fr_2363_jaelynchoi","Jaelyn Choi","Manhattan Jaspers","2363","Newcomer","newcomer","none","Bridgeport","R-So.",0,NA,14.92,17.81,-2.79,-0.81,-3.59,NA
"fr_2363_laiaizquierdoaltimira","fr_2363_laiaizquierdoaltimira","Laia Izquierdo Altimira","Manhattan Jaspers","2363","Newcomer","newcomer","none","McCook","Jr.",0,NA,13.58,16.21,-2.79,-0.81,-3.59,NA
"fr_2363_lauraring","fr_2363_lauraring","Laura Ring","Manhattan Jaspers","2363","Newcomer","newcomer","none","Central Wyoming","Jr.",0,NA,12.44,14.85,-2.79,-0.81,-3.59,NA
"fr_2363_nisansel","fr_2363_nisansel","Nisan Sel","Manhattan Jaspers","2363","Newcomer","newcomer","none","TED Ankara College Private","Fr.",0,NA,11.75,14.03,-2.79,-0.81,-3.59,NA
"fr_2363_oliviagrgicevichlassey","fr_2363_oliviagrgicevichlassey","Olivia Grgicevich Lassey","Manhattan Jaspers","2363","Newcomer","newcomer","none","Collin College","Jr.",0,NA,11.26,13.43,-2.79,-0.81,-3.59,NA
"fr_2363_ruzgarchristinaboyle","fr_2363_ruzgarchristinaboyle","Ruzgar Christina Boyle","Manhattan Jaspers","2363","Newcomer","newcomer","none","American International","Sr.",0,NA,10.71,12.78,-2.79,-0.81,-3.59,NA
"fr_2363_taylahmurtagh","fr_2363_taylahmurtagh","Taylah Murtagh","Manhattan Jaspers","2363","Newcomer","newcomer","none","Williston State College","Jr.",0,NA,10.32,12.32,-2.79,-0.81,-3.59,NA
"fr_2363_amandabaumgarte","fr_2363_amandabaumgarte","Amanda Baumgarte","Manhattan Jaspers","2363","International (FIBA)","newcomer","none","Western Wyoming","Jr.",0,NA,9.33,11.13,-3.99,-1.09,-5.07,NA
"5241978","5241978","Ella Chandler","Manhattan Jaspers","2363","Returning","stats","id","Manhattan Jaspers",NA,1,NA,6.06,7.24,-2.39,-0.97,-3.36,NA
"5242034","5242034","Danielle Williamsen","Marist Red Foxes","2368","Returning","stats","id","Marist Red Foxes",NA,2,NA,27.34,32.63,0.15,-1.48,-1.33,NA
"5313603","5313603","Justine Henry","Marist Red Foxes","2368","Returning","stats","id","Marist Red Foxes",NA,1,NA,25.05,29.9,1.73,0.64,2.37,NA
"5176864","5176864","Karly Fischer","Marist Red Foxes","2368","Returning","stats","id","Marist Red Foxes",NA,3,NA,20.36,24.3,-4.36,-1.48,-5.84,NA
"5240383","5240383","Kasey Bretones","Marist Red Foxes","2368","Returning","stats","id","Marist Red Foxes",NA,2,NA,17.48,20.86,-1.86,-1.49,-3.36,NA
"5242032","5242032","Chloe Escanillas","Marist Red Foxes","2368","Returning","stats","id","Marist Red Foxes",NA,2,NA,14.77,17.63,-0.04,-1.95,-1.99,NA
"5178112","5178112","Julia Corsentino","Marist Red Foxes","2368","Returning","stats","id","Marist Red Foxes",NA,3,NA,12.61,15.05,-2.23,-1.12,-3.35,NA
"5175997","5175997","Malea Egan","Marist Red Foxes","2368","Returning","stats","id","Marist Red Foxes",NA,3,NA,12.06,14.39,-2.44,-1.33,-3.77,NA
"5241149","5241149","Elle Bruschuk","Marist Red Foxes","2368","Returning","stats","id","Marist Red Foxes",NA,2,NA,9.8,11.69,-4.01,-1.6,-5.61,NA
"fr_2368_catieklemm","fr_2368_catieklemm","Catie Klemm","Marist Red Foxes","2368","Newcomer","newcomer","none","Ridgewood High School","Fr.",0,NA,9.63,11.49,-2.53,-1.41,-3.93,NA
"fr_2368_claudiaclementmarsan","fr_2368_claudiaclementmarsan","Claudia Clement Marsan","Marist Red Foxes","2368","Newcomer","newcomer","none","Winthrop/Evansville/Delaware","Sr.",0,NA,9.22,11,-2.53,-1.41,-3.93,NA
"fr_2368_dilantubbs","fr_2368_dilantubbs","Dilan Tubbs","Marist Red Foxes","2368","Newcomer","newcomer","none","Delasalle High School","So.",0,NA,8.77,10.47,-2.53,-1.41,-3.93,NA
"fr_2368_madisonohm","fr_2368_madisonohm","Madison Ohm","Marist Red Foxes","2368","Newcomer","newcomer","none","Byron High School","Fr.",0,NA,8.45,10.08,-2.53,-1.41,-3.93,NA
"fr_2368_ryanoldaker","fr_2368_ryanoldaker","Ryan Oldaker","Marist Red Foxes","2368","Newcomer","newcomer","none","South Fayette High School","Fr.",0,NA,7.85,9.37,-2.53,-1.41,-3.93,NA
"5175958","5175958","Claudia Clement","Marist Red Foxes","2368","Transfer","stats","id","Delaware Blue Hens",NA,3,NA,7.18,8.56,-3.87,-1.75,-5.62,NA
"5178113","5178113","Kate Robbins","Marist Red Foxes","2368","Returning","stats","id","Marist Red Foxes",NA,3,NA,4.87,5.82,-3.74,-0.96,-4.7,NA
"5109007","5109007","Morgan Tompkins","Marist Red Foxes","2368","Returning","stats","id","Marist Red Foxes",NA,4,NA,4.57,5.46,-4.66,-1.1,-5.76,"Missed 2025-26; 2024-25: 6.7 mpg, 1.4 ppg"
"5175020","5175020","Halle Vice","Marquette Golden Eagles","269","Returning","stats","id","Marquette Golden Eagles",NA,3,NA,34.03,38,6.83,3.09,9.92,NA
"5240250","5240250","MacKenzie Givens","Marquette Golden Eagles","269","Transfer","stats","id","Xavier Musketeers",NA,2,NA,25.09,29.94,3.27,-0.2,3.06,NA
"5106177","5106177","Jordan Meulemans","Marquette Golden Eagles","269","Returning","stats","id","Marquette Golden Eagles",NA,3,NA,24.3,29,-0.15,-0.55,-0.7,NA
"5238322","5238322","Kayl Petersen","Marquette Golden Eagles","269","Transfer","stats","id","Virginia Tech Hokies",NA,2,NA,22.2,26.49,0.99,1.96,2.95,NA
"5312931","5312931","Yu Han Lin","Marquette Golden Eagles","269","Transfer","stats","id","Middle Tennessee Blue Raiders",NA,1,NA,21.24,25.34,0.24,-0.19,0.04,NA
"fr_269_aminatraore","fr_269_aminatraore","Amina Traore","Marquette Golden Eagles","269","Newcomer","newcomer","none","Monaco Basket Association","Sr.",0,NA,17.56,20.96,-0.02,0.52,0.5,NA
"fr_269_kinleyasp","fr_269_kinleyasp","Kinley Asp","Marquette Golden Eagles","269","Newcomer","newcomer","none","Air Academy High School","Fr.",0,NA,16.06,19.17,-0.02,0.52,0.5,NA
"fr_269_noelleanthon","fr_269_noelleanthon","Noelle Anthon","Marquette Golden Eagles","269","Newcomer","newcomer","none","Oconomowoc HS","Jr.",0,NA,14.78,17.64,-0.02,0.52,0.5,NA
"fr_269_secrettecarter","fr_269_secrettecarter","Se'Crette Carter","Marquette Golden Eagles","269","Newcomer","newcomer","none","Belleville HS","Fr.",0,NA,14.01,16.72,-0.02,0.52,0.5,NA
"5312700","5312700","Kam Herring","Marquette Golden Eagles","269","Returning","stats","id","Marquette Golden Eagles",NA,1,NA,10.74,12.81,-0.73,0.14,-0.59,NA
"5315160","5315160","Olivia Olson","Marshall Thundering Herd","276","Returning","stats","id","Marshall Thundering Herd",NA,1,NA,27.34,32.63,3.06,0.63,3.69,NA
"5313066","5313066","Maddie Moody","Marshall Thundering Herd","276","Transfer","stats","id","Northern Kentucky Norse",NA,1,NA,20.73,24.74,1.59,0.17,1.76,NA
"5175925","5175925","Cassie Gallagher","Marshall Thundering Herd","276","Transfer","stats","id","South Carolina Upstate Spartans",NA,2,NA,19.5,23.27,1.14,-1.6,-0.46,NA
"5241086","5241086","Kassie Ingram","Marshall Thundering Herd","276","Returning","stats","id","Marshall Thundering Herd",NA,2,NA,15.7,18.73,1.97,0.13,2.09,NA
"5177884","5177884","Paris Gilmore","Marshall Thundering Herd","276","Transfer","stats","id","UMass Lowell River Hawks",NA,2,NA,15.4,18.38,-2.7,-1.74,-4.45,NA
"5242178","5242178","Emily Bratton","Marshall Thundering Herd","276","Transfer","stats","id","Marshall Thundering Herd",NA,2,NA,15.17,18.11,-0.55,-0.2,-0.74,"Missed 2025-26; 2024-25: 10.1 mpg, 3.1 ppg"
"5175839","5175839","Anaya Harris","Marshall Thundering Herd","276","Transfer","stats","id","Gardner-Webb Runnin' Bulldogs",NA,3,NA,14.55,17.36,-1.34,-1.17,-2.5,NA
"5262469","5262469","Ni'Kiah Chesterfield","Marshall Thundering Herd","276","Returning","stats","id","Marshall Thundering Herd",NA,3,NA,14.1,16.83,3.75,0.02,3.77,NA
"5241085","5241085","Leyocha Marigney","Marshall Thundering Herd","276","Returning","stats","id","Marshall Thundering Herd",NA,3,NA,12.5,14.91,0.28,0.67,0.95,NA
"5315159","5315159","Zenthia Stowers","Marshall Thundering Herd","276","Newcomer","stats","none","Marshall Thundering Herd",NA,1,NA,10.59,12.64,-0.11,0.08,-0.03,NA
"fr_276_briwilkins","fr_276_briwilkins","Bri Wilkins","Marshall Thundering Herd","276","Newcomer","newcomer","none","Sacred Heart Academy","Fr.",0,NA,10.1,12.06,-0.11,0.08,-0.03,NA
"fr_276_elizabethhunt","fr_276_elizabethhunt","Elizabeth Hunt","Marshall Thundering Herd","276","Newcomer","newcomer","none","Upper Arlington HS","Fr.",0,NA,9.76,11.64,-0.11,0.08,-0.03,NA
"fr_276_princesscassell","fr_276_princesscassell","Princess Cassell","Marshall Thundering Herd","276","Newcomer","newcomer","none","Orange Lutheran/CSUSB","Jr.",0,NA,9.11,10.88,-0.11,0.08,-0.03,NA
"5254927","5254927","Emari Doby","Marshall Thundering Herd","276","Returning","stats","id","Marshall Thundering Herd",NA,3,NA,5.46,6.52,-1.6,-0.71,-2.3,NA
"5242662","5242662","Kalise Hill","Maryland Eastern Shore Hawks","2379","Returning","stats","id","Maryland Eastern Shore Hawks",NA,2,NA,26.43,31.55,-3.74,-0.19,-3.93,NA
"5314843","5314843","Kaliya Perry","Maryland Eastern Shore Hawks","2379","Returning","stats","id","Maryland Eastern Shore Hawks",NA,1,NA,24.53,29.27,-1.52,0.44,-1.08,NA
"5314840","5314840","Jailynn Clayton","Maryland Eastern Shore Hawks","2379","Returning","stats","id","Maryland Eastern Shore Hawks",NA,1,NA,18.42,21.99,-4.56,-0.34,-4.91,NA
"5314841","5314841","Desi Taylor","Maryland Eastern Shore Hawks","2379","Returning","stats","id","Maryland Eastern Shore Hawks",NA,1,NA,16.57,19.77,-0.16,-0.23,-0.39,NA
"5313609","5313609","Chasity Wilson","Maryland Eastern Shore Hawks","2379","Transfer","stats","id","Niagara Purple Eagles",NA,1,NA,16.38,19.55,-3,-1.04,-4.05,NA
"5314839","5314839","Jaida Cameron","Maryland Eastern Shore Hawks","2379","Returning","stats","id","Maryland Eastern Shore Hawks",NA,2,NA,12.97,15.48,-1.61,-0.01,-1.63,NA
"fr_2379_alizamurray","fr_2379_alizamurray","Aliza Murray","Maryland Eastern Shore Hawks","2379","Newcomer","newcomer","none","Centreville HS","Fr.",0,NA,12.35,14.74,-2.59,-0.22,-2.81,NA
"fr_2379_marleyjeffers","fr_2379_marleyjeffers","Marley Jeffers","Maryland Eastern Shore Hawks","2379","Newcomer","newcomer","none","Pike HS","Fr.",0,NA,11.32,13.51,-2.59,-0.22,-2.81,NA
"5311741","5311741","Makylah Moore","Maryland Eastern Shore Hawks","2379","Transfer","stats","id","Rutgers Scarlet Knights",NA,1,NA,10.95,13.07,-1.81,-0.29,-2.1,NA
"fr_2379_patiencejohn","fr_2379_patiencejohn","Patience John","Maryland Eastern Shore Hawks","2379","Newcomer","newcomer","none","Life Christian Academy","Fr.",0,NA,10.7,12.77,-2.59,-0.22,-2.81,NA
"5239090","5239090","Tahj-Monet Bloom","Maryland Eastern Shore Hawks","2379","Transfer","stats","id","Nevada Wolf Pack",NA,1,NA,10.6,12.65,-4.3,-0.1,-4.4,NA
"fr_2379_tristawhitney","fr_2379_tristawhitney","Trista Whitney","Maryland Eastern Shore Hawks","2379","Newcomer","newcomer","none","Saint Thomas Aquinas HS","Fr.",0,NA,10.25,12.24,-2.59,-0.22,-2.81,NA
"fr_2379_uzoamakaangelasamuel","fr_2379_uzoamakaangelasamuel","Uzoamaka Angela Samuel","Maryland Eastern Shore Hawks","2379","Newcomer","newcomer","none","St Emma Comprehensive College","Sr.",0,NA,9.76,11.65,-2.59,-0.22,-2.81,NA
"5178538","5178538","Angela Samuel","Maryland Eastern Shore Hawks","2379","Transfer","stats","id","Southern Illinois Salukis",NA,3,NA,8.77,10.46,-2.63,-0.67,-3.3,NA
"5174408","5174408","Oluchi Okananwa","Maryland Terrapins","120","Returning","stats","id","Maryland Terrapins",NA,3,NA,27.18,32.44,13.05,4.29,17.34,NA
"5311551","5311551","Addi Mack","Maryland Terrapins","120","Returning","stats","id","Maryland Terrapins",NA,1,NA,23.83,28.44,4.07,2.44,6.5,NA
"5175934","5175934","Nunu Agara","Maryland Terrapins","120","Transfer","stats","id","Stanford Cardinal",NA,3,NA,22.51,26.86,7.04,2.75,9.78,NA
"5240803","5240803","Chloe Sotell","Maryland Terrapins","120","Transfer","stats","id","Missouri Tigers",NA,2,NA,17.54,20.93,3.04,1.27,4.3,NA
"5107845","5107845","Bri McDaniel","Maryland Terrapins","120","Returning","stats","id","Maryland Terrapins",NA,4,NA,15.47,18.46,6.05,1.69,7.74,"Missed 2025-26; 2024-25: 21.6 mpg, 10.6 ppg"
"fr_120_jordynjackson","fr_120_jordynjackson","Jordyn Jackson","Maryland Terrapins","120","Top-100 recruit","newcomer","none","St. James Performance Academy","Fr.",0,8,15.37,18.35,5.39,3.32,8.71,NA
"rec_120_trinityjones","rec_120_trinityjones","Trinity Jones","Maryland Terrapins","120","Top-100 recruit","newcomer","recruit","Top-100 recruit (added)","Fr.",0,11,14.42,17.2,5.04,3.2,8.24,NA
"5311550","5311550","Lea Bartelme","Maryland Terrapins","120","Returning","stats","id","Maryland Terrapins",NA,1,NA,13.34,15.92,1.78,0.75,2.54,NA
"5311552","5311552","Marya Boiko","Maryland Terrapins","120","Returning","stats","id","Maryland Terrapins",NA,1,NA,12.7,15.16,0.42,2.2,2.62,NA
"5311549","5311549","Rainey Welson","Maryland Terrapins","120","Returning","stats","id","Maryland Terrapins",NA,1,NA,10.85,12.95,2.18,1.44,3.62,"No. 34 recruit in 2025; pedigree counts 32% (312 college min)"
"fr_120_mimithiero","fr_120_mimithiero","Mimi Thiero","Maryland Terrapins","120","Top-100 recruit","newcomer","none","Quaker Valley HS","Fr.",0,45,10.18,12.14,3.48,2.66,6.14,NA
"5240179","5240179","Ava McKennie","Maryland Terrapins","120","Returning","stats","id","Maryland Terrapins",NA,2,NA,8.45,10.09,1.72,0.92,2.64,NA
"fr_120_evagraceyebila","fr_120_evagraceyebila","Eva-Grace Yebila","Maryland Terrapins","120","International (FIBA)","newcomer","none","City of London Academy Southwark","Fr.",0,NA,8.17,9.75,1.56,2.41,3.97,NA
"5240382","5240382","Yahmani McKayle","Massachusetts Minutewomen","113","Returning","stats","id","Massachusetts Minutewomen",NA,2,NA,28.92,34.51,3,0.9,3.9,NA
"5240388","5240388","Ayanna Franks","Massachusetts Minutewomen","113","Returning","stats","id","Massachusetts Minutewomen",NA,2,NA,25.25,30.14,-0.09,1.65,1.56,NA
"4900371","4900371","Reagan Hurst","Massachusetts Minutewomen","113","Transfer","stats","id","Tennessee Tech Golden Eagles",NA,4,NA,19.33,23.07,0.87,-1.09,-0.22,NA
"5174394","5174394","Chinenye Odenigbo","Massachusetts Minutewomen","113","Returning","stats","id","Massachusetts Minutewomen",NA,3,NA,19.2,22.91,0.54,0.79,1.33,NA
"5174522","5174522","Caroline Dotsey","Massachusetts Minutewomen","113","Transfer","stats","id","Butler Bulldogs",NA,3,NA,17.31,20.66,1.94,-0.06,1.88,NA
"5320180","5320180","Alba Caballero","Massachusetts Minutewomen","113","Transfer","stats","id","Ball State Cardinals",NA,1,NA,15.17,18.11,0.62,1.12,1.74,NA
"5313748","5313748","Aiyanna Perkins","Massachusetts Minutewomen","113","Returning","stats","id","Massachusetts Minutewomen",NA,1,NA,14.8,17.66,-0.37,0.47,0.1,NA
"5240384","5240384","Jess Ross","Massachusetts Minutewomen","113","Returning","stats","id","Massachusetts Minutewomen",NA,2,NA,10.4,12.41,-1.41,0.22,-1.19,NA
"fr_113_imanishelton","fr_113_imanishelton","Imani Shelton","Massachusetts Minutewomen","113","Newcomer","newcomer","none","Ardrey Kell","Fr.",0,NA,10.22,12.2,-0.69,0.38,-0.31,NA
"fr_113_kikiscott","fr_113_kikiscott","Kiki Scott","Massachusetts Minutewomen","113","Newcomer","newcomer","none","Rosedale Christian Academy","Fr.",0,NA,9.81,11.71,-0.69,0.38,-0.31,NA
"fr_113_kyliesooley","fr_113_kyliesooley","Kylie Sooley","Massachusetts Minutewomen","113","Newcomer","newcomer","none","Niagara Prep","Fr.",0,NA,9.36,11.17,-0.69,0.38,-0.31,NA
"fr_113_tessagladieux","fr_113_tessagladieux","Tessa Gladieux","Massachusetts Minutewomen","113","Newcomer","newcomer","none","DME Academy","Fr.",0,NA,9.03,10.78,-0.69,0.38,-0.31,NA
"5313749","5313749","Brooke Pulpi","Massachusetts Minutewomen","113","Returning","stats","id","Massachusetts Minutewomen",NA,1,NA,6.06,7.23,-1.29,-0.28,-1.57,NA
"5313750","5313750","Eva Hannon","Massachusetts Minutewomen","113","Returning","stats","id","Massachusetts Minutewomen",NA,1,NA,5.15,6.14,-2.07,-0.55,-2.62,NA
"5315640","5315640","Zy Thompson","McNeese Cowgirls","2377","Transfer","stats","id","UT Martin Skyhawks",NA,2,NA,24.45,29.19,2.8,0.99,3.79,NA
"5178026","5178026","Avari Berry","McNeese Cowgirls","2377","Returning","stats","id","McNeese Cowgirls",NA,3,NA,22.22,26.52,-2.01,1.9,-0.11,NA
"5315765","5315765","Carley Hamilton","McNeese Cowgirls","2377","Returning","stats","id","McNeese Cowgirls",NA,1,NA,18.53,22.11,-2.13,1.09,-1.04,NA
"5315561","5315561","Josefine Enander","McNeese Cowgirls","2377","Transfer","stats","id","Morehead State Eagles",NA,2,NA,16.81,20.06,-1.01,-0.86,-1.87,NA
"5241046","5241046","Morgan Boyd","McNeese Cowgirls","2377","Transfer","stats","id","Presbyterian Blue Hose",NA,2,NA,16.12,19.24,-4.08,-0.82,-4.9,NA
"5240631","5240631","Anja Ekstrom","McNeese Cowgirls","2377","Transfer","stats","id","Morehead State Eagles",NA,3,NA,15.83,18.9,-1.71,-1.2,-2.91,NA
"4433552","4433552","Valencia Fontenelle-Posson","McNeese Cowgirls","2377","Transfer","stats","id","Siena Saints",NA,4,NA,13.94,16.64,-1.49,0.09,-1.4,NA
"5320184","5320184","Laura Martinez","McNeese Cowgirls","2377","Transfer","stats","id","Ball State Cardinals",NA,1,NA,13.48,16.09,-1.55,0.49,-1.06,NA
"5312776","5312776","Matilde Motta","McNeese Cowgirls","2377","Transfer","stats","id","George Mason Patriots",NA,1,NA,13.17,15.72,-0.64,-0.03,-0.67,NA
"fr_2377_mariamcoulibaly","fr_2377_mariamcoulibaly","Mariam Coulibaly","McNeese Cowgirls","2377","Newcomer","newcomer","none","Chipola College","Jr.",0,NA,12.32,14.7,-1.02,1.15,0.13,NA
"fr_2377_sarahtaub","fr_2377_sarahtaub","Sarah Taub","McNeese Cowgirls","2377","Newcomer","newcomer","none","North Florida","Sr.",0,NA,11.67,13.93,-1.02,1.15,0.13,NA
"fr_2377_sumaiyaibrahim","fr_2377_sumaiyaibrahim","Sumaiya Ibrahim","McNeese Cowgirls","2377","Newcomer","newcomer","none","Midland College (Texas)","Jr.",0,NA,11.21,13.37,-1.02,1.15,0.13,NA
"fr_2377_kiralynch","fr_2377_kiralynch","Kira Lynch","McNeese Cowgirls","2377","International (FIBA)","newcomer","none","Muckross Park College","Fr.",0,NA,10.24,12.22,-2.91,0.37,-2.54,NA
"5178424","5178424","Daejah Richmond","Memphis Tigers","235","Returning","stats","id","Memphis Tigers",NA,3,NA,27.52,32.84,-1.35,1.99,0.64,NA
"5239066","5239066","Jordan Hunter","Memphis Tigers","235","Returning","stats","id","Memphis Tigers",NA,2,NA,24.27,28.96,-1.12,0.45,-0.66,NA
"5240917","5240917","Tamya Smith","Memphis Tigers","235","Returning","stats","id","Memphis Tigers",NA,2,NA,22.68,27.07,-1.12,0.47,-0.65,NA
"5178569","5178569","Anjanae Richardson","Memphis Tigers","235","Transfer","stats","id","Norfolk State Spartans",NA,3,NA,17.56,20.96,-2.22,1.07,-1.14,NA
"5243433","5243433","Tierney Kelsey","Memphis Tigers","235","Transfer","stats","id","Indiana State Sycamores",NA,2,NA,14.74,17.59,0.18,-1.94,-1.76,NA
"5107561","5107561","Destiny Thomas","Memphis Tigers","235","Transfer","stats","id","Cincinnati Bearcats",NA,3,NA,14.54,17.35,1.7,-0.39,1.31,NA
"5314683","5314683","Ari Gordon","Memphis Tigers","235","Transfer","stats","id","Oral Roberts Golden Eagles",NA,3,NA,14.51,17.32,0.42,0.29,0.71,NA
"5242678","5242678","Ainaya Williams","Memphis Tigers","235","Transfer","stats","id","Southeast Missouri State Redhawks",NA,2,NA,12.16,14.51,1.59,-0.37,1.21,NA
"4565523","4565523","Amauri Williams","Memphis Tigers","235","Returning","stats","id","Memphis Tigers",NA,4,NA,11.04,13.18,-0.07,-0.98,-1.05,NA
"fr_235_aubreyhampton","fr_235_aubreyhampton","Aubrey Hampton","Memphis Tigers","235","Newcomer","newcomer","none","Cypress Creek HS","Fr.",0,NA,9.43,11.25,-2.53,0.35,-2.18,NA
"fr_235_khyragarrett","fr_235_khyragarrett","Khyra Garrett","Memphis Tigers","235","Newcomer","newcomer","none","National Park College","Jr.",0,NA,8.98,10.72,-2.53,0.35,-2.18,NA
"fr_235_lilymelton","fr_235_lilymelton","Lily Melton","Memphis Tigers","235","Newcomer","newcomer","none","Columbia State C.C.","Jr.",0,NA,8.66,10.34,-2.53,0.35,-2.18,NA
"fr_235_sedagabrielyan","fr_235_sedagabrielyan","Seda Gabrielyan","Memphis Tigers","235","Newcomer","newcomer","none","New Mexico State","R-So.",0,NA,8.07,9.63,-2.53,0.35,-2.18,NA
"5174308","5174308","Bailey Gilmore","Memphis Tigers","235","Returning","stats","id","Memphis Tigers",NA,2,NA,5.83,6.96,-5.16,-0.75,-5.91,NA
"5178103","5178103","Micah O'Dell","Mercer Bears","2382","Returning","stats","id","Mercer Bears",NA,3,NA,31.66,37.79,-3.28,-1.35,-4.63,NA
"5175481","5175481","Abigail Holtman","Mercer Bears","2382","Returning","stats","id","Mercer Bears",NA,3,NA,29.32,34.99,1.61,-0.52,1.08,NA
"5108929","5108929","Ada Anamekwe","Mercer Bears","2382","Transfer","stats","id","Brown Bears",NA,4,NA,22.69,27.08,-0.47,0.78,0.3,NA
"fr_2382_jalawilson","fr_2382_jalawilson","Jala Wilson","Mercer Bears","2382","Newcomer","newcomer","none","Whitehaven HS","Fr.",0,NA,18.47,22.04,-2.07,-1.12,-3.2,NA
"5240570","5240570","Rachel Shropshire","Mercer Bears","2382","Transfer","stats","id","Bellarmine Knights",NA,2,NA,17.93,21.4,-3.95,-2.36,-6.31,NA
"fr_2382_avanitella","fr_2382_avanitella","Avani Tella","Mercer Bears","2382","Newcomer","newcomer","none","Cairine Wilson Secondary School","Fr.",0,NA,17.14,20.45,-2.07,-1.12,-3.2,NA
"fr_2382_kaylenkenney","fr_2382_kaylenkenney","Kaylen Kenney","Mercer Bears","2382","Newcomer","newcomer","none","Ezell-Harding Christian School","Fr.",0,NA,16.82,20.07,-2.07,-1.12,-3.2,NA
"5314303","5314303","Jah'Naesia Spiers","Mercer Bears","2382","Transfer","stats","id","Memphis Tigers",NA,1,NA,16.01,19.1,-3.5,-0.31,-3.81,NA
"fr_2382_kimorajenkins","fr_2382_kimorajenkins","Kimora Jenkins","Mercer Bears","2382","Newcomer","newcomer","none","Arizona Western College","So.",0,NA,15.41,18.39,-2.07,-1.12,-3.2,NA
"fr_2382_maliyahlofton","fr_2382_maliyahlofton","Maliyah Lofton","Mercer Bears","2382","Newcomer","newcomer","none","Western Reserve Academy","Fr.",0,NA,14.56,17.38,-2.07,-1.12,-3.2,NA
"5315195","5315195","Sofia Wilson","Mercyhurst Lakers","2385","Returning","stats","id","Mercyhurst Lakers",NA,1,NA,27.2,32.46,0.02,-2.99,-2.97,NA
"5240702","5240702","Lena Walz","Mercyhurst Lakers","2385","Returning","stats","id","Mercyhurst Lakers",NA,2,NA,25.23,30.12,-0.34,-3.41,-3.75,NA
"5242521","5242521","Cici Hernandez","Mercyhurst Lakers","2385","Returning","stats","id","Mercyhurst Lakers",NA,2,NA,23.55,28.11,2.9,-4.54,-1.64,NA
"5242525","5242525","Erica Hall","Mercyhurst Lakers","2385","Returning","stats","id","Mercyhurst Lakers",NA,2,NA,20.24,24.15,-1.38,-4.63,-6.01,NA
"5246843","5246843","Carmaya Bowman","Mercyhurst Lakers","2385","Transfer","stats","id","Jacksonville Dolphins",NA,3,NA,17.06,20.36,1.67,-0.92,0.74,NA
"5242522","5242522","Alena Fusetti","Mercyhurst Lakers","2385","Returning","stats","id","Mercyhurst Lakers",NA,2,NA,13.81,16.48,-0.79,-3.25,-4.05,NA
"5313116","5313116","Layke Fields","Mercyhurst Lakers","2385","Transfer","stats","id","Robert Morris Colonials",NA,1,NA,11.71,13.97,-0.95,-0.91,-1.86,NA
"5187638","5187638","Maya Aguilar","Mercyhurst Lakers","2385","Transfer (non-D1)","stats","none","Minot State Beavers",NA,3,NA,10.7,12.77,-1.13,-0.83,-1.96,"Valued at the D2/NAIA level (assumed)"
"5315191","5315191","Shannon Heine","Mercyhurst Lakers","2385","Returning","stats","id","Mercyhurst Lakers",NA,1,NA,10.38,12.39,-3.93,-3.05,-6.98,NA
"fr_2385_brookemissry","fr_2385_brookemissry","Brooke Missry","Mercyhurst Lakers","2385","Newcomer","newcomer","none","St. Rose","Fr.",0,NA,8.81,10.52,-1.79,-3.37,-5.16,NA
"5315190","5315190","Julia Lewis","Mercyhurst Lakers","2385","Returning","stats","id","Mercyhurst Lakers",NA,1,NA,8.65,10.33,-4.5,-2.82,-7.32,NA
"fr_2385_nataliespano","fr_2385_nataliespano","Natalie Spano","Mercyhurst Lakers","2385","Newcomer","newcomer","none","Cathedral Prep","Fr.",0,NA,8.48,10.12,-1.79,-3.37,-5.16,NA
"fr_2385_nierastevens","fr_2385_nierastevens","Niera Stevens","Mercyhurst Lakers","2385","Newcomer","newcomer","none","Archbishop Hoban","Fr.",0,NA,7.87,9.39,-1.79,-3.37,-5.16,NA
"5242526","5242526","Ella Cupka","Mercyhurst Lakers","2385","Returning","stats","id","Mercyhurst Lakers",NA,2,NA,6.31,7.52,-4.5,-2.29,-6.79,NA
"5313865","5313865","Naomi Wilson","Merrimack Warriors","2771","Transfer","stats","id","Winthrop Eagles",NA,3,NA,22.28,26.59,-2.27,-0.89,-3.16,NA
"5313604","5313604","Joi Williams","Merrimack Warriors","2771","Returning","stats","id","Merrimack Warriors",NA,1,NA,20.51,24.48,-0.13,-1.25,-1.38,NA
"5239921","5239921","Claudia Marina","Merrimack Warriors","2771","Transfer","stats","id","Florida International Panthers",NA,2,NA,20.02,23.89,-2.42,-1.61,-4.03,NA
"fr_2771_abrielgrantcaracas","fr_2771_abrielgrantcaracas","Abriel Grant-Caracas","Merrimack Warriors","2771","Newcomer","newcomer","none",NA,"Fr.",0,NA,16.54,19.74,-1.69,-0.82,-2.51,NA
"fr_2771_claudiacrespo","fr_2771_claudiacrespo","Claudia Crespo","Merrimack Warriors","2771","Newcomer","newcomer","none",NA,"Fr.",0,NA,14.84,17.71,-1.69,-0.82,-2.51,NA
"fr_2771_csengeszomszed","fr_2771_csengeszomszed","Csenge Szomszed","Merrimack Warriors","2771","Newcomer","newcomer","none","Casper College","Jr.",0,NA,13.76,16.42,-1.69,-0.82,-2.51,NA
"fr_2771_jennamishou","fr_2771_jennamishou","Jenna Mishou","Merrimack Warriors","2771","Newcomer","newcomer","none","Archbishop Williams","Fr.",0,NA,12.54,14.97,-1.69,-0.82,-2.51,NA
"fr_2771_miacarmody","fr_2771_miacarmody","Mia Carmody","Merrimack Warriors","2771","Newcomer","newcomer","none","Voorheesville High School","Fr.",0,NA,11.5,13.73,-1.69,-0.82,-2.51,NA
"fr_2771_oliviavick","fr_2771_oliviavick","Olivia Vick","Merrimack Warriors","2771","Newcomer","newcomer","none","Whitney M. Young High School","Jr.",0,NA,10.88,12.98,-1.69,-0.82,-2.51,NA
"5314786","5314786","Emma Dibarboure","Merrimack Warriors","2771","Transfer","stats","id","Western Michigan Broncos",NA,1,NA,10.72,12.79,-3.24,-0.41,-3.65,NA
"fr_2771_samanthagrella","fr_2771_samanthagrella","Samantha Grella","Merrimack Warriors","2771","Newcomer","newcomer","none","Immaculate Heart Academy","Fr.",0,NA,10.43,12.44,-1.69,-0.82,-2.51,NA
"5313819","5313819","Kelsey Miller","Merrimack Warriors","2771","Transfer","stats","id","High Point Panthers",NA,1,NA,10.4,12.41,-2.11,-0.8,-2.9,NA
"5174333","5174333","Jamie Kent","Merrimack Warriors","2771","Transfer","stats","id","New Hampshire Wildcats",NA,3,NA,10.26,12.25,-3.06,-0.59,-3.65,NA
"5240252","5240252","Olivia Borsutzki","Merrimack Warriors","2771","Transfer","stats","id","Omaha Mavericks",NA,3,NA,8.94,10.67,-2.76,-0.74,-3.5,"Missed 2025-26; 2024-25: 3.0 mpg, 0.0 ppg"
"5242039","5242039","Kristen Kelley","Merrimack Warriors","2771","Returning","stats","id","Merrimack Warriors",NA,2,NA,6.38,7.61,-2.42,-0.39,-2.81,NA
"5178499","5178499","Amber Tretter","Miami (OH) RedHawks","193","Returning","stats","id","Miami (OH) RedHawks",NA,3,NA,29.5,35.21,5.45,2.69,8.15,NA
"5178500","5178500","Nuria Jurjo","Miami (OH) RedHawks","193","Returning","stats","id","Miami (OH) RedHawks",NA,3,NA,26.19,31.25,-0.75,2.59,1.84,NA
"5175681","5175681","Julianna LaMendola","Miami (OH) RedHawks","193","Transfer","stats","id","Grand Canyon Lopes",NA,3,NA,21.92,26.16,2.07,2.39,4.46,NA
"5312675","5312675","Addison Baxter","Miami (OH) RedHawks","193","Transfer","stats","id","Butler Bulldogs",NA,1,NA,19.67,23.48,0.75,1.07,1.82,NA
"5109039","5109039","Brooke Blumenfeld","Miami (OH) RedHawks","193","Returning","stats","id","Miami (OH) RedHawks",NA,3,NA,15.86,18.93,1.71,-0.44,1.26,NA
"5311542","5311542","Jade Ondineme","Miami (OH) RedHawks","193","Transfer","stats","id","Indiana Hoosiers",NA,3,NA,15.71,18.75,0.5,0.38,0.88,NA
"5240254","5240254","Lucía Martínez López","Miami (OH) RedHawks","193","Transfer","stats","id","Xavier Musketeers",NA,2,NA,15.64,18.67,-1.38,0.66,-0.72,NA
"5238307","5238307","Audrey Biggs","Miami (OH) RedHawks","193","Transfer","stats","id","Pittsburgh Panthers",NA,2,NA,13.58,16.21,-1,-0.99,-1.99,NA
"fr_193_adelaplansbellavista","fr_193_adelaplansbellavista","Adela Plans Bellavista","Miami (OH) RedHawks","193","Newcomer","newcomer","none","Institut Joaquim Blume","Fr.",0,NA,11.19,13.36,-0.61,0.91,0.3,NA
"fr_193_brookezartman","fr_193_brookezartman","Brooke Zartman","Miami (OH) RedHawks","193","Newcomer","newcomer","none","Warsaw Community","Fr.",0,NA,10.75,12.83,-0.61,0.91,0.3,NA
"fr_193_laiajove","fr_193_laiajove","Laia Jové","Miami (OH) RedHawks","193","Newcomer","newcomer","none","Escola Vedruna Gràcia","Fr.",0,NA,10.26,12.25,-0.61,0.91,0.3,NA
"fr_193_dominikaullmann","fr_193_dominikaullmann","Dominika Ullmann","Miami (OH) RedHawks","193","International (FIBA)","newcomer","none","Szkola Mistrzostwa","Fr.",0,NA,9.72,11.6,-1.63,0.76,-0.86,NA
"5242255","5242255","Gal Raviv","Miami Hurricanes","2390","Returning","stats","id","Miami Hurricanes",NA,2,NA,30.17,36.01,3.46,1.7,5.16,NA
"5178159","5178159","Amarachi Kimpson","Miami Hurricanes","2390","Returning","stats","id","Miami Hurricanes",NA,3,NA,27.92,33.32,5.6,1.18,6.78,NA
"5238295","5238295","Ahnay Adams","Miami Hurricanes","2390","Returning","stats","id","Miami Hurricanes",NA,2,NA,25.45,30.38,3.11,2.03,5.14,NA
"5243487","5243487","Gianna Corbitt","Miami Hurricanes","2390","Transfer","stats","id","Chattanooga Mocs",NA,2,NA,20,23.87,4.71,2.74,7.45,NA
"5241566","5241566","Dayana Mendes","Miami Hurricanes","2390","Transfer","stats","id","USC Trojans",NA,2,NA,19.1,22.8,0.93,2.13,3.07,NA
"5312395","5312395","Natalie Wetzel","Miami Hurricanes","2390","Returning","stats","id","Miami Hurricanes",NA,1,NA,17.3,20.64,1.05,1.46,2.5,NA
"5312393","5312393","Soma Okolo","Miami Hurricanes","2390","Returning","stats","id","Miami Hurricanes",NA,1,NA,15.45,18.44,2.25,1.33,3.58,NA
"fr_2390_annaliepina","fr_2390_annaliepina","Anna Liepina","Miami Hurricanes","2390","International (FIBA)","newcomer","none",NA,"Fr.",0,NA,12.36,14.75,-0.04,1.36,1.32,NA
"fr_2390_jessminezodia","fr_2390_jessminezodia","Jess-Mine Zodia","Miami Hurricanes","2390","Newcomer","newcomer","none",NA,"Fr.",0,NA,11.7,13.96,0.23,0.95,1.19,NA
"fr_2390_majauranker","fr_2390_majauranker","Maja Uranker","Miami Hurricanes","2390","Newcomer","newcomer","none",NA,"Fr.",0,NA,11.24,13.41,0.23,0.95,1.19,NA
"5251947","5251947","Mya Herman","Miami Hurricanes","2390","Transfer (non-D1)","stats","none","Southeastern Fires",NA,3,NA,9.31,11.11,-2.11,0.81,-1.31,"Valued at the D2/NAIA level (assumed)"
"5178008","5178008","Carter McCray","Michigan State Spartans","127","Transfer","stats","id","West Virginia Mountaineers",NA,3,NA,25.38,30.3,5.36,2.2,7.56,NA
"5107854","5107854","Theryn Hallock","Michigan State Spartans","127","Returning","stats","id","Michigan State Spartans",NA,4,NA,24.78,29.57,4.22,2.36,6.58,NA
"5239458","5239458","Tabitha Betson","Michigan State Spartans","127","Transfer","stats","id","Colorado Buffaloes",NA,2,NA,22,26.26,1.59,1.95,3.54,NA
"4899051","4899051","Isaline Alexander","Michigan State Spartans","127","Returning","stats","id","Michigan State Spartans",NA,4,NA,17.69,21.11,5.9,1.86,7.76,NA
"5312673","5312673","Anna Wypych","Michigan State Spartans","127","Transfer","stats","id","Butler Bulldogs",NA,1,NA,17.2,20.53,3.8,0.55,4.35,NA
"fr_127_lillywilliams","fr_127_lillywilliams","Lilly Williams","Michigan State Spartans","127","Top-100 recruit","newcomer","none",NA,"Fr.",0,17,14.21,16.95,4.66,2.64,7.3,NA
"5311565","5311565","Amy Terrian","Michigan State Spartans","127","Returning","stats","id","Michigan State Spartans",NA,1,NA,11.63,13.88,4.62,1.41,6.02,"No. 87 recruit in 2025; pedigree counts 38% (240 college min)"
"5311564","5311564","Sara Sambolic","Michigan State Spartans","127","Returning","stats","id","Michigan State Spartans",NA,3,NA,11.29,13.47,1.56,0.95,2.52,NA
"5240011","5240011","Alie Bisballe","Michigan State Spartans","127","Transfer","stats","id","Wisconsin Badgers",NA,2,NA,10.36,12.37,0.35,0.34,0.69,NA
"fr_127_kathyemmaotto","fr_127_kathyemmaotto","Kathy-Emma Otto","Michigan State Spartans","127","International (FIBA)","newcomer","none",NA,"Fr.",0,NA,10.33,12.33,1.74,2.07,3.81,NA
"fr_127_moniquebobongie","fr_127_moniquebobongie","Monique Bobongie","Michigan State Spartans","127","Newcomer","newcomer","none",NA,"So.",0,NA,9.93,11.85,2.05,1.69,3.74,NA
"fr_127_uchekaine","fr_127_uchekaine","Uche Kaine","Michigan State Spartans","127","Newcomer","newcomer","none","South Georgia Technical College","So.",0,NA,9.5,11.34,2.05,1.69,3.74,NA
"fr_127_emmabroliron","fr_127_emmabroliron","Emma Broliron","Michigan State Spartans","127","International (FIBA)","newcomer","none",NA,"Fr.",0,NA,9,10.74,0.93,1.47,2.4,NA
"5311566","5311566","Anna Terrian","Michigan State Spartans","127","Returning","stats","id","Michigan State Spartans",NA,1,NA,6.71,8,0.34,0.41,0.74,NA
"5240183","5240183","Olivia Olson","Michigan Wolverines","130","Returning","stats","id","Michigan Wolverines",NA,2,NA,27.38,32.68,10.55,5.61,16.15,NA
"5240185","5240185","Syla Swords","Michigan Wolverines","130","Returning","stats","id","Michigan Wolverines",NA,2,NA,25.62,30.58,6.46,4.59,11.06,NA
"5240184","5240184","Mila Holloway","Michigan Wolverines","130","Returning","stats","id","Michigan Wolverines",NA,2,NA,22.67,27.06,4.61,4.93,9.54,NA
"5240186","5240186","Te'Yala Delfosse","Michigan Wolverines","130","Returning","stats","id","Michigan Wolverines",NA,2,NA,19.05,22.73,8.3,4.46,12.76,NA
"5175936","5175936","Courtney Ogden","Michigan Wolverines","130","Transfer","stats","id","Stanford Cardinal",NA,3,NA,18.35,21.9,4.61,1.78,6.39,NA
"5176903","5176903","Ashley Sofilkanich","Michigan Wolverines","130","Returning","stats","id","Michigan Wolverines",NA,3,NA,14.14,16.87,6.11,3.85,9.95,NA
"5239705","5239705","Kendall Dudley","Michigan Wolverines","130","Returning","stats","id","Michigan Wolverines",NA,2,NA,13.13,15.67,3.57,4.69,8.27,NA
"5175688","5175688","Macy Brown","Michigan Wolverines","130","Returning","stats","id","Michigan Wolverines",NA,3,NA,10.13,12.09,0.01,3.53,3.54,NA
"fr_130_dallasloughridge","fr_130_dallasloughridge","Dallas Loughridge","Michigan Wolverines","130","Newcomer","newcomer","none",NA,"Sr.",0,NA,8.64,10.32,1.94,3.13,5.08,NA
"fr_130_fopeayo","fr_130_fopeayo","Fope Ayo","Michigan Wolverines","130","Newcomer","newcomer","none","Austin Preparatory School","Fr.",0,NA,8.37,9.99,1.94,3.13,5.08,NA
"rec_130_ayomofopefoluwa","rec_130_ayomofopefoluwa","Ayo Mofopefoluwa","Michigan Wolverines","130","Top-100 recruit","newcomer","recruit","Top-100 recruit (added)","Fr.",0,50,8.21,9.79,3.37,3.67,7.04,NA
"fr_130_devincosgriff","fr_130_devincosgriff","Devin Cosgriff","Michigan Wolverines","130","Top-100 recruit","newcomer","none","Archbishop Mitty","Fr.",0,60,7.69,9.18,3.17,3.6,6.77,NA
"5311556","5311556","Ciara Byars","Michigan Wolverines","130","Returning","stats","id","Michigan Wolverines",NA,1,NA,7.02,8.38,2.43,1.26,3.69,"No. 67 recruit in 2025; pedigree counts 75% (50 college min)"
"5311555","5311555","Jessica Fields","Michigan Wolverines","130","Returning","stats","id","Michigan Wolverines",NA,1,NA,6.03,7.2,0.55,1.86,2.41,"No. 97 recruit in 2025; pedigree counts 75% (50 college min)"
"5240187","5240187","Aaiyanna Dunbar","Michigan Wolverines","130","Returning","stats","id","Michigan Wolverines",NA,2,NA,3.58,4.28,-0.97,0.53,-0.45,NA
"5312934","5312934","Blair Baugus","Middle Tennessee Blue Raiders","2393","Returning","stats","id","Middle Tennessee Blue Raiders",NA,1,NA,29.68,35.42,4.51,1.41,5.92,NA
"5312933","5312933","Kirston Verhulst","Middle Tennessee Blue Raiders","2393","Returning","stats","id","Middle Tennessee Blue Raiders",NA,1,NA,25.56,30.5,-1.22,-0.18,-1.4,NA
"5242686","5242686","Xai Whitfield","Middle Tennessee Blue Raiders","2393","Transfer","stats","id","Tennessee State Lady Tigers",NA,2,NA,17.83,21.28,-0.42,-1.02,-1.44,NA
"5312932","5312932","Carsyn Swaney","Middle Tennessee Blue Raiders","2393","Returning","stats","id","Middle Tennessee Blue Raiders",NA,1,NA,17.79,21.23,-0.57,-0.52,-1.1,NA
"fr_2393_aaliyahblanchard","fr_2393_aaliyahblanchard","Aaliyah Blanchard","Middle Tennessee Blue Raiders","2393","Top-100 recruit","newcomer","none","Hoover HS","Fr.",0,76,17.24,20.58,-0.16,0.1,-0.07,NA
"5177811","5177811","Stanislava Kabernick","Middle Tennessee Blue Raiders","2393","Returning","stats","id","Middle Tennessee Blue Raiders",NA,2,NA,13.25,15.81,-2.36,0.04,-2.31,NA
"5108034","5108034","Mya Kone","Middle Tennessee Blue Raiders","2393","Transfer","stats","id","Miami Hurricanes",NA,3,NA,13.21,15.76,-0.69,0.15,-0.55,NA
"5240795","5240795","Elisa Mehyar","Middle Tennessee Blue Raiders","2393","Transfer","stats","id","Oregon State Beavers",NA,2,NA,12.12,14.46,-0.18,-0.69,-0.87,NA
"fr_2393_kennedineale","fr_2393_kennedineale","Kennedi Neale","Middle Tennessee Blue Raiders","2393","Newcomer","newcomer","none","Strongsville HS","So.",0,NA,11.91,14.22,-1.12,-0.28,-1.41,NA
"fr_2393_mclaynebobo","fr_2393_mclaynebobo","McLayne Bobo","Middle Tennessee Blue Raiders","2393","Newcomer","newcomer","none","Tullahoma HS","Fr.",0,NA,10.94,13.05,-1.12,-0.28,-1.41,NA
"fr_2393_maayancohen","fr_2393_maayancohen","Maayan Cohen","Middle Tennessee Blue Raiders","2393","International (FIBA)","newcomer","none",NA,"Fr.",0,NA,10.17,12.13,-2.16,-0.44,-2.6,NA
"5312936","5312936","Nicole Dominguez","Middle Tennessee Blue Raiders","2393","Returning","stats","id","Middle Tennessee Blue Raiders",NA,1,NA,8.54,10.19,-0.73,0.47,-0.26,NA
"5107339","5107339","Gracie Hamby","Middle Tennessee Blue Raiders","2393","Returning","stats","id","Middle Tennessee Blue Raiders",NA,3,NA,6.35,7.58,-1.39,-0.49,-1.88,NA
"5312935","5312935","Jenna McClendon","Middle Tennessee Blue Raiders","2393","Returning","stats","id","Middle Tennessee Blue Raiders",NA,1,NA,5.42,6.47,-2.02,-0.97,-2.99,NA
"5178004","5178004","Payton Rechlicz","Milwaukee Panthers","270","Returning","stats","id","Milwaukee Panthers",NA,2,NA,27.14,32.38,-2.2,-2.65,-4.86,NA
"5313045","5313045","Madison Fitzgibbon","Milwaukee Panthers","270","Returning","stats","id","Milwaukee Panthers",NA,1,NA,21.67,25.86,-1.9,-2.49,-4.4,NA
"5108671","5108671","Jada Williams","Milwaukee Panthers","270","Returning","stats","id","Milwaukee Panthers",NA,3,NA,19.84,23.68,-2.92,-2.26,-5.18,NA
"5243444","5243444","Jaeda Murphy","Milwaukee Panthers","270","Transfer","stats","id","Mississippi Valley State Devilettes",NA,2,NA,18.62,22.22,-1.87,-2.38,-4.25,NA
"5313042","5313042","Tierney Madigan","Milwaukee Panthers","270","Returning","stats","id","Milwaukee Panthers",NA,1,NA,16.3,19.45,1.95,-1.15,0.8,NA
"5241120","5241120","Kendall Barnes","Milwaukee Panthers","270","Returning","stats","id","Milwaukee Panthers",NA,1,NA,15.07,17.99,0.81,-1.62,-0.8,NA
"5178002","5178002","Sophia Rampulla","Milwaukee Panthers","270","Returning","stats","id","Milwaukee Panthers",NA,2,NA,13.47,16.08,-2.19,-1.23,-3.42,NA
"5240976","5240976","Valerie Cassidy-De Falco","Milwaukee Panthers","270","Returning","stats","id","Milwaukee Panthers",NA,2,NA,11.76,14.03,-4.81,-1.89,-6.7,NA
"5313046","5313046","Rita Gomes","Milwaukee Panthers","270","Returning","stats","id","Milwaukee Panthers",NA,3,NA,10.5,12.53,0.03,-1.62,-1.59,NA
"5178003","5178003","Izzy Pugh","Milwaukee Panthers","270","Returning","stats","id","Milwaukee Panthers",NA,2,NA,10.12,12.08,-1.35,-1.71,-3.06,NA
"5313047","5313047","Olivia Olson","Milwaukee Panthers","270","Newcomer","stats","none","Milwaukee Panthers",NA,1,NA,9.42,11.24,-2.36,-1.89,-4.25,NA
"5241122","5241122","Cece McNair","Milwaukee Panthers","270","Returning","stats","id","Milwaukee Panthers",NA,1,NA,9.31,11.11,-2.16,-0.88,-3.04,NA
"fr_270_kyliebutler","fr_270_kyliebutler","Kylie Butler","Milwaukee Panthers","270","Newcomer","newcomer","none","Argyle","Fr.",0,NA,8.75,10.45,-2.36,-1.89,-4.25,NA
"fr_270_natayadonaldson","fr_270_natayadonaldson","Nataya Donaldson","Milwaukee Panthers","270","Newcomer","newcomer","none","Beaver Dam","Fr.",0,NA,8.04,9.6,-2.36,-1.89,-4.25,NA
"5175701","5175701","Grace Grocholski","Minnesota Golden Gophers","135","Returning","stats","id","Minnesota Golden Gophers",NA,3,NA,27.85,33.24,7.77,3.33,11.1,NA
"4858666","4858666","Mara Braun","Minnesota Golden Gophers","135","Returning","stats","id","Minnesota Golden Gophers",NA,3,NA,25.64,30.6,3.8,4.03,7.82,NA
"5240193","5240193","Tori McKinney","Minnesota Golden Gophers","135","Returning","stats","id","Minnesota Golden Gophers",NA,2,NA,23.11,27.58,8.29,3.87,12.16,NA
"5107391","5107391","Gracie Merkle","Minnesota Golden Gophers","135","Transfer","stats","id","Penn State Lady Lions",NA,3,NA,19.83,23.67,11.4,0.73,12.13,NA
"5238297","5238297","Leah Harmon","Minnesota Golden Gophers","135","Transfer","stats","id","UCF Knights",NA,2,NA,16.57,19.77,3.77,0.72,4.49,NA
"5240201","5240201","Tayla Thomas","Minnesota Golden Gophers","135","Transfer","stats","id","Northwestern Wildcats",NA,2,NA,14.07,16.79,2.2,1.49,3.69,NA
"5311570","5311570","Makena Christian","Minnesota Golden Gophers","135","Returning","stats","id","Minnesota Golden Gophers",NA,1,NA,10.73,12.81,4.05,2.11,6.16,"No. 52 recruit in 2025; pedigree counts 33% (311 college min)"
"fr_135_nataliekussow","fr_135_nataliekussow","Natalie Kussow","Minnesota Golden Gophers","135","Top-100 recruit","newcomer","none",NA,"Fr.",0,42,10.17,12.14,3.37,2.93,6.3,NA
"fr_135_torioehrlein","fr_135_torioehrlein","Tori Oehrlein","Minnesota Golden Gophers","135","Top-100 recruit","newcomer","none",NA,"Fr.",0,46,9.9,11.81,3.27,2.9,6.17,NA
"fr_135_aditkuol","fr_135_aditkuol","Adit Kuol","Minnesota Golden Gophers","135","Newcomer","newcomer","none",NA,"Fr.",0,NA,9.25,11.04,1.75,2.33,4.08,NA
"fr_135_kyleepaben","fr_135_kyleepaben","Kylee Paben","Minnesota Golden Gophers","135","Newcomer","newcomer","none",NA,"Fr.",0,NA,8.86,10.57,1.75,2.33,4.08,NA
"5175689","5175689","Taylor Woodson","Minnesota Golden Gophers","135","Returning","stats","id","Minnesota Golden Gophers",NA,3,NA,7.59,9.05,-1.16,0.74,-0.42,NA
"5175700","5175700","Kennedy Klick","Minnesota Golden Gophers","135","Returning","stats","id","Minnesota Golden Gophers",NA,2,NA,7.35,8.77,0.84,1.42,2.26,NA
"5175699","5175699","Brynn Senden","Minnesota Golden Gophers","135","Returning","stats","id","Minnesota Golden Gophers",NA,3,NA,5.21,6.22,-0.44,0.83,0.38,NA
"5311569","5311569","Zoey Bershers","Minnesota Golden Gophers","135","Returning","stats","id","Minnesota Golden Gophers",NA,1,NA,3.88,4.63,-0.56,0.44,-0.12,NA
"5311605","5311605","Madison Francis","Mississippi State Bulldogs","344","Returning","stats","id","Mississippi State Bulldogs",NA,1,NA,26.36,31.46,4.66,2.59,7.25,NA
"5311604","5311604","Favour Nwaedozi","Mississippi State Bulldogs","344","Returning","stats","id","Mississippi State Bulldogs",NA,3,NA,25.74,30.72,7.26,2.5,9.77,NA
"5312937","5312937","Macie Phifer","Mississippi State Bulldogs","344","Transfer","stats","id","Middle Tennessee Blue Raiders",NA,1,NA,20.91,24.95,2.56,1.05,3.61,NA
"5240952","5240952","Cali Smallwood","Mississippi State Bulldogs","344","Transfer","stats","id","UAB Blazers",NA,3,NA,18.74,22.36,3.79,-0.5,3.28,NA
"5314955","5314955","Reese Beaty","Mississippi State Bulldogs","344","Transfer","stats","id","Iowa State Cyclones",NA,1,NA,18.47,22.04,1.84,1.21,3.05,NA
"5174373","5174373","Aryss Macktoon","Mississippi State Bulldogs","344","Transfer","stats","id","La Salle Explorers",NA,3,NA,17.7,21.13,2.07,2.74,4.81,NA
"fr_344_lanismallwood","fr_344_lanismallwood","Lani Smallwood","Mississippi State Bulldogs","344","Top-100 recruit","newcomer","none","Albertville HS","Fr.",0,78,12.69,15.14,1.73,1.39,3.12,NA
"fr_344_andreaflores","fr_344_andreaflores","Andrea Flores","Mississippi State Bulldogs","344","Newcomer","newcomer","none","Daniel Boone HS","Fr.",0,NA,11.39,13.6,0.8,1.02,1.82,NA
"fr_344_ariannyfranciscodeoliveira","fr_344_ariannyfranciscodeoliveira","Arianny Francisco de Oliveira","Mississippi State Bulldogs","344","Newcomer","newcomer","none","Gulf Coast State","Jr.",0,NA,10.81,12.9,0.8,1.02,1.82,NA
"fr_344_gracendubueze","fr_344_gracendubueze","Grace Ndubueze","Mississippi State Bulldogs","344","Newcomer","newcomer","none",NA,"Fr.",0,NA,10.39,12.4,0.8,1.02,1.82,NA
"fr_344_ludovicasammartino","fr_344_ludovicasammartino","Ludovica Sammartino","Mississippi State Bulldogs","344","Newcomer","newcomer","none","San Francesco","Jr.",0,NA,9.93,11.85,0.8,1.02,1.82,NA
"fr_344_tootielockett","fr_344_tootielockett","Tootie Lockett","Mississippi State Bulldogs","344","Newcomer","newcomer","none","Itawamba CC","Jr.",0,NA,9.59,11.45,0.8,1.02,1.82,NA
"5329887","5329887","Melissa Guillet","Mississippi State Bulldogs","344","Returning","stats","id","Mississippi State Bulldogs",NA,1,NA,7.27,8.68,-0.48,-0.11,-0.59,NA
"pad_2400_1","pad_2400_1","Unlisted roster spot","Mississippi Valley State Devilettes","2400","Unlisted spot","pad","pad",NA,NA,0,NA,26.78,31.96,-3.72,-2.42,-6.14,NA
"pad_2400_2","pad_2400_2","Unlisted roster spot","Mississippi Valley State Devilettes","2400","Unlisted spot","pad","pad",NA,NA,0,NA,24.24,28.93,-3.72,-2.42,-6.14,NA
"pad_2400_3","pad_2400_3","Unlisted roster spot","Mississippi Valley State Devilettes","2400","Unlisted spot","pad","pad",NA,NA,0,NA,22.27,26.58,-3.72,-2.42,-6.14,NA
"pad_2400_6","pad_2400_6","Unlisted roster spot","Mississippi Valley State Devilettes","2400","Unlisted spot","pad","pad",NA,NA,0,NA,20.81,24.83,-3.72,-2.42,-6.14,NA
"pad_2400_4","pad_2400_4","Unlisted roster spot","Mississippi Valley State Devilettes","2400","Unlisted spot","pad","pad",NA,NA,0,NA,20.07,23.95,-3.72,-2.42,-6.14,NA
"pad_2400_7","pad_2400_7","Unlisted roster spot","Mississippi Valley State Devilettes","2400","Unlisted spot","pad","pad",NA,NA,0,NA,18.88,22.53,-3.72,-2.42,-6.14,NA
"pad_2400_5","pad_2400_5","Unlisted roster spot","Mississippi Valley State Devilettes","2400","Unlisted spot","pad","pad",NA,NA,0,NA,17.93,21.4,-3.72,-2.42,-6.14,NA
"pad_2400_8","pad_2400_8","Unlisted roster spot","Mississippi Valley State Devilettes","2400","Unlisted spot","pad","pad",NA,NA,0,NA,17.24,20.57,-3.72,-2.42,-6.14,NA
"pad_2400_9","pad_2400_9","Unlisted roster spot","Mississippi Valley State Devilettes","2400","Unlisted spot","pad","pad",NA,NA,0,NA,16.24,19.39,-3.72,-2.42,-6.14,NA
"pad_2400_10","pad_2400_10","Unlisted roster spot","Mississippi Valley State Devilettes","2400","Unlisted spot","pad","pad",NA,NA,0,NA,15.53,18.53,-3.72,-2.42,-6.14,NA
"5178529","5178529","Kaemyn Bekemeier","Missouri State Lady Bears","2623","Returning","stats","id","Missouri State Lady Bears",NA,3,NA,30.33,36.2,5.77,2.5,8.28,NA
"5242177","5242177","Lainie Douglas","Missouri State Lady Bears","2623","Returning","stats","id","Missouri State Lady Bears",NA,2,NA,25.53,30.47,6.64,1.81,8.45,NA
"5312941","5312941","Maiesha Washington","Missouri State Lady Bears","2623","Returning","stats","id","Missouri State Lady Bears",NA,1,NA,23.45,27.99,-0.2,1.09,0.89,NA
"5315562","5315562","Landon Forbes","Missouri State Lady Bears","2623","Transfer","stats","id","Morehead State Eagles",NA,3,NA,18.34,21.89,0.06,0.98,1.04,NA
"5312939","5312939","Kendal Brueggen","Missouri State Lady Bears","2623","Returning","stats","id","Missouri State Lady Bears",NA,1,NA,17.26,20.6,1.95,1,2.95,NA
"5242176","5242176","JaNyla Bush","Missouri State Lady Bears","2623","Returning","stats","id","Missouri State Lady Bears",NA,1,NA,14.54,17.35,-2.58,0.6,-1.98,NA
"5312942","5312942","Audrey Hopkins","Missouri State Lady Bears","2623","Returning","stats","id","Missouri State Lady Bears",NA,1,NA,13.25,15.82,-1,1.01,0.01,NA
"fr_2623_antilsnoddy","fr_2623_antilsnoddy","Antil Snoddy","Missouri State Lady Bears","2623","Newcomer","newcomer","none","Lee's Summit West High","Fr.",0,NA,11.28,13.47,-1.29,0.57,-0.72,NA
"fr_2623_chloehowe","fr_2623_chloehowe","Chloe Howe","Missouri State Lady Bears","2623","Newcomer","newcomer","none","Canton High","Fr.",0,NA,10.68,12.75,-1.29,0.57,-0.72,NA
"fr_2623_maciemays","fr_2623_maciemays","Macie Mays","Missouri State Lady Bears","2623","Newcomer","newcomer","none","El Dorado Springs High/Pittsburg State","Sr.",0,NA,10.25,12.24,-1.29,0.57,-0.72,NA
"fr_2623_nevaehlucious","fr_2623_nevaehlucious","Nevaeh Lucious","Missouri State Lady Bears","2623","Newcomer","newcomer","none","Incarnate Word Academy","Fr.",0,NA,9.78,11.67,-1.29,0.57,-0.72,NA
"fr_2623_zhaharris","fr_2623_zhaharris","Zha Harris","Missouri State Lady Bears","2623","Newcomer","newcomer","none","Lift for Life Academy","Fr.",0,NA,9.44,11.26,-1.29,0.57,-0.72,NA
"5178531","5178531","Blake O'Grady","Missouri State Lady Bears","2623","Returning","stats","id","Missouri State Lady Bears",NA,3,NA,5.85,6.98,-2.3,-0.63,-2.93,NA
"5174274","5174274","Grace Slaughter","Missouri Tigers","142","Returning","stats","id","Missouri Tigers",NA,3,NA,31.76,37.9,8.52,0.05,8.57,NA
"5174277","5174277","Abbey Schreacke","Missouri Tigers","142","Returning","stats","id","Missouri Tigers",NA,3,NA,25.74,30.72,3.02,-0.24,2.78,NA
"5311540","5311540","Nevaeh Caffey","Missouri Tigers","142","Transfer","stats","id","Indiana Hoosiers",NA,1,NA,22.91,27.34,2.74,0.78,3.52,NA
"5311557","5311557","McKenzie Mathurin","Missouri Tigers","142","Transfer","stats","id","Michigan Wolverines",NA,1,NA,20.68,24.68,3.2,1.26,4.47,"No. 39 recruit in 2025; pedigree counts 40% (224 college min)"
"5107560","5107560","Tanyuel Welch","Missouri Tigers","142","Transfer","stats","id","Arizona Wildcats",NA,3,NA,20.47,24.43,2.17,1.14,3.31,NA
"fr_142_natalyahodge","fr_142_natalyahodge","Natalya Hodge","Missouri Tigers","142","Top-100 recruit","newcomer","none",NA,"Fr.",0,81,16.22,19.36,1.34,-0.01,1.34,NA
"fr_142_khloeford","fr_142_khloeford","Khloe Ford","Missouri Tigers","142","Top-100 recruit","newcomer","none",NA,"Fr.",0,96,15.58,18.59,1.16,-0.07,1.09,NA
"5311599","5311599","Reka Toman","Missouri Tigers","142","Returning","stats","id","Missouri Tigers",NA,1,NA,13.42,16.01,0,-0.85,-0.85,NA
"fr_142_ceciliebrandimore","fr_142_ceciliebrandimore","Cecilie Brandimore","Missouri Tigers","142","Newcomer","newcomer","none",NA,"Fr.",0,NA,11.55,13.79,0.45,-0.36,0.09,NA
"fr_142_elliemuller","fr_142_elliemuller","Ellie Muller","Missouri Tigers","142","Newcomer","newcomer","none",NA,"Fr.",0,NA,11.09,13.24,0.45,-0.36,0.09,NA
"fr_142_jadamaples","fr_142_jadamaples","Jada Maples","Missouri Tigers","142","Newcomer","newcomer","none",NA,"Fr.",0,NA,10.59,12.63,0.45,-0.36,0.09,NA
"5311961","5311961","Gigi Gamble","Monmouth Hawks","2405","Returning","stats","id","Monmouth Hawks",NA,3,NA,30.4,36.29,2.87,-0.59,2.28,NA
"5311965","5311965","Madalena Amaro","Monmouth Hawks","2405","Returning","stats","id","Monmouth Hawks",NA,1,NA,27.63,32.97,-2.84,0.58,-2.27,NA
"5177778","5177778","Divine Dibula","Monmouth Hawks","2405","Returning","stats","id","Monmouth Hawks",NA,3,NA,25.68,30.65,6.42,0.19,6.61,NA
"5311963","5311963","Kathy Kersaint","Monmouth Hawks","2405","Returning","stats","id","Monmouth Hawks",NA,1,NA,22.04,26.31,-0.47,0.82,0.35,NA
"5312230","5312230","Kailah Correa","Monmouth Hawks","2405","Transfer","stats","id","Delaware Blue Hens",NA,1,NA,16.95,20.23,-0.85,-0.64,-1.5,NA
"5312904","5312904","Vanessa McManus","Monmouth Hawks","2405","Transfer","stats","id","Cal Poly Mustangs",NA,2,NA,15.85,18.91,1.86,-0.87,1,NA
"5315671","5315671","Sanai Tyler","Monmouth Hawks","2405","Transfer","stats","id","Bethune-Cookman Wildcats",NA,3,NA,13.36,15.94,-1.2,-0.62,-1.82,NA
"5311962","5311962","Tessa Carman","Monmouth Hawks","2405","Returning","stats","id","Monmouth Hawks",NA,1,NA,12.93,15.43,-1,0.37,-0.64,NA
"5177779","5177779","Kellyn Preira","Monmouth Hawks","2405","Returning","stats","id","Monmouth Hawks",NA,2,NA,12.65,15.1,-2.4,-0.66,-3.05,NA
"fr_2405_kalinakrupnikovic","fr_2405_kalinakrupnikovic","Kalina Krupnikovic","Monmouth Hawks","2405","Newcomer","newcomer","none","Lulea Gymnasieskola","Fr.",0,NA,11.53,13.76,-1.69,-0.43,-2.12,NA
"fr_2405_lexicarnegie","fr_2405_lexicarnegie","Lexi Carnegie","Monmouth Hawks","2405","Newcomer","newcomer","none","Teaneck","Fr.",0,NA,10.98,13.11,-1.69,-0.43,-2.12,NA
"5240991","5240991","Avery Waddington","Montana Lady Griz","149","Returning","stats","id","Montana Lady Griz",NA,2,NA,26.8,31.98,3.62,-0.37,3.25,NA
"5240219","5240219","Jocelyn Land","Montana Lady Griz","149","Returning","stats","id","Montana Lady Griz",NA,2,NA,23,27.45,0.86,-1.93,-1.07,NA
"5174774","5174774","Aby Shubert","Montana Lady Griz","149","Returning","stats","id","Montana Lady Griz",NA,3,NA,21.1,25.18,-0.63,-2.29,-2.92,NA
"5315643","5315643","Kennedy Gillette","Montana Lady Griz","149","Returning","stats","id","Montana Lady Griz",NA,3,NA,17.62,21.03,0.01,-1.58,-1.57,NA
"5241037","5241037","Dom Nesland","Montana Lady Griz","149","Transfer","stats","id","High Point Panthers",NA,2,NA,15.81,18.87,-1.14,0.41,-0.72,NA
"5315644","5315644","Rae Ehrman","Montana Lady Griz","149","Returning","stats","id","Montana Lady Griz",NA,1,NA,13.53,16.15,3.46,-1.94,1.51,NA
"5315505","5315505","Paige Lofing","Montana Lady Griz","149","Transfer","stats","id","Gonzaga Bulldogs",NA,1,NA,12.71,15.17,0.5,-0.72,-0.22,NA
"5238324","5238324","Kennedy Moore","Montana Lady Griz","149","Transfer","stats","id","Wake Forest Demon Deacons",NA,2,NA,12.36,14.75,-2.6,0.48,-2.13,NA
"5313302","5313302","Shay Shippen","Montana Lady Griz","149","Transfer","stats","id","Columbia Lions",NA,1,NA,10.27,12.26,-0.77,-1.07,-1.84,NA
"5108575","5108575","Alyssa Blanck","Montana Lady Griz","149","Transfer","stats","id","Utah Utes",NA,3,NA,8.73,10.42,-1.81,-0.1,-1.91,NA
"fr_149_avorydecoite","fr_149_avorydecoite","Avory DeCoite","Montana Lady Griz","149","Newcomer","newcomer","none","Big Sky HS","Fr.",0,NA,8.73,10.42,-1.73,-1.69,-3.42,NA
"fr_149_haydenkaut","fr_149_haydenkaut","Hayden Kaut","Montana Lady Griz","149","Newcomer","newcomer","none","Napavine HS","Fr.",0,NA,8.36,9.98,-1.73,-1.69,-3.42,NA
"fr_149_kamrynreinker","fr_149_kamrynreinker","Kamryn Reinker","Montana Lady Griz","149","Newcomer","newcomer","none","Billings Central Catholic HS","Fr.",0,NA,7.96,9.5,-1.73,-1.69,-3.42,NA
"fr_149_kateholmquist","fr_149_kateholmquist","Kate Holmquist","Montana Lady Griz","149","Newcomer","newcomer","none","Maple Grove HS","Fr.",0,NA,7.67,9.15,-1.73,-1.69,-3.42,NA
"5243586","5243586","Ava Cossette","Montana Lady Griz","149","Returning","stats","id","Montana Lady Griz",NA,1,NA,5.35,6.38,-3.35,-1.55,-4.9,NA
"5240996","5240996","Taylee Chirrick","Montana State Bobcats","147","Returning","stats","id","Montana State Bobcats",NA,2,NA,28.17,33.62,7.23,4.73,11.96,NA
"5240995","5240995","Addison Harris","Montana State Bobcats","147","Returning","stats","id","Montana State Bobcats",NA,2,NA,23.65,28.23,3.67,0.7,4.37,NA
"5176000","5176000","Isobel Bunyan","Montana State Bobcats","147","Returning","stats","id","Montana State Bobcats",NA,3,NA,21.84,26.06,-0.13,1.98,1.85,NA
"5315655","5315655","Jamison Philip","Montana State Bobcats","147","Returning","stats","id","Montana State Bobcats",NA,1,NA,20.12,24.01,1.28,1.92,3.2,NA
"5175999","5175999","Ella Johnson","Montana State Bobcats","147","Returning","stats","id","Montana State Bobcats",NA,3,NA,17.91,21.38,-1.35,2.86,1.51,NA
"5315658","5315658","Brianne Bailey","Montana State Bobcats","147","Returning","stats","id","Montana State Bobcats",NA,1,NA,14.1,16.82,-0.16,1.79,1.63,NA
"5240994","5240994","Teagan Erickson","Montana State Bobcats","147","Returning","stats","id","Montana State Bobcats",NA,2,NA,12.88,15.37,0.82,1.55,2.37,NA
"5313625","5313625","Braeden Gunlock","Montana State Bobcats","147","Transfer","stats","id","BYU Cougars",NA,1,NA,12.64,15.09,0.1,0.03,0.13,NA
"5315659","5315659","Kadynce Couture","Montana State Bobcats","147","Returning","stats","id","Montana State Bobcats",NA,1,NA,11.83,14.12,-0.39,1.79,1.39,NA
"5109757","5109757","Brooke Fatupaito","Montana State Bobcats","147","Returning","stats","id","Montana State Bobcats",NA,2,NA,11.27,13.44,0.03,1.66,1.69,NA
"fr_147_ebelembagwu","fr_147_ebelembagwu","Ebele Mbagwu","Montana State Bobcats","147","Newcomer","newcomer","none","Stockdale HS","Sr.",0,NA,8.92,10.64,-0.67,1.18,0.51,NA
"fr_147_emmadongelmans","fr_147_emmadongelmans","Emma Dongelmans","Montana State Bobcats","147","Newcomer","newcomer","none","Kings Christian Collegiate","Fr.",0,NA,8.61,10.28,-0.67,1.18,0.51,NA
"fr_147_madisonoconnor","fr_147_madisonoconnor","Madison O'Connor","Montana State Bobcats","147","Newcomer","newcomer","none","Baker HS","Fr.",0,NA,8.05,9.61,-0.67,1.18,0.51,NA
"5241130","5241130","Kamora Morgan","Morehead State Eagles","2413","Transfer","stats","id","Northern Kentucky Norse",NA,2,NA,26.37,31.47,-0.64,-0.92,-1.56,NA
"5242211","5242211","Heidi Smith","Morehead State Eagles","2413","Transfer","stats","id","Montana State Bobcats",NA,1,NA,26.03,31.07,-0.26,-0.41,-0.67,NA
"5242215","5242215","Courtney Smith","Morehead State Eagles","2413","Transfer","stats","id","Montana State Bobcats",NA,1,NA,20.93,24.98,-2.28,-0.2,-2.48,NA
"5243590","5243590","Samaria Taylor","Morehead State Eagles","2413","Transfer","stats","id","Furman Paladins",NA,2,NA,19.76,23.58,-1.35,-0.15,-1.51,NA
"5177983","5177983","Kensley Feltner","Morehead State Eagles","2413","Transfer","stats","id","Belmont Bruins",NA,3,NA,19.23,22.95,-0.46,0.02,-0.45,NA
"5313832","5313832","Allie Sykes","Morehead State Eagles","2413","Transfer","stats","id","Presbyterian Blue Hose",NA,1,NA,17.92,21.39,-1.25,-2.51,-3.77,NA
"5315560","5315560","Millie Pearson","Morehead State Eagles","2413","Returning","stats","id","Morehead State Eagles",NA,3,NA,15.48,18.47,-3.26,-0.87,-4.14,NA
"5314969","5314969","Marissa Green","Morehead State Eagles","2413","Transfer","stats","id","UIC Flames",NA,1,NA,14.31,17.07,-1.28,-0.64,-1.93,NA
"fr_2413_breayahjefferson","fr_2413_breayahjefferson","Breayah Jefferson","Morehead State Eagles","2413","Newcomer","newcomer","none","Monroe (N.Y.)","Junior",0,NA,14.02,16.73,-1.78,-0.55,-2.33,NA
"fr_2413_julianarodger","fr_2413_julianarodger","Juliana Rodger","Morehead State Eagles","2413","Newcomer","newcomer","none",NA,"Freshman",0,NA,13.26,15.82,-1.78,-0.55,-2.33,NA
"fr_2413_lanaeriley","fr_2413_lanaeriley","Lanae Riley","Morehead State Eagles","2413","Newcomer","newcomer","none","Akron","Graduate",0,NA,12.71,15.17,-1.78,-0.55,-2.33,NA
"5315228","5315228","Merit Innocent","Morgan State Lady Bears","2415","Transfer","stats","id","New Haven Chargers",NA,3,NA,26.58,31.73,-2.15,-1.72,-3.87,NA
"5179310","5179310","Dakota Alston","Morgan State Lady Bears","2415","Returning","stats","id","Morgan State Lady Bears",NA,3,NA,24.63,29.4,-2.73,-2.77,-5.5,NA
"5185817","5185817","Mercy Lasu","Morgan State Lady Bears","2415","Transfer (non-D1)","stats","none","Lewis Flyers",NA,3,NA,21.56,25.74,-3.12,-1.14,-4.26,"Valued at the D2/NAIA level (assumed)"
"pad_2415_3","pad_2415_3","Unlisted roster spot","Morgan State Lady Bears","2415","Unlisted spot","pad","pad",NA,NA,0,NA,20.87,24.91,-3.12,-2.45,-5.57,NA
"pad_2415_1","pad_2415_1","Unlisted roster spot","Morgan State Lady Bears","2415","Unlisted spot","pad","pad",NA,NA,0,NA,20.14,24.04,-3.12,-2.45,-5.57,NA
"pad_2415_4","pad_2415_4","Unlisted roster spot","Morgan State Lady Bears","2415","Unlisted spot","pad","pad",NA,NA,0,NA,18.95,22.62,-3.12,-2.45,-5.57,NA
"pad_2415_2","pad_2415_2","Unlisted roster spot","Morgan State Lady Bears","2415","Unlisted spot","pad","pad",NA,NA,0,NA,18.01,21.49,-3.12,-2.45,-5.57,NA
"pad_2415_5","pad_2415_5","Unlisted roster spot","Morgan State Lady Bears","2415","Unlisted spot","pad","pad",NA,NA,0,NA,17.31,20.66,-3.12,-2.45,-5.57,NA
"pad_2415_6","pad_2415_6","Unlisted roster spot","Morgan State Lady Bears","2415","Unlisted spot","pad","pad",NA,NA,0,NA,16.32,19.48,-3.12,-2.45,-5.57,NA
"pad_2415_7","pad_2415_7","Unlisted roster spot","Morgan State Lady Bears","2415","Unlisted spot","pad","pad",NA,NA,0,NA,15.61,18.63,-3.12,-2.45,-5.57,NA
"5241838","5241838","Alana Powell","Mount St. Mary's Mountaineers","116","Returning","stats","id","Mount St. Mary's Mountaineers",NA,3,NA,24.34,29.05,-0.35,-0.38,-0.73,NA
"5242080","5242080","Wesleigh Ferguson","Mount St. Mary's Mountaineers","116","Returning","stats","id","Mount St. Mary's Mountaineers",NA,2,NA,20.91,24.96,-1.8,-0.58,-2.38,NA
"5177893","5177893","Thelma Barbitch","Mount St. Mary's Mountaineers","116","Transfer","stats","id","Charleston Southern Buccaneers",NA,2,NA,17.18,20.51,-0.5,-2.15,-2.66,NA
"5242079","5242079","Nyodie Guerard","Mount St. Mary's Mountaineers","116","Returning","stats","id","Mount St. Mary's Mountaineers",NA,2,NA,15.77,18.82,-4.95,-0.92,-5.86,NA
"4704147","4704147","Zaria Harleaux","Mount St. Mary's Mountaineers","116","Returning","stats","id","Mount St. Mary's Mountaineers",NA,4,NA,14.59,17.41,-0.14,-0.55,-0.69,NA
"5178456","5178456","Nevaeh Ferrara Horne","Mount St. Mary's Mountaineers","116","Transfer","stats","id","San Francisco Dons",NA,3,NA,14,16.71,-3.6,-0.75,-4.36,NA
"5242084","5242084","Teodora Ivanovic","Mount St. Mary's Mountaineers","116","Returning","stats","id","Mount St. Mary's Mountaineers",NA,2,NA,10.58,12.63,-2.91,-0.69,-3.6,NA
"fr_116_gisellewyche","fr_116_gisellewyche","Giselle Wyche","Mount St. Mary's Mountaineers","116","Newcomer","newcomer","none","J.H. Blake","Fr.",0,NA,10.15,12.12,-2.88,-0.62,-3.5,NA
"fr_116_jaylakoser","fr_116_jaylakoser","Jayla Koser","Mount St. Mary's Mountaineers","116","Newcomer","newcomer","none","Middletown Area","Fr.",0,NA,9.59,11.45,-2.88,-0.62,-3.5,NA
"fr_116_karmenmcduffie","fr_116_karmenmcduffie","Karmen McDuffie","Mount St. Mary's Mountaineers","116","Newcomer","newcomer","none","Mt. Zion Prep","Fr.",0,NA,9.19,10.96,-2.88,-0.62,-3.5,NA
"5177944","5177944","Yacine Ndiaye","Mount St. Mary's Mountaineers","116","Transfer","stats","id","Rutgers Scarlet Knights",NA,3,NA,9.11,10.87,-3.23,-0.43,-3.66,NA
"fr_116_kiylafowler","fr_116_kiylafowler","Kiyla Fowler","Mount St. Mary's Mountaineers","116","Newcomer","newcomer","none","The Newman School","Fr.",0,NA,8.74,10.43,-2.88,-0.62,-3.5,NA
"fr_116_rachaelchilicki","fr_116_rachaelchilicki","Rachael Chilicki","Mount St. Mary's Mountaineers","116","Newcomer","newcomer","none","Mukwonago","Fr.",0,NA,8.42,10.05,-2.88,-0.62,-3.5,NA
"fr_116_severynferrarahorne","fr_116_severynferrarahorne","Severyn Ferrara Horne","Mount St. Mary's Mountaineers","116","Newcomer","newcomer","none","Athol Murray College of Notre Dame","Fr.",0,NA,7.83,9.35,-2.88,-0.62,-3.5,NA
"5239421","5239421","Eva Andrews","Mount St. Mary's Mountaineers","116","Transfer","stats","id","North Carolina A&T Aggies",NA,2,NA,7.44,8.88,-1.34,-0.62,-1.96,NA
"5106696","5106696","Valentina Saric","Mount St. Mary's Mountaineers","116","Transfer","stats","id","Northern Arizona Lumberjacks",NA,3,NA,7.13,8.51,-2.99,-0.97,-3.97,NA
"5242082","5242082","Lenora Nkangwen","Mount St. Mary's Mountaineers","116","Returning","stats","id","Mount St. Mary's Mountaineers",NA,2,NA,5.01,5.98,-3.27,-0.72,-3.99,NA
"5177987","5177987","Halli Poock","Murray State Racers","93","Returning","stats","id","Murray State Racers",NA,3,NA,28.17,33.62,8.05,-1.75,6.31,NA
"5178282","5178282","Keslyn Secrist","Murray State Racers","93","Returning","stats","id","Murray State Racers",NA,3,NA,26.02,31.05,5.29,-0.88,4.41,NA
"5178532","5178532","Haven Ford","Murray State Racers","93","Returning","stats","id","Murray State Racers",NA,3,NA,24.48,29.22,7,0.21,7.2,NA
"5106836","5106836","Sharnecce Currie-Jelks","Murray State Racers","93","Returning","stats","id","Murray State Racers",NA,3,NA,22.58,26.94,6.49,1.35,7.83,NA
"5243562","5243562","Claire Johnson","Murray State Racers","93","Transfer","stats","id","Nebraska Cornhuskers",NA,2,NA,16.55,19.75,4.01,0.06,4.07,NA
"5314928","5314928","Sydney Huber","Murray State Racers","93","Transfer","stats","id","Evansville Purple Aces",NA,1,NA,15.22,18.16,1.02,-1.49,-0.47,NA
"5178533","5178533","Destiny Thomas","Murray State Racers","93","Returning","stats","id","Murray State Racers",NA,3,NA,13.62,16.25,0.22,-0.04,0.18,NA
"fr_93_alicemagnanini","fr_93_alicemagnanini","Alice Magnanini","Murray State Racers","93","Newcomer","newcomer","none","Star of the Sea College","R-Fr.",0,NA,10.44,12.46,0.75,-0.88,-0.13,NA
"fr_93_allilinke","fr_93_allilinke","Alli Linke","Murray State Racers","93","Newcomer","newcomer","none","Prospect HS","Fr.",0,NA,9.89,11.8,0.75,-0.88,-0.13,NA
"fr_93_katiereed","fr_93_katiereed","Katie Reed","Murray State Racers","93","Newcomer","newcomer","none","Washington HS","Fr.",0,NA,9.49,11.33,0.75,-0.88,-0.13,NA
"fr_93_marygrant","fr_93_marygrant","Mary Grant","Murray State Racers","93","Newcomer","newcomer","none","Bishop Miege","Fr.",0,NA,9.06,10.81,0.75,-0.88,-0.13,NA
"fr_93_sophieterry","fr_93_sophieterry","Sophie Terry","Murray State Racers","93","Newcomer","newcomer","none","Raymore-Peculiar HS","Fr.",0,NA,8.75,10.44,0.75,-0.88,-0.13,NA
"5242186","5242186","Cam Hoover","Murray State Racers","93","Returning","stats","id","Murray State Racers",NA,1,NA,5.75,6.87,-3.13,-1.26,-4.4,NA
"5178565","5178565","Zanai Barnett-Gay","Navy Midshipmen","2426","Returning","stats","id","Navy Midshipmen",NA,3,NA,29.78,35.54,5.72,2.82,8.54,NA
"5315347","5315347","Zoe Mesuch","Navy Midshipmen","2426","Returning","stats","id","Navy Midshipmen",NA,1,NA,26.52,31.65,2.31,-0.57,1.73,NA
"5242770","5242770","Julianna Almeida","Navy Midshipmen","2426","Returning","stats","id","Navy Midshipmen",NA,2,NA,24.33,29.04,1.34,0.07,1.41,NA
"5242769","5242769","Mary Gibbons","Navy Midshipmen","2426","Returning","stats","id","Navy Midshipmen",NA,2,NA,18.76,22.39,-0.06,-0.83,-0.9,NA
"5315345","5315345","Quinn Boettinger","Navy Midshipmen","2426","Returning","stats","id","Navy Midshipmen",NA,1,NA,15.73,18.77,2.63,0.79,3.42,NA
"5315349","5315349","Christina Liggio","Navy Midshipmen","2426","Returning","stats","id","Navy Midshipmen",NA,1,NA,13.87,16.55,-0.3,-0.12,-0.43,NA
"5178567","5178567","Saran Moschella","Navy Midshipmen","2426","Returning","stats","id","Navy Midshipmen",NA,3,NA,11.66,13.91,-1.95,0.05,-1.9,NA
"fr_2426_isabelagrant","fr_2426_isabelagrant","Isabela Grant","Navy Midshipmen","2426","Newcomer","newcomer","none","Blair Academy (NJ)","Fr.",0,NA,11.01,13.14,-0.9,-0.11,-1.01,NA
"fr_2426_kaitlynraagas","fr_2426_kaitlynraagas","Kaitlyn Raagas","Navy Midshipmen","2426","Newcomer","newcomer","none","Francis Parker","Fr.",0,NA,10.43,12.44,-0.9,-0.11,-1.01,NA
"fr_2426_kelseyrhyne","fr_2426_kelseyrhyne","Kelsey Rhyne","Navy Midshipmen","2426","Newcomer","newcomer","none","Lake Norman","Fr.",0,NA,10,11.94,-0.9,-0.11,-1.01,NA
"5105725","5105725","Lizzie Holder","Navy Midshipmen","2426","Returning","stats","id","Navy Midshipmen",NA,3,NA,7.81,9.32,-3.49,-0.77,-4.26,NA
"5315348","5315348","Grace Minihane","Navy Midshipmen","2426","Returning","stats","id","Navy Midshipmen",NA,1,NA,7.66,9.14,-0.76,-0.19,-0.94,NA
"5242771","5242771","Nia Henley","Navy Midshipmen","2426","Returning","stats","id","Navy Midshipmen",NA,2,NA,6.63,7.91,-2.07,-0.15,-2.23,NA
"5315346","5315346","Sidney Quinn","Navy Midshipmen","2426","Returning","stats","id","Navy Midshipmen",NA,1,NA,5.81,6.94,-2.66,-0.87,-3.54,NA
"5174309","5174309","Khamil Pierre","NC State Wolfpack","152","Returning","stats","id","NC State Wolfpack",NA,3,NA,28.33,33.81,8.91,4.44,13.35,NA
"5174356","5174356","Zoe Brooks","NC State Wolfpack","152","Returning","stats","id","NC State Wolfpack",NA,3,NA,26.42,31.54,7.57,3.22,10.78,NA
"5174492","5174492","Qadence Samuels","NC State Wolfpack","152","Returning","stats","id","NC State Wolfpack",NA,3,NA,22.13,26.41,1.96,3.03,4.99,NA
"5108302","5108302","Desiree Wooten","NC State Wolfpack","152","Transfer","stats","id","Colorado Buffaloes",NA,3,NA,20.79,24.82,4.86,2.71,7.56,NA
"5239431","5239431","Khady Leye","NC State Wolfpack","152","Transfer","stats","id","Auburn Tigers",NA,2,NA,17.7,21.12,2.21,1.81,4.02,NA
"5312397","5312397","Destiny Lunan","NC State Wolfpack","152","Returning","stats","id","NC State Wolfpack",NA,1,NA,13.14,15.68,1.04,1.77,2.81,NA
"5174354","5174354","Maddie Cox","NC State Wolfpack","152","Returning","stats","id","NC State Wolfpack",NA,3,NA,12.31,14.69,-0.91,1.99,1.07,NA
"fr_152_kamorapruitt","fr_152_kamorapruitt","Kamora Pruitt","NC State Wolfpack","152","Top-100 recruit","newcomer","none",NA,"Fr.",0,40,12.15,14.51,3.04,2.18,5.22,NA
"5176891","5176891","Audrey Ericksen","NC State Wolfpack","152","Transfer","stats","id","Boston University Terriers",NA,3,NA,10.49,12.52,-0.77,-0.4,-1.17,NA
"fr_152_annsleytrivette","fr_152_annsleytrivette","Annsley Trivette","NC State Wolfpack","152","Top-100 recruit","newcomer","none",NA,"Fr.",0,94,9.51,11.35,2.1,1.85,3.95,NA
"5312398","5312398","Adelaide Jernigan","NC State Wolfpack","152","Returning","stats","id","NC State Wolfpack",NA,1,NA,9.13,10.89,0.7,0.61,1.31,"No. 68 recruit in 2025; pedigree counts 61% (95 college min)"
"fr_152_favourossai","fr_152_favourossai","Favour Ossai","NC State Wolfpack","152","Newcomer","newcomer","none",NA,"Fr.",0,NA,9.1,10.86,1.37,1.55,2.92,NA
"fr_152_kyshelunan","fr_152_kyshelunan","Ky'She Lunan","NC State Wolfpack","152","Newcomer","newcomer","none",NA,"So.",0,NA,8.8,10.5,1.37,1.55,2.92,NA
"5240195","5240195","Britt Prince","Nebraska Cornhuskers","158","Returning","stats","id","Nebraska Cornhuskers",NA,2,NA,30.1,35.93,10.62,2.58,13.2,NA
"5240196","5240196","Amiah Hargrove","Nebraska Cornhuskers","158","Returning","stats","id","Nebraska Cornhuskers",NA,2,NA,25.45,30.37,9.04,2.17,11.21,NA
"5175708","5175708","Logan Nissley","Nebraska Cornhuskers","158","Returning","stats","id","Nebraska Cornhuskers",NA,3,NA,22.86,27.28,6.27,1.61,7.88,NA
"5174435","5174435","Edessa Noyan","Nebraska Cornhuskers","158","Transfer","stats","id","Indiana Hoosiers",NA,3,NA,19.13,22.83,1.97,1.4,3.36,NA
"5175710","5175710","Natalie Potts","Nebraska Cornhuskers","158","Returning","stats","id","Nebraska Cornhuskers",NA,2,NA,16.81,20.07,8.01,1.37,9.38,"Missed 2025-26; 2024-25: 21.6 mpg, 14.4 ppg"
"5240194","5240194","Kennadi Williams","Nebraska Cornhuskers","158","Returning","stats","id","Nebraska Cornhuskers",NA,1,NA,15.04,17.95,0.78,1.18,1.96,NA
"fr_158_ashlynkoupal","fr_158_ashlynkoupal","Ashlyn Koupal","Nebraska Cornhuskers","158","Top-100 recruit","newcomer","none","Wagner Community","Fr.",0,27,14.76,17.61,3.87,2,5.88,NA
"5239478","5239478","Arek Angui","Nebraska Cornhuskers","158","Transfer","stats","id","Auburn Tigers",NA,1,NA,12.56,15,-0.27,1.31,1.04,NA
"fr_158_avamiles","fr_158_avamiles","Ava Miles","Nebraska Cornhuskers","158","Top-100 recruit","newcomer","none","Staley","Fr.",0,71,11.42,13.63,2.81,1.63,4.44,NA
"4683053","4683053","Allison Weidner","Nebraska Cornhuskers","158","Returning","stats","id","Nebraska Cornhuskers",NA,4,NA,10.97,13.09,0.51,1.64,2.14,"Missed 2025-26; 2024-25: 16.7 mpg, 3.8 ppg"
"5175687","5175687","Emily Fisher","Nebraska Cornhuskers","158","Returning","stats","id","Nebraska Cornhuskers",NA,3,NA,10.65,12.71,0.72,1.64,2.35,NA
"fr_158_maddistewart","fr_158_maddistewart","Maddi Stewart","Nebraska Cornhuskers","158","Top-100 recruit","newcomer","none","Lincoln Christian","Fr.",0,100,10.24,12.22,2.43,1.5,3.93,NA
"5177254","5177254","Izzy Sullivan","Nevada Wolf Pack","2440","Returning","stats","id","Nevada Wolf Pack",NA,3,NA,26.94,32.15,-1.2,-0.57,-1.77,NA
"5241789","5241789","Sierra Chambers","Nevada Wolf Pack","2440","Transfer","stats","id","Southern Utah Thunderbirds",NA,2,NA,20.94,24.99,0.6,-2.08,-1.47,NA
"5315115","5315115","Britain Backus","Nevada Wolf Pack","2440","Returning","stats","id","Nevada Wolf Pack",NA,1,NA,18.83,22.48,-1.6,0.12,-1.48,NA
"5315113","5315113","Gabby Ramos","Nevada Wolf Pack","2440","Returning","stats","id","Nevada Wolf Pack",NA,1,NA,17.56,20.96,-0.62,-0.26,-0.89,NA
"5175736","5175736","Imbie Jones","Nevada Wolf Pack","2440","Returning","stats","id","Nevada Wolf Pack",NA,3,NA,15.34,18.3,-2.65,-1.23,-3.88,NA
"5242463","5242463","Kendra Hicks","Nevada Wolf Pack","2440","Returning","stats","id","Nevada Wolf Pack",NA,2,NA,13.63,16.27,-0.96,-0.62,-1.58,NA
"5239462","5239462","Aili Tanke","Nevada Wolf Pack","2440","Transfer","stats","id","Iowa State Cyclones",NA,2,NA,12.81,15.29,-0.48,0.32,-0.16,NA
"5177258","5177258","Olivia Poulivaati","Nevada Wolf Pack","2440","Returning","stats","id","Nevada Wolf Pack",NA,2,NA,12.46,14.87,-1.15,-0.84,-1.99,NA
"5315198","5315198","Alexis Swillis","Nevada Wolf Pack","2440","Transfer","stats","id","UNLV Lady Rebels",NA,1,NA,10.51,12.54,-0.43,-0.51,-0.94,NA
"5107732","5107732","Amelia Raidaveta","Nevada Wolf Pack","2440","Returning","stats","id","Nevada Wolf Pack",NA,3,NA,10.05,12,-3.23,-0.72,-3.96,NA
"5174398","5174398","Mahaila Harrison","Nevada Wolf Pack","2440","Newcomer","stats","id","Alaska Anchorage Seawolves",NA,2,NA,9.89,11.81,-2.15,-0.33,-2.48,NA
"fr_2440_delaneyarredondo","fr_2440_delaneyarredondo","Delaney Arredondo","Nevada Wolf Pack","2440","Newcomer","newcomer","none","Judson High School","Fr.",0,NA,9.48,11.32,-2.15,-0.33,-2.48,NA
"fr_2440_dyllynhowell","fr_2440_dyllynhowell","Dyllyn Howell","Nevada Wolf Pack","2440","Newcomer","newcomer","none","South Medford High School","Fr.",0,NA,9.03,10.78,-2.15,-0.33,-2.48,NA
"fr_2440_tauapuloka","fr_2440_tauapuloka","Taua Puloka","Nevada Wolf Pack","2440","Newcomer","newcomer","none","Reed High School","Fr.",0,NA,8.71,10.39,-2.15,-0.33,-2.48,NA
"5177259","5177259","Elle Motherway","Nevada Wolf Pack","2440","Returning","stats","id","Nevada Wolf Pack",NA,3,NA,3.81,4.55,-2.2,-0.93,-3.13,NA
"5174525","5174525","Maggie Cavanaugh","New Hampshire Wildcats","160","Returning","stats","id","New Hampshire Wildcats",NA,3,NA,28.31,33.79,-3.44,-0.02,-3.45,NA
"5240691","5240691","Elizabeth Lavoie","New Hampshire Wildcats","160","Returning","stats","id","New Hampshire Wildcats",NA,2,NA,25.35,30.25,-1.21,-0.23,-1.44,NA
"5312973","5312973","Carolina Williams","New Hampshire Wildcats","160","Returning","stats","id","New Hampshire Wildcats",NA,1,NA,20.05,23.93,-3.34,-1.28,-4.61,NA
"5313607","5313607","Erin Edmonds","New Hampshire Wildcats","160","Transfer","stats","id","Mount St. Mary's Mountaineers",NA,1,NA,17.28,20.63,-2.68,-0.11,-2.79,NA
"5175527","5175527","Anya McKenzie","New Hampshire Wildcats","160","Transfer","stats","id","West Georgia Wolves",NA,3,NA,14.24,17,-1.26,0.22,-1.04,NA
"5312974","5312974","Alia Cordone","New Hampshire Wildcats","160","Returning","stats","id","New Hampshire Wildcats",NA,1,NA,14.2,16.95,-3.34,-1.11,-4.45,NA
"5312975","5312975","Averie Harding","New Hampshire Wildcats","160","Returning","stats","id","New Hampshire Wildcats",NA,1,NA,12.78,15.25,-0.84,-0.85,-1.69,NA
"fr_160_charlottejasmin","fr_160_charlottejasmin","Charlotte Jasmin","New Hampshire Wildcats","160","Newcomer","newcomer","none","Hartford","Fr.",0,NA,10.76,12.84,-2.58,-0.81,-3.39,NA
"5178126","5178126","Kassidy Thompson","New Hampshire Wildcats","160","Returning","stats","id","New Hampshire Wildcats",NA,3,NA,10.56,12.61,0.14,-0.98,-0.84,NA
"fr_160_delaneytodd","fr_160_delaneytodd","Delaney Todd","New Hampshire Wildcats","160","Newcomer","newcomer","none","Catholic Ladies College","Fr.",0,NA,10.31,12.3,-2.58,-0.81,-3.39,NA
"fr_160_ellagetz","fr_160_ellagetz","Ella Getz","New Hampshire Wildcats","160","Newcomer","newcomer","none","Worcester Academy","Fr.",0,NA,9.81,11.71,-2.58,-0.81,-3.39,NA
"fr_160_mayabraxtonyoung","fr_160_mayabraxtonyoung","Maya Braxton-Young","New Hampshire Wildcats","160","Newcomer","newcomer","none","Woodbury","Jr.",0,NA,9.45,11.28,-2.58,-0.81,-3.39,NA
"fr_160_sameller","fr_160_sameller","Sam Eller","New Hampshire Wildcats","160","Newcomer","newcomer","none","Saint John's College High School","Fr.",0,NA,8.79,10.5,-2.58,-0.81,-3.39,NA
"fr_160_scarletlevake","fr_160_scarletlevake","Scarlet LeVake","New Hampshire Wildcats","160","Newcomer","newcomer","none","Red Bank Catholic","Fr.",0,NA,8.09,9.65,-2.58,-0.81,-3.39,NA
"5315227","5315227","Schuyler Coles","New Haven Chargers","2441","Returning","stats","id","New Haven Chargers",NA,2,NA,23.75,28.34,-3.61,-2.49,-6.1,NA
"5315214","5315214","Teaira Kelley","New Haven Chargers","2441","Returning","stats","id","New Haven Chargers",NA,1,NA,20.78,24.8,-2.47,-1.71,-4.18,NA
"5315212","5315212","Renelle Grannum","New Haven Chargers","2441","Returning","stats","id","New Haven Chargers",NA,2,NA,18.8,22.44,-6.47,-2.18,-8.64,NA
"5315215","5315215","Jasmine McKay","New Haven Chargers","2441","Returning","stats","id","New Haven Chargers",NA,1,NA,16.26,19.41,-2.4,-2.44,-4.85,NA
"5315213","5315213","Eveani Okwuosa","New Haven Chargers","2441","Returning","stats","id","New Haven Chargers",NA,3,NA,12.89,15.38,-4.56,-1.65,-6.21,NA
"fr_2441_ailanidavila","fr_2441_ailanidavila","Ailani Davila","New Haven Chargers","2441","Newcomer","newcomer","none","Bullard Havens Technical","Fr.",0,NA,11.62,13.86,-3.34,-2.14,-5.47,NA
"fr_2441_katehennessy","fr_2441_katehennessy","Kate Hennessy","New Haven Chargers","2441","Newcomer","newcomer","none","Alexandria Area High School","Fr.",0,NA,10.55,12.59,-3.34,-2.14,-5.47,NA
"fr_2441_kaydencedaniels","fr_2441_kaydencedaniels","Kaydence Daniels","New Haven Chargers","2441","Newcomer","newcomer","none","Boswell","Fr.",0,NA,9.64,11.5,-3.34,-2.14,-5.47,NA
"fr_2441_lauraveraramirez","fr_2441_lauraveraramirez","Laura Vera Ramirez","New Haven Chargers","2441","Newcomer","newcomer","none","University at Albany","So.",0,NA,9.09,10.85,-3.34,-2.14,-5.47,NA
"5312991","5312991","Laura Vera","New Haven Chargers","2441","Transfer","stats","id","UAlbany Great Danes",NA,1,NA,8.81,10.51,-2.14,-0.79,-2.93,NA
"fr_2441_miagamon","fr_2441_miagamon","Mia Gamon","New Haven Chargers","2441","Newcomer","newcomer","none","Passaic County Technical Institute","Fr.",0,NA,8.7,10.38,-3.34,-2.14,-5.47,NA
"5315238","5315238","Carla Ramirez","New Haven Chargers","2441","Transfer","stats","id","Central Arkansas Sugar Bears",NA,1,NA,8.53,10.18,-2.08,-0.74,-2.82,NA
"fr_2441_tanaiyaclarke","fr_2441_tanaiyaclarke","Tanaiya Clarke","New Haven Chargers","2441","Newcomer","newcomer","none","John F Kennedy","Fr.",0,NA,8.26,9.86,-3.34,-2.14,-5.47,NA
"fr_2441_tanaviaturpin","fr_2441_tanaviaturpin","Tanavia Turpin","New Haven Chargers","2441","Newcomer","newcomer","none","Hoosac","Fr.",0,NA,7.95,9.49,-3.34,-2.14,-5.47,NA
"fr_2441_zanribarnett","fr_2441_zanribarnett","Zanri Barnett","New Haven Chargers","2441","Newcomer","newcomer","none","Wilcox Technical High School","Fr.",0,NA,7.37,8.8,-3.34,-2.14,-5.47,NA
"5250195","5250195","Mariah Pates","New Haven Chargers","2441","Transfer (non-D1)","stats","none","St. Francis (IL) Fighting Saints",NA,2,NA,5.07,6.05,-3.37,-1.49,-4.86,"Valued at the D2/NAIA level (assumed)"
"5315221","5315221","Jeeanna Pierantoni","New Haven Chargers","2441","Returning","stats","id","New Haven Chargers",NA,1,NA,4.19,5,-3.28,-1.36,-4.63,NA
"5315217","5315217","Samantha Battle","New Haven Chargers","2441","Returning","stats","id","New Haven Chargers",NA,1,NA,4.01,4.78,-3.06,-1.57,-4.63,NA
"5315226","5315226","Mallory Farr","New Haven Chargers","2441","Returning","stats","id","New Haven Chargers",NA,1,NA,3.73,4.45,-3.71,-1.55,-5.26,NA
"5312961","5312961","Laila Abdurraqib","New Mexico Lobos","167","Returning","stats","id","New Mexico Lobos",NA,1,NA,26.09,31.14,2.46,0.07,2.52,NA
"5178398","5178398","Gracie Kelsey","New Mexico Lobos","167","Transfer","stats","id","Lindenwood Lions",NA,3,NA,24.05,28.7,2.11,-0.34,1.77,NA
"5175547","5175547","Gracy Wernli","New Mexico Lobos","167","Transfer","stats","id","Lindenwood Lions",NA,3,NA,22.39,26.72,2.24,-0.96,1.29,NA
"5315525","5315525","Valerie Norwood","New Mexico Lobos","167","Transfer","stats","id","Lindenwood Lions",NA,1,NA,18.61,22.21,0.66,-0.5,0.16,NA
"4565530","4565530","Mila Reynolds","New Mexico Lobos","167","Transfer","stats","id","UT Arlington Mavericks",NA,3,NA,18.24,21.77,-1.47,-0.86,-2.33,NA
"5178271","5178271","Drew Jordon","New Mexico Lobos","167","Returning","stats","id","New Mexico Lobos",NA,3,NA,14.3,17.06,-0.11,0.36,0.25,NA
"5240944","5240944","Brynn Eshoo","New Mexico Lobos","167","Transfer","stats","id","Tulsa Golden Hurricane",NA,1,NA,12.33,14.72,-0.74,-0.55,-1.29,NA
"fr_167_katewernli","fr_167_katewernli","Kate Wernli","New Mexico Lobos","167","Newcomer","newcomer","none",NA,"Fr.",0,NA,12.14,14.49,-0.79,0.14,-0.66,NA
"5312954","5312954","Kaia Foster","New Mexico Lobos","167","Returning","stats","id","New Mexico Lobos",NA,1,NA,12.08,14.41,0.43,0.31,0.73,NA
"fr_167_katieduncan","fr_167_katieduncan","Katie Duncan","New Mexico Lobos","167","Newcomer","newcomer","none",NA,"Jr.",0,NA,11.5,13.72,-0.79,0.14,-0.66,NA
"fr_167_mayathompson","fr_167_mayathompson","Maya Thompson","New Mexico Lobos","167","Newcomer","newcomer","none",NA,"Fr.",0,NA,11.03,13.17,-0.79,0.14,-0.66,NA
"fr_167_savannahstricker","fr_167_savannahstricker","Savannah Stricker","New Mexico Lobos","167","Newcomer","newcomer","none",NA,"Fr.",0,NA,10.52,12.56,-0.79,0.14,-0.66,NA
"5312957","5312957","Leonor Peixinho","New Mexico Lobos","167","Returning","stats","id","New Mexico Lobos",NA,1,NA,6.72,8.01,-0.81,-0.63,-1.44,NA
"5256587","5256587","Emma Christiano","New Mexico State Aggies","166","Returning","stats","id","New Mexico State Aggies",NA,3,NA,25.1,29.96,-2.68,-0.8,-3.48,NA
"5240927","5240927","Raina Tomasicka","New Mexico State Aggies","166","Transfer","stats","id","South Florida Bulls",NA,2,NA,21.25,25.36,-1.23,-0.52,-1.74,NA
"5312794","5312794","Aimée Michel","New Mexico State Aggies","166","Transfer","stats","id","Rhode Island Rams",NA,1,NA,20.3,24.23,0.85,-0.71,0.14,NA
"5314905","5314905","Jana Vesic","New Mexico State Aggies","166","Transfer","stats","id","Seattle U Redhawks",NA,1,NA,18.76,22.39,-1.86,-2.07,-3.93,NA
"fr_166_evahamlil","fr_166_evahamlil","Eva Hamlil","New Mexico State Aggies","166","Newcomer","newcomer","none",NA,"Fr.",0,NA,14.25,17.01,-3.06,-0.86,-3.93,NA
"5312793","5312793","Lilyana Fontcha","New Mexico State Aggies","166","Transfer","stats","id","Rhode Island Rams",NA,1,NA,12.88,15.38,-2.23,-0.2,-2.44,NA
"fr_166_fantakeita","fr_166_fantakeita","Fanta Keita","New Mexico State Aggies","166","Newcomer","newcomer","none","Lattes Montpellier","Fr.",0,NA,12.87,15.36,-3.06,-0.86,-3.93,NA
"5263241","5263241","Eva Agba","New Mexico State Aggies","166","Transfer","stats","id","Rhode Island Rams",NA,2,NA,12.34,14.73,-0.83,-1.02,-1.85,NA
"fr_166_imaneloubibet","fr_166_imaneloubibet","Imane Loubibet","New Mexico State Aggies","166","Newcomer","newcomer","none",NA,"Fr.",0,NA,11.71,13.97,-3.06,-0.86,-3.93,NA
"5311559","5311559","Talia Kavoka","New Mexico State Aggies","166","Transfer","stats","id","Texas A&M Aggies",NA,1,NA,10.94,13.06,-3.78,-0.62,-4.4,NA
"fr_166_juliasaillard","fr_166_juliasaillard","Julia Saillard","New Mexico State Aggies","166","Newcomer","newcomer","none",NA,"Fr.",0,NA,10.72,12.79,-3.06,-0.86,-3.93,NA
"fr_166_justinemouyokolo","fr_166_justinemouyokolo","Justine Mouyokolo","New Mexico State Aggies","166","Newcomer","newcomer","none",NA,"Fr.",0,NA,10.12,12.08,-3.06,-0.86,-3.93,NA
"fr_166_senasert","fr_166_senasert","Sena Sert","New Mexico State Aggies","166","Newcomer","newcomer","none",NA,"Fr.",0,NA,9.69,11.57,-3.06,-0.86,-3.93,NA
"fr_166_aissatoukeitacissoko","fr_166_aissatoukeitacissoko","Aissatou Keita Cissoko","New Mexico State Aggies","166","International (FIBA)","newcomer","none",NA,"Fr.",0,NA,9.06,10.81,-4.02,-0.96,-4.98,NA
"5107929","5107929","Kehinde Obasuyi","New Orleans Privateers","2443","Transfer","stats","id","Western Carolina Catamounts",NA,3,NA,23.86,28.47,-3.17,-2.11,-5.28,NA
"fr_2443_arimason","fr_2443_arimason","Ari Mason","New Orleans Privateers","2443","Newcomer","newcomer","none","Southwestern College","Jr.",0,NA,22.21,26.51,-3.16,-2.38,-5.53,NA
"fr_2443_camerondacosta","fr_2443_camerondacosta","Cameron DaCosta","New Orleans Privateers","2443","Newcomer","newcomer","none","Chattahoochee Valley CC","Jr.",0,NA,20.41,24.36,-3.16,-2.38,-5.53,NA
"fr_2443_destiniegordon","fr_2443_destiniegordon","Destinie Gordon","New Orleans Privateers","2443","Newcomer","newcomer","none","Florida Southwestern JC","Jr.",0,NA,18.41,21.97,-3.16,-2.38,-5.53,NA
"fr_2443_giannaericksen","fr_2443_giannaericksen","Gianna Ericksen","New Orleans Privateers","2443","Newcomer","newcomer","none","Mandeville HS","Fr.",0,NA,17.42,20.79,-3.16,-2.38,-5.53,NA
"fr_2443_gabbyedo","fr_2443_gabbyedo","Gabby Edo","New Orleans Privateers","2443","Newcomer","newcomer","none","Temple College","Jr.",0,NA,16.46,19.64,-3.16,-2.38,-5.53,NA
"fr_2443_isabellarobbins","fr_2443_isabellarobbins","Isabella Robbins","New Orleans Privateers","2443","Newcomer","newcomer","none","Houston Christian HS","Fr.",0,NA,15.82,18.88,-3.16,-2.38,-5.53,NA
"fr_2443_jadayabranch","fr_2443_jadayabranch","Jadaya Branch","New Orleans Privateers","2443","Newcomer","newcomer","none","Triton College","Jr.",0,NA,14.45,17.25,-3.16,-2.38,-5.53,NA
"fr_2443_rhiancomery","fr_2443_rhiancomery","Rhian Comery","New Orleans Privateers","2443","Newcomer","newcomer","none","Prairieville HS","Fr.",0,NA,13.63,16.27,-3.16,-2.38,-5.53,NA
"fr_2443_shryahwright","fr_2443_shryahwright","Sh'Ryah Wright","New Orleans Privateers","2443","Newcomer","newcomer","none","Coffeyville CC","Jr.",0,NA,13.04,15.56,-3.16,-2.38,-5.53,NA
"fr_2443_sophiaedwin","fr_2443_sophiaedwin","Sophia Edwin","New Orleans Privateers","2443","Newcomer","newcomer","none","State Fair CC","Jr.",0,NA,12.39,14.78,-3.16,-2.38,-5.53,NA
"fr_2443_tajenaegooden","fr_2443_tajenaegooden","Tajenae Gooden","New Orleans Privateers","2443","Newcomer","newcomer","none","McLennan JC","Jr.",0,NA,11.92,14.22,-3.16,-2.38,-5.53,NA
"5313611","5313611","Katarina Veljovic","Niagara Purple Eagles","315","Returning","stats","id","Niagara Purple Eagles",NA,1,NA,25.99,31.01,-0.8,-2.09,-2.89,NA
"5313612","5313612","Kenedie Haruna","Niagara Purple Eagles","315","Returning","stats","id","Niagara Purple Eagles",NA,1,NA,22.27,26.58,-2.32,-1.5,-3.82,NA
"5313613","5313613","Jisca Bila","Niagara Purple Eagles","315","Returning","stats","id","Niagara Purple Eagles",NA,1,NA,19.88,23.73,-5.08,-1.9,-6.98,NA
"5106098","5106098","Jade Campbell","Niagara Purple Eagles","315","Returning","stats","id","Niagara Purple Eagles",NA,3,NA,16.8,20.05,-4.25,-2.27,-6.52,NA
"fr_315_alejandrarioja","fr_315_alejandrarioja","Alejandra Rioja","Niagara Purple Eagles","315","Newcomer","newcomer","none","Colegio Villalkor","So.",0,NA,14.49,17.29,-4.47,-2.38,-6.86,NA
"fr_315_avajeanwilliams","fr_315_avajeanwilliams","Ava Jean Williams","Niagara Purple Eagles","315","Newcomer","newcomer","none","J Addison School","Fr.",0,NA,13.68,16.33,-4.47,-2.38,-6.86,NA
"5320179","5320179","Violeta Rojas","Niagara Purple Eagles","315","Transfer","stats","id","Ball State Cardinals",NA,1,NA,12.73,15.19,-1.66,-1.24,-2.9,NA
"fr_315_jalynmoore","fr_315_jalynmoore","Jalyn Moore","Niagara Purple Eagles","315","Newcomer","newcomer","none","Gloucester Catholic","Fr.",0,NA,12.4,14.8,-4.47,-2.38,-6.86,NA
"fr_315_kennedycoles","fr_315_kennedycoles","Kennedy Coles","Niagara Purple Eagles","315","Newcomer","newcomer","none","Upper Merion","Fr.",0,NA,11.31,13.5,-4.47,-2.38,-6.86,NA
"5315313","5315313","Kimora Berry","Niagara Purple Eagles","315","Transfer","stats","id","Holy Cross Crusaders",NA,1,NA,10.68,12.74,-2.99,-0.82,-3.8,NA
"fr_315_laurencooper","fr_315_laurencooper","Lauren Cooper","Niagara Purple Eagles","315","Newcomer","newcomer","none","Charnwood College","Fr.",0,NA,10.65,12.71,-4.47,-2.38,-6.86,NA
"fr_315_liembastekar","fr_315_liembastekar","Liem Bastekar","Niagara Purple Eagles","315","Newcomer","newcomer","none","Cisco College","Jr.",0,NA,10.18,12.15,-4.47,-2.38,-6.86,NA
"fr_315_lilydenglual","fr_315_lilydenglual","Lily Deng-Lual","Niagara Purple Eagles","315","Newcomer","newcomer","none",NA,"Fr.",0,NA,9.66,11.53,-4.47,-2.38,-6.86,NA
"fr_315_taniabarredo","fr_315_taniabarredo","Tania Barredo","Niagara Purple Eagles","315","Newcomer","newcomer","none","White River","Fr.",0,NA,9.28,11.08,-4.47,-2.38,-6.86,NA
"5315703","5315703","Anyra Wilson","Nicholls Colonels","2447","Returning","stats","id","Nicholls Colonels",NA,1,NA,29.71,35.46,-0.84,0.38,-0.46,NA
"fr_2447_britiyacurtis","5177998","Britiya Curtis","Nicholls Colonels","2447","Returning","history","name","Calhoun HS","Jr.",0,NA,21.11,25.19,1.37,0.02,1.39,"Missed 2025-26; 2024-25: 28.5 mpg, 10.7 ppg"
"5176105","5176105","Jasmine Matthews","Nicholls Colonels","2447","Returning","stats","id","Nicholls Colonels",NA,3,NA,21.07,25.15,2.34,-1.15,1.19,NA
"5243625","5243625","Laryn Scott","Nicholls Colonels","2447","Returning","stats","id","Nicholls Colonels",NA,2,NA,18.73,22.36,-0.53,-1.38,-1.91,NA
"5315702","5315702","Makayla Charles","Nicholls Colonels","2447","Returning","stats","id","Nicholls Colonels",NA,1,NA,16.61,19.82,-0.47,-0.67,-1.14,NA
"fr_2447_charnellehoof","fr_2447_charnellehoof","Charnelle Hoof","Nicholls Colonels","2447","Newcomer","newcomer","none","McLennan CC","So.",0,NA,15.13,18.05,-2.33,-0.67,-3,NA
"fr_2447_daniellebennett","fr_2447_daniellebennett","Danielle Bennett","Nicholls Colonels","2447","Newcomer","newcomer","none","SW Christian College","Jr.",0,NA,13.78,16.45,-2.33,-0.67,-3,NA
"fr_2447_kaliyahsamuels","fr_2447_kaliyahsamuels","Kaliyah Samuels","Nicholls Colonels","2447","Newcomer","newcomer","none","LCA","Fr.",0,NA,12.63,15.07,-2.33,-0.67,-3,NA
"fr_2447_kirajohnson","fr_2447_kirajohnson","Kira Johnson","Nicholls Colonels","2447","Newcomer","newcomer","none","Killgore College","So.",0,NA,11.94,14.25,-2.33,-0.67,-3,NA
"fr_2447_matteahenry","fr_2447_matteahenry","Mattea Henry","Nicholls Colonels","2447","Newcomer","newcomer","none","Labette CC","Jr.",0,NA,11.44,13.65,-2.33,-0.67,-3,NA
"fr_2447_shelcieleblanc","fr_2447_shelcieleblanc","Shelcie LeBlanc","Nicholls Colonels","2447","Newcomer","newcomer","none","BRCC","Jr.",0,NA,10.89,13,-2.33,-0.67,-3,NA
"fr_2447_tyannastewart","fr_2447_tyannastewart","Tyanna Stewart","Nicholls Colonels","2447","Newcomer","newcomer","none","Vandebilt Catholic","Fr.",0,NA,10.5,12.53,-2.33,-0.67,-3,NA
"5323964","5323964","Makensie Charles","Nicholls Colonels","2447","Returning","stats","id","Nicholls Colonels",NA,1,NA,6.47,7.72,-2.12,-0.93,-3.05,NA
"5174529","5174529","Marissa Gingrich","NJIT Highlanders","2885","Returning","stats","id","NJIT Highlanders",NA,3,NA,29.17,34.81,1.09,-1.15,-0.06,NA
"5240680","5240680","Allison Cannon","NJIT Highlanders","2885","Returning","stats","id","NJIT Highlanders",NA,2,NA,26.73,31.9,2.1,-1.18,0.91,NA
"5313520","5313520","Ava Locklear","NJIT Highlanders","2885","Returning","stats","id","NJIT Highlanders",NA,2,NA,23.99,28.63,2.26,0.66,2.92,NA
"5174530","5174530","Madilyn Dogs","NJIT Highlanders","2885","Returning","stats","id","NJIT Highlanders",NA,3,NA,20.28,24.21,-2,-0.09,-2.09,NA
"5174531","5174531","Mackenzie Wright-Rawls","NJIT Highlanders","2885","Returning","stats","id","NJIT Highlanders",NA,3,NA,14.97,17.87,-2.58,-1.49,-4.07,NA
"5240682","5240682","Olivia O'Meally","NJIT Highlanders","2885","Returning","stats","id","NJIT Highlanders",NA,2,NA,13.32,15.9,-4.48,-1.03,-5.51,NA
"fr_2885_carlysweazie","fr_2885_carlysweazie","Carly Sweazie","NJIT Highlanders","2885","Newcomer","newcomer","none","Bishop O'Connell High School","Fr.",0,NA,11.55,13.78,-0.9,-0.98,-1.88,NA
"5240681","5240681","Piper Engelby","NJIT Highlanders","2885","Returning","stats","id","NJIT Highlanders",NA,2,NA,11.55,13.78,-3.65,-1.48,-5.13,NA
"fr_2885_katedonovan","fr_2885_katedonovan","Kate Donovan","NJIT Highlanders","2885","Newcomer","newcomer","none","John Hersey High School","Fr.",0,NA,11.07,13.21,-0.9,-0.98,-1.88,NA
"fr_2885_marinabravo","fr_2885_marinabravo","Marina Bravo","NJIT Highlanders","2885","Newcomer","newcomer","none","Archbishop Riordan High School","Fr.",0,NA,10.55,12.59,-0.9,-0.98,-1.88,NA
"5313517","5313517","Mia Gestosani","NJIT Highlanders","2885","Returning","stats","id","NJIT Highlanders",NA,1,NA,10.52,12.56,-2.79,-1.16,-3.95,NA
"fr_2885_matildebaron","fr_2885_matildebaron","Matilde Baron","NJIT Highlanders","2885","Newcomer","newcomer","none","Liceo Scientifico Tron","Gr.",0,NA,10.18,12.14,-0.9,-0.98,-1.88,NA
"5313519","5313519","Lauren Lee","NJIT Highlanders","2885","Returning","stats","id","NJIT Highlanders",NA,1,NA,6.13,7.31,-2.13,-1.07,-3.2,NA
"5174535","5174535","Cire Worley","Norfolk State Spartans","2450","Returning","stats","id","Norfolk State Spartans",NA,3,NA,28.12,33.56,-0.68,0.46,-0.22,NA
"5240345","5240345","LeAire Nicks","Norfolk State Spartans","2450","Returning","stats","id","Norfolk State Spartans",NA,2,NA,22.17,26.46,-1.98,0.02,-1.96,NA
"5177907","5177907","Clemisha Prackett","Norfolk State Spartans","2450","Transfer","stats","id","Indiana State Sycamores",NA,3,NA,19.6,23.4,2.74,-0.31,2.43,NA
"5178184","5178184","Alexis Davis","Norfolk State Spartans","2450","Transfer","stats","id","Monmouth Hawks",NA,3,NA,18.94,22.6,1.37,0.62,1.99,NA
"5175445","5175445","Sana'a Garrett","Norfolk State Spartans","2450","Transfer","stats","id","Hofstra Pride",NA,3,NA,14.32,17.09,-3.76,-0.45,-4.22,NA
"5241018","5241018","Brooklyn Taylor","Norfolk State Spartans","2450","Transfer","stats","id","Sacramento State Hornets",NA,2,NA,13.7,16.35,-0.13,1.24,1.11,NA
"5109094","5109094","Ja'Cia Cunningham","Norfolk State Spartans","2450","Transfer","stats","id","Presbyterian Blue Hose",NA,4,NA,12.65,15.09,-2.51,-1.12,-3.63,NA
"5177183","5177183","Niyah Gaston","Norfolk State Spartans","2450","Returning","stats","id","Norfolk State Spartans",NA,3,NA,12.55,14.98,-0.28,-0.63,-0.91,NA
"fr_2450_asiakeels","fr_2450_asiakeels","Asia Keels","Norfolk State Spartans","2450","Newcomer","newcomer","none","IMG Academy","Fr.",0,NA,10.87,12.97,-2.56,0.44,-2.12,NA
"fr_2450_dahnisuggs","fr_2450_dahnisuggs","Dahni Suggs","Norfolk State Spartans","2450","Newcomer","newcomer","none","Saint Frances Academy","Fr.",0,NA,10.42,12.44,-2.56,0.44,-2.12,NA
"fr_2450_elisemcclain","fr_2450_elisemcclain","Elise McClain","Norfolk State Spartans","2450","Newcomer","newcomer","none","Bob Jones HS","Fr.",0,NA,9.93,11.85,-2.56,0.44,-2.12,NA
"fr_2450_jizellejames","fr_2450_jizellejames","Jizelle James","Norfolk State Spartans","2450","Newcomer","newcomer","none","Princess Anne HS","Fr.",0,NA,9.58,11.43,-2.56,0.44,-2.12,NA
"fr_2450_lachellemorelandjones","fr_2450_lachellemorelandjones","LaChelle Moreland-Jones","Norfolk State Spartans","2450","Newcomer","newcomer","none","Lawrence Tech","Jr.",0,NA,8.92,10.65,-2.56,0.44,-2.12,NA
"fr_2450_niyliawilkins","fr_2450_niyliawilkins","Niylia Wilkins","Norfolk State Spartans","2450","Newcomer","newcomer","none","Northwest Florida State","Jr.",0,NA,8.22,9.82,-2.56,0.44,-2.12,NA
"5243417","5243417","Brynn Lusby","North Alabama Lions","2453","Transfer","stats","id","Incarnate Word Cardinals",NA,2,NA,24.35,29.06,5.35,-1.14,4.21,NA
"5178564","5178564","Kyah Smith","North Alabama Lions","2453","Transfer","stats","id","William & Mary Tribe",NA,3,NA,21.73,25.93,-2.92,-0.75,-3.66,NA
"5315568","5315568","Greta Ramon","North Alabama Lions","2453","Returning","stats","id","North Alabama Lions",NA,1,NA,19.06,22.75,-6.06,-0.88,-6.94,NA
"5240807","5240807","Amy Kurkowski","North Alabama Lions","2453","Transfer","stats","id","Saint Mary's Gaels",NA,2,NA,17.64,21.05,-0.57,0.43,-0.14,NA
"5315753","5315753","MarcKalia Celestine","North Alabama Lions","2453","Transfer","stats","id","Prairie View A&M Lady Panthers",NA,1,NA,15.51,18.51,-2.01,-0.65,-2.66,NA
"5240606","5240606","Venla Ulander","North Alabama Lions","2453","Returning","stats","id","North Alabama Lions",NA,2,NA,14.52,17.32,-1.04,-1.44,-2.48,NA
"fr_2453_ellamacleod","fr_2453_ellamacleod","Ella Macleod","North Alabama Lions","2453","Newcomer","newcomer","none","Seda College","Jr.",0,NA,13.14,15.68,-2.1,-0.59,-2.7,NA
"fr_2453_emmadeste","fr_2453_emmadeste","Emma D'este","North Alabama Lions","2453","Newcomer","newcomer","none","Liceo Luigi Stefanini","Fr.",0,NA,12.05,14.38,-2.1,-0.59,-2.7,NA
"5243320","5243320","Joceline Geara","North Alabama Lions","2453","Transfer","stats","id","Northwestern State Lady Demons",NA,2,NA,11.57,13.8,-2.79,-0.3,-3.09,NA
"fr_2453_oliviatredrea","fr_2453_oliviatredrea","Olivia Tredrea","North Alabama Lions","2453","Newcomer","newcomer","none","Henley HS","Fr.",0,NA,11.39,13.59,-2.1,-0.59,-2.7,NA
"fr_2453_zamyrawallace","fr_2453_zamyrawallace","Zamyra Wallace","North Alabama Lions","2453","Newcomer","newcomer","none","Bob Jones HS","Jr.",0,NA,10.91,13.03,-2.1,-0.59,-2.7,NA
"5240249","5240249","Phoebe Holmes","North Alabama Lions","2453","Transfer","stats","id","Xavier Musketeers",NA,2,NA,10.31,12.3,-2.47,-0.89,-3.35,NA
"fr_2453_mariastefancova","fr_2453_mariastefancova","Mária Štefancova","North Alabama Lions","2453","International (FIBA)","newcomer","none","Gymnázium Štefana Moyzesa Ružomberok","Fr.",0,NA,10.12,12.07,-3.37,-0.92,-4.29,NA
"5315567","5315567","Brooke Hallman","North Alabama Lions","2453","Returning","stats","id","North Alabama Lions",NA,1,NA,7.72,9.21,-1.35,-0.86,-2.22,NA
"5177791","5177791","Paris Locke","North Carolina A&T Aggies","2448","Returning","stats","id","North Carolina A&T Aggies",NA,3,NA,26.75,31.93,-0.94,-0.69,-1.63,NA
"5311983","5311983","Jamyia Lindsey","North Carolina A&T Aggies","2448","Returning","stats","id","North Carolina A&T Aggies",NA,1,NA,22.76,27.16,-2.16,-0.44,-2.6,NA
"5177756","5177756","Darrionna Howard","North Carolina A&T Aggies","2448","Returning","stats","id","North Carolina A&T Aggies",NA,3,NA,20.67,24.66,-2.06,-0.06,-2.13,NA
"5311979","5311979","Crystal Hardy","North Carolina A&T Aggies","2448","Returning","stats","id","North Carolina A&T Aggies",NA,1,NA,17.59,21,1.36,-0.81,0.55,NA
"5312046","5312046","Icyss Storm","North Carolina A&T Aggies","2448","Transfer","stats","id","UNC Wilmington Seahawks",NA,1,NA,13.71,16.36,-0.96,-1.49,-2.45,NA
"5177763","5177763","Maraja Pass","North Carolina A&T Aggies","2448","Transfer","stats","id","Elon Phoenix",NA,3,NA,13.06,15.58,-2.46,-0.03,-2.49,NA
"5243280","5243280","Yves Cox","North Carolina A&T Aggies","2448","Transfer","stats","id","Arkansas State Red Wolves",NA,2,NA,11.94,14.25,-0.5,0.33,-0.17,NA
"5174758","5174758","Drew Alexander","North Carolina A&T Aggies","2448","Transfer","stats","id","Temple Owls",NA,2,NA,11.87,14.17,1.22,-0.14,1.08,NA
"5315534","5315534","Rania Curry","North Carolina A&T Aggies","2448","Transfer","stats","id","Mercer Bears",NA,1,NA,11.71,13.98,-0.99,-0.14,-1.13,NA
"5239060","5239060","Jada Bates","North Carolina A&T Aggies","2448","Transfer","stats","id","Arkansas Razorbacks",NA,2,NA,10.99,13.11,-1.71,-0.29,-2,NA
"5311980","5311980","Anaya Karriem","North Carolina A&T Aggies","2448","Returning","stats","id","North Carolina A&T Aggies",NA,1,NA,10.65,12.71,-1.18,0.26,-0.92,NA
"fr_2448_brookevans","fr_2448_brookevans","Brook Evans","North Carolina A&T Aggies","2448","Newcomer","newcomer","none","South Central HS","Fr.",0,NA,8.03,9.59,-2.23,-0.75,-2.99,NA
"fr_2448_honorhall","fr_2448_honorhall","Honor Hall","North Carolina A&T Aggies","2448","Newcomer","newcomer","none","Richmond Heights Secondary","Fr.",0,NA,7.48,8.92,-2.23,-0.75,-2.99,NA
"fr_2448_kaylinpernell","fr_2448_kaylinpernell","Kaylin Pernell","North Carolina A&T Aggies","2448","Newcomer","newcomer","none","Oak City Prep","Fr.",0,NA,6.88,8.21,-2.23,-0.75,-2.99,NA
"fr_2448_whitleydavis","fr_2448_whitleydavis","Whitley Davis","North Carolina A&T Aggies","2448","Newcomer","newcomer","none","Winton Woods HS","Fr.",0,NA,5.91,7.05,-2.23,-0.75,-2.99,NA
"5178525","5178525","Aysia Hinton","North Carolina Central Eagles","2428","Returning","stats","id","North Carolina Central Eagles",NA,3,NA,26.63,31.78,-1.98,-1.04,-3.01,NA
"5243549","5243549","Dianna Blake","North Carolina Central Eagles","2428","Returning","stats","id","North Carolina Central Eagles",NA,2,NA,22.42,26.76,-3.08,-1.15,-4.23,NA
"5314885","5314885","Amaya Harris","North Carolina Central Eagles","2428","Returning","stats","id","North Carolina Central Eagles",NA,1,NA,19.51,23.28,-4.61,-0.44,-5.05,NA
"5243548","5243548","Shakiria Foster","North Carolina Central Eagles","2428","Returning","stats","id","North Carolina Central Eagles",NA,2,NA,17.8,21.24,-3.95,-0.97,-4.92,NA
"5243547","5243547","Victoria Morris","North Carolina Central Eagles","2428","Returning","stats","id","North Carolina Central Eagles",NA,2,NA,15.36,18.33,-4.64,0.02,-4.63,NA
"fr_2428_arielwalker","fr_2428_arielwalker","Ariel Walker","North Carolina Central Eagles","2428","Newcomer","newcomer","none","CC of Baltimore County Essex","Jr.",0,NA,14.82,17.68,-3.56,-0.64,-4.2,NA
"fr_2428_briannacarelock","fr_2428_briannacarelock","Brianna Carelock","North Carolina Central Eagles","2428","Newcomer","newcomer","none","Winston-Salem Christian","Fr.",0,NA,13.48,16.09,-3.56,-0.64,-4.2,NA
"fr_2428_chloecrawford","fr_2428_chloecrawford","Chloe Crawford","North Carolina Central Eagles","2428","Newcomer","newcomer","none","South Garner HS","Fr.",0,NA,12.34,14.72,-3.56,-0.64,-4.2,NA
"fr_2428_keileenthompsonedwards","fr_2428_keileenthompsonedwards","Keileen Thompson-Edwards","North Carolina Central Eagles","2428","Newcomer","newcomer","none","Manchester HS","Fr.",0,NA,11.65,13.9,-3.56,-0.64,-4.2,NA
"fr_2428_kenadibanks","fr_2428_kenadibanks","Kenadi Banks","North Carolina Central Eagles","2428","Newcomer","newcomer","none","Crispus Attucks HS","Fr.",0,NA,11.15,13.31,-3.56,-0.64,-4.2,NA
"fr_2428_rayanaminard","fr_2428_rayanaminard","Rayana Minard","North Carolina Central Eagles","2428","Newcomer","newcomer","none","Lake Norman HS","Fr.",0,NA,10.61,12.66,-3.56,-0.64,-4.2,NA
"fr_2428_shrouqamer","fr_2428_shrouqamer","Shrouq Amer","North Carolina Central Eagles","2428","Newcomer","newcomer","none","South Plains","Jr.",0,NA,10.21,12.19,-3.56,-0.64,-4.2,NA
"5314886","5314886","Aaliyah Grant","North Carolina Central Eagles","2428","Returning","stats","id","North Carolina Central Eagles",NA,1,NA,8.16,9.74,-4.56,-0.61,-5.16,NA
"5314887","5314887","Kendall Alexander","North Carolina Central Eagles","2428","Returning","stats","id","North Carolina Central Eagles",NA,1,NA,5.87,7.01,-2.92,-0.86,-3.78,NA
"5174425","5174425","Ciera Toomey","North Carolina Tar Heels","153","Returning","stats","id","North Carolina Tar Heels",NA,2,NA,24.5,29.24,5.62,4.34,9.95,NA
"5174423","5174423","Reniya Kelly","North Carolina Tar Heels","153","Returning","stats","id","North Carolina Tar Heels",NA,3,NA,22.36,26.68,0.01,3.46,3.46,NA
"5175935","5175935","Chloe Clardy","North Carolina Tar Heels","153","Transfer","stats","id","Stanford Cardinal",NA,3,NA,21.54,25.71,4.41,2.47,6.88,NA
"5174431","5174431","Sophie Burrows","North Carolina Tar Heels","153","Transfer","stats","id","Syracuse Orange",NA,3,NA,20.19,24.1,4.58,3.43,8,NA
"rec_153_kateharpring","rec_153_kateharpring","Kate Harpring","North Carolina Tar Heels","153","Top-100 recruit","newcomer","recruit","Top-100 recruit (added)","Fr.",0,4,16.99,20.28,5.48,3.97,9.46,NA
"5312402","5312402","Nyla Brooks","North Carolina Tar Heels","153","Returning","stats","id","North Carolina Tar Heels",NA,1,NA,16.71,19.94,3.81,4.11,7.92,NA
"5175811","5175811","Achol Akot","North Carolina Tar Heels","153","Transfer","stats","id","Oklahoma State Cowgirls",NA,3,NA,16.41,19.58,6.55,2.32,8.87,NA
"5312434","5312434","Gabby White","North Carolina Tar Heels","153","Transfer","stats","id","Virginia Cavaliers",NA,1,NA,12.48,14.9,3.92,1.97,5.89,NA
"5174422","5174422","Laila Hull","North Carolina Tar Heels","153","Returning","stats","id","North Carolina Tar Heels",NA,2,NA,11.51,13.73,3.86,3.81,7.68,NA
"fr_153_noellebofia","fr_153_noellebofia","Noelle Bofia","North Carolina Tar Heels","153","Top-100 recruit","newcomer","none","Xavier College Preparatory","Fr.",0,57,9.39,11.21,2.55,2.96,5.51,NA
"5312403","5312403","Taissa Queiroz","North Carolina Tar Heels","153","Returning","stats","id","North Carolina Tar Heels",NA,1,NA,9.37,11.18,2.07,2.83,4.9,"No. 77 recruit in 2025; pedigree counts 33% (299 college min)"
"5238304","5238304","Blanca Thomas","North Carolina Tar Heels","153","Returning","stats","id","North Carolina Tar Heels",NA,2,NA,7.07,8.43,-1.06,2.34,1.28,NA
"5238303","5238303","Jordan Zubich","North Carolina Tar Heels","153","Returning","stats","id","North Carolina Tar Heels",NA,2,NA,6.56,7.83,0.47,1.12,1.59,NA
"5174424","5174424","Sydney Barker","North Carolina Tar Heels","153","Returning","stats","id","North Carolina Tar Heels",NA,3,NA,4.93,5.88,-0.8,0.89,0.09,NA
"5239542","5239542","Sydney Piekny","North Dakota Fighting Hawks","155","Returning","stats","id","North Dakota Fighting Hawks",NA,2,NA,24.89,29.7,-0.51,-2.74,-3.25,NA
"5314654","5314654","London Harris","North Dakota Fighting Hawks","155","Returning","stats","id","North Dakota Fighting Hawks",NA,1,NA,22.75,27.15,-2.83,-1.8,-4.64,NA
"5314651","5314651","Lauren Hillesheim","North Dakota Fighting Hawks","155","Returning","stats","id","North Dakota Fighting Hawks",NA,1,NA,20.45,24.41,-1.65,-1.15,-2.79,NA
"5178479","5178479","Addison Klosterbuer","North Dakota Fighting Hawks","155","Transfer","stats","id","North Dakota Fighting Hawks",NA,2,NA,17.16,20.48,-2.62,-1.07,-3.68,"Missed 2025-26; 2024-25: 7.8 mpg, 1.2 ppg"
"5321708","5321708","Ciona Wells","North Dakota Fighting Hawks","155","Transfer (non-D1)","stats","none","Western Oregon Wolves",NA,2,NA,15.19,18.13,-3.66,-1.28,-4.94,"Valued at the D2/NAIA level (assumed)"
"5314652","5314652","Kendra Harvey","North Dakota Fighting Hawks","155","Returning","stats","id","North Dakota Fighting Hawks",NA,1,NA,14.46,17.26,-3.19,-1.34,-4.52,NA
"fr_155_abbyduchscherer","fr_155_abbyduchscherer","Abby Duchscherer","North Dakota Fighting Hawks","155","Newcomer","newcomer","none","Kindred HS (Alabama)","Gr.",0,NA,12.25,14.62,-3.15,-1.81,-4.96,NA
"fr_155_aliyahgreen","fr_155_aliyahgreen","Aliyah Green","North Dakota Fighting Hawks","155","Newcomer","newcomer","none","Andover HS (Butler CC)","So.",0,NA,11.2,13.37,-3.15,-1.81,-4.96,NA
"fr_155_jaydamaves","fr_155_jaydamaves","Jayda Maves","North Dakota Fighting Hawks","155","Newcomer","newcomer","none","Green Mountain HS (Western Colorado)","Sr.",0,NA,10.57,12.61,-3.15,-1.81,-4.96,NA
"fr_155_jaydensonnenberg","fr_155_jaydensonnenberg","Jayden Sonnenberg","North Dakota Fighting Hawks","155","Newcomer","newcomer","none","Frazee HS","Fr.",0,NA,10.11,12.07,-3.15,-1.81,-4.96,NA
"fr_155_kinleysmith","fr_155_kinleysmith","Kinley Smith","North Dakota Fighting Hawks","155","Newcomer","newcomer","none","Fouke HS","Fr.",0,NA,9.61,11.47,-3.15,-1.81,-4.96,NA
"fr_155_maggiefricke","fr_155_maggiefricke","Maggie Fricke","North Dakota Fighting Hawks","155","Newcomer","newcomer","none","Minot HS","Fr.",0,NA,9.25,11.04,-3.15,-1.81,-4.96,NA
"fr_155_miajacobson","fr_155_miajacobson","Mia Jacobson","North Dakota Fighting Hawks","155","Newcomer","newcomer","none","Westview HS","Fr.",0,NA,8.59,10.25,-3.15,-1.81,-4.96,NA
"5314877","5314877","Juliana Haddad","North Dakota Fighting Hawks","155","Transfer","stats","id","Northern Illinois Huskies",NA,2,NA,8.42,10.05,-3.1,-1.18,-4.27,NA
"5314653","5314653","Lauren Reardon","North Dakota Fighting Hawks","155","Returning","stats","id","North Dakota Fighting Hawks",NA,1,NA,5.09,6.08,-1.86,-1.23,-3.09,NA
"5178463","5178463","Avery Koenen","North Dakota State Bison","2449","Returning","stats","id","North Dakota State Bison",NA,3,NA,29.23,34.88,13,3.53,16.53,NA
"5241886","5241886","Marisa Frost","North Dakota State Bison","2449","Returning","stats","id","North Dakota State Bison",NA,2,NA,26.13,31.19,4.94,0.27,5.22,NA
"5239543","5239543","Jocelyn Schiller","North Dakota State Bison","2449","Returning","stats","id","North Dakota State Bison",NA,2,NA,23.86,28.48,2.77,0.1,2.87,NA
"5178465","5178465","Abby Krzewinski","North Dakota State Bison","2449","Returning","stats","id","North Dakota State Bison",NA,3,NA,21.32,25.45,2.97,-0.09,2.89,NA
"5314656","5314656","Karrington Asp","North Dakota State Bison","2449","Returning","stats","id","North Dakota State Bison",NA,1,NA,18.38,21.94,5.76,0.81,6.57,NA
"5175984","5175984","Madelynn Muniz","North Dakota State Bison","2449","Transfer","stats","id","Cal State Fullerton Titans",NA,2,NA,14.53,17.34,-0.87,-1.09,-1.96,NA
"5314655","5314655","Sophie Hawkinson","North Dakota State Bison","2449","Newcomer","stats","none","North Dakota State Bison",NA,1,NA,11.2,13.37,1,0.16,1.16,NA
"5178464","5178464","Miriley Simon","North Dakota State Bison","2449","Returning","stats","id","North Dakota State Bison",NA,3,NA,10.86,12.96,0.61,0.87,1.47,NA
"fr_2449_georgiaell","fr_2449_georgiaell","Georgia Ell","North Dakota State Bison","2449","Newcomer","newcomer","none","Loreto Kirribilli HS","2nd",0,NA,10.62,12.68,1,0.16,1.16,NA
"fr_2449_lizatrenbeath","fr_2449_lizatrenbeath","Liza Trenbeath","North Dakota State Bison","2449","Newcomer","newcomer","none","Kindred HS","1st",0,NA,10.2,12.18,1,0.16,1.16,NA
"fr_2449_elenalazarevic","fr_2449_elenalazarevic","Elena Lazarevic","North Dakota State Bison","2449","International (FIBA)","newcomer","none","Gimanzija Moste","3rd",0,NA,9.47,11.31,-0.37,-0.24,-0.61,NA
"5109352","5109352","Lily Niebuhr","North Dakota State Bison","2449","Returning","stats","id","North Dakota State Bison",NA,4,NA,7.43,8.86,0.53,-0.65,-0.11,NA
"5314657","5314657","McKenna Johnson","North Dakota State Bison","2449","Returning","stats","id","North Dakota State Bison",NA,1,NA,6.75,8.06,0.05,0.12,0.17,NA
"5175464","5175464","Alexa Washington","North Florida Ospreys","2454","Returning","stats","id","North Florida Ospreys",NA,2,NA,26.65,31.81,-2.15,-0.74,-2.89,NA
"5240630","5240630","Jamisyn Stinson","North Florida Ospreys","2454","Returning","stats","id","North Florida Ospreys",NA,2,NA,24.1,28.76,2.14,-1.7,0.44,NA
"5176130","5176130","Elle Blatchford","North Florida Ospreys","2454","Returning","stats","id","North Florida Ospreys",NA,3,NA,21.61,25.78,0.58,-1.98,-1.4,NA
"5176539","5176539","Alonya Waldon","North Florida Ospreys","2454","Returning","stats","id","North Florida Ospreys",NA,3,NA,19.49,23.26,0.06,-0.9,-0.85,NA
"5315082","5315082","Dezuray McGill","North Florida Ospreys","2454","Returning","stats","id","North Florida Ospreys",NA,1,NA,17.81,21.26,1.65,-1.02,0.62,NA
"5315081","5315081","Karyzma Pierre","North Florida Ospreys","2454","Returning","stats","id","North Florida Ospreys",NA,3,NA,15.78,18.84,-3.09,-0.69,-3.78,NA
"5315080","5315080","Georgi Buzzetti","North Florida Ospreys","2454","Returning","stats","id","North Florida Ospreys",NA,3,NA,13.69,16.33,-2.36,-1.12,-3.48,NA
"5243325","5243325","Brianna Mead","North Florida Ospreys","2454","Transfer","stats","id","Temple Owls",NA,2,NA,11.71,13.98,-1.36,-1.38,-2.74,NA
"5320182","5320182","Brooke Winchester","North Florida Ospreys","2454","Transfer","stats","id","Ball State Cardinals",NA,1,NA,11.49,13.71,0.4,-0.19,0.21,NA
"5315076","5315076","Jamison Cardwell","North Florida Ospreys","2454","Returning","stats","id","North Florida Ospreys",NA,1,NA,10.68,12.75,-2.75,0.08,-2.67,NA
"5315079","5315079","Abby Knauff","North Florida Ospreys","2454","Returning","stats","id","North Florida Ospreys",NA,1,NA,9.65,11.51,-2.11,-1.34,-3.46,NA
"fr_2454_belleratliff","fr_2454_belleratliff","Belle Ratliff","North Florida Ospreys","2454","Newcomer","newcomer","none","Byron Nelson HS","Fr.",0,NA,8.83,10.54,-2.41,-1.24,-3.65,NA
"fr_2454_myamayberry","fr_2454_myamayberry","Mya Mayberry","North Florida Ospreys","2454","Newcomer","newcomer","none","Wichita Heights HS","Jr.",0,NA,8.51,10.16,-2.41,-1.24,-3.65,NA
"5240919","5240919","Chania Price","North Texas Mean Green","249","Returning","stats","id","North Texas Mean Green",NA,2,NA,26.63,31.79,-0.76,1.46,0.7,NA
"5315050","5315050","Cherie Spencer","North Texas Mean Green","249","Returning","stats","id","North Texas Mean Green",NA,1,NA,21.49,25.64,-2.18,1.33,-0.84,NA
"5242468","5242468","Reza Po","North Texas Mean Green","249","Transfer","stats","id","East Texas A&M Lions",NA,2,NA,21.41,25.55,2.14,-0.71,1.43,NA
"5175876","5175876","Otaifo Esenabhalu","North Texas Mean Green","249","Transfer","stats","id","Longwood Lancers",NA,3,NA,19.1,22.8,1.76,1.07,2.83,NA
"fr_249_ariannajohnson","fr_249_ariannajohnson","Arianna Johnson","North Texas Mean Green","249","Newcomer","newcomer","none","Monterey HS","Fr.",0,NA,15.37,18.35,-0.93,0.73,-0.2,NA
"5315174","5315174","Kendall Mosley","North Texas Mean Green","249","Transfer","stats","id","San Diego State Aztecs",NA,1,NA,14.7,17.54,0.76,0.13,0.89,NA
"fr_249_bralyahmiller","fr_249_bralyahmiller","Bralyah Miller","North Texas Mean Green","249","Newcomer","newcomer","none","Lincoln HS","Fr.",0,NA,14.45,17.24,-0.93,0.73,-0.2,NA
"5239472","5239472","Kalysta Martin","North Texas Mean Green","249","Transfer","stats","id","Texas Tech Lady Raiders",NA,2,NA,14.14,16.88,-0.79,-0.25,-1.04,NA
"fr_249_kamyrabarber","fr_249_kamyrabarber","KaMyra Barber","North Texas Mean Green","249","Newcomer","newcomer","none","Wichita Heights HS/Hutchinson CC","So.",0,NA,13.2,15.76,-0.93,0.73,-0.2,NA
"fr_249_kyndalgraham","fr_249_kyndalgraham","Kyndal Graham","North Texas Mean Green","249","Newcomer","newcomer","none","Huntington HS","Fr.",0,NA,12.14,14.49,-0.93,0.73,-0.2,NA
"fr_249_taylorrietveld","fr_249_taylorrietveld","Taylor Rietveld","North Texas Mean Green","249","Newcomer","newcomer","none","Camden County HS/Chipola College/Louisiana Tech","Jr.",0,NA,11.5,13.73,-0.93,0.73,-0.2,NA
"5315051","5315051","Shelby Thornton","North Texas Mean Green","249","Returning","stats","id","North Texas Mean Green",NA,1,NA,8.33,9.95,-1.07,-0.09,-1.16,NA
"5315049","5315049","Allison Rickman","North Texas Mean Green","249","Returning","stats","id","North Texas Mean Green",NA,1,NA,7.53,8.99,-4.05,-0.04,-4.09,NA
"5242249","5242249","Camryn Collins","Northeastern Huskies","111","Returning","stats","id","Northeastern Huskies",NA,2,NA,28.25,33.71,-0.18,-1.88,-2.07,NA
"fr_111_yirsyqueliz","5175927","Yirsy Quéliz","Northeastern Huskies","111","Returning","history","name","St. Mary's","Sr.",0,NA,25.96,30.98,-2.04,-1.53,-3.57,NA
"5240314","5240314","Morgan Matthews","Northeastern Huskies","111","Returning","stats","id","Northeastern Huskies",NA,2,NA,23.01,27.47,-1.01,-1.65,-2.66,NA
"5242452","5242452","Justice Tramble","Northeastern Huskies","111","Returning","stats","id","Northeastern Huskies",NA,2,NA,21.23,25.33,2.94,-2.23,0.71,NA
"5239426","5239426","Taylor Holohan","Northeastern Huskies","111","Returning","stats","id","Northeastern Huskies",NA,2,NA,18.21,21.73,0.04,-1.05,-1.01,NA
"5312001","5312001","Kailee Beaudion-Foliaki","Northeastern Huskies","111","Returning","stats","id","Northeastern Huskies",NA,1,NA,16.05,19.15,-2.81,-1.6,-4.4,NA
"5239427","5239427","Maya Summerville","Northeastern Huskies","111","Returning","stats","id","Northeastern Huskies",NA,2,NA,14.38,17.17,-2.11,-1.43,-3.54,NA
"5314198","5314198","Amanda Smith","Northeastern Huskies","111","Transfer","stats","id","East Carolina Pirates",NA,1,NA,12.98,15.49,-1.85,-0.96,-2.81,NA
"5125935","5125935","Summer Bostock","Northeastern Huskies","111","Transfer","stats","id","Houston Cougars",NA,3,NA,11.87,14.17,-2.64,-1.04,-3.67,NA
"5175840","5175840","Andrea Martinez","Northeastern Huskies","111","Returning","stats","id","Northeastern Huskies",NA,3,NA,10.32,12.32,-6.75,-2.25,-9,NA
"5312002","5312002","Beatriz Perez Pulgar","Northeastern Huskies","111","Returning","stats","id","Northeastern Huskies",NA,1,NA,8.88,10.6,-2.58,-1.28,-3.86,NA
"5312003","5312003","Lindsey Lemay","Northeastern Huskies","111","Returning","stats","id","Northeastern Huskies",NA,1,NA,8.85,10.57,-2.05,-1.55,-3.6,NA
"5240789","5240789","Madison Watts","Northern Arizona Lumberjacks","2464","Returning","stats","id","Northern Arizona Lumberjacks",NA,2,NA,28.68,34.23,1.96,-0.22,1.75,NA
"5239978","5239978","Emma Dasovich","Northern Arizona Lumberjacks","2464","Returning","stats","id","Northern Arizona Lumberjacks",NA,2,NA,22.31,26.62,-0.92,-2.57,-3.49,NA
"5312894","5312894","Morgan Hawkins","Northern Arizona Lumberjacks","2464","Transfer","stats","id","Cal State Bakersfield Roadrunners",NA,2,NA,21.3,25.42,-0.01,-1.18,-1.18,NA
"5240721","5240721","Layla Davis","Northern Arizona Lumberjacks","2464","Returning","stats","id","Northern Arizona Lumberjacks",NA,2,NA,19.4,23.16,-0.2,-2.04,-2.24,NA
"5175949","5175949","Alondra Lizama","Northern Arizona Lumberjacks","2464","Transfer","stats","id","Cal State Northridge Matadors",NA,3,NA,16.21,19.35,-0.34,-2.07,-2.41,NA
"5313044","5313044","Micayla Silas","Northern Arizona Lumberjacks","2464","Transfer","stats","id","Milwaukee Panthers",NA,3,NA,13.62,16.26,-1.86,-1.72,-3.58,NA
"5322637","5322637","Aaliyah Smith","Northern Arizona Lumberjacks","2464","Transfer (non-D1)","stats","none","Eastern New Mexico Greyhounds",NA,3,NA,13.18,15.73,-3.46,-1.35,-4.81,"Valued at the D2/NAIA level (assumed)"
"5108737","5108737","Olivia Moore","Northern Arizona Lumberjacks","2464","Transfer","stats","id","South Dakota Coyotes",NA,3,NA,13.04,15.56,-1.04,-1.54,-2.59,NA
"5178574","5178574","Ray'ven Robinson","Northern Arizona Lumberjacks","2464","Newcomer","stats","id","Georgia Southwestern Hurricanes",NA,3,NA,12.21,14.57,-1.61,-1.47,-3.08,NA
"fr_2464_naomijohnson","fr_2464_naomijohnson","Naomi Johnson","Northern Arizona Lumberjacks","2464","Newcomer","newcomer","none","West Campus","Fr.",0,NA,11.54,13.77,-1.61,-1.47,-3.08,NA
"fr_2464_shaylacordis","fr_2464_shaylacordis","Shayla Cordis","Northern Arizona Lumberjacks","2464","Newcomer","newcomer","none","North Thurston","Fr.",0,NA,11.06,13.19,-1.61,-1.47,-3.08,NA
"fr_2464_tiannaknighton","fr_2464_tiannaknighton","Tianna Knighton","Northern Arizona Lumberjacks","2464","Newcomer","newcomer","none","Central Arizona","Jr.",0,NA,10.53,12.56,-1.61,-1.47,-3.08,NA
"5315677","5315677","Alyssa Harris","Northern Arizona Lumberjacks","2464","Returning","stats","id","Northern Arizona Lumberjacks",NA,2,NA,6.93,8.27,-3.16,-1.13,-4.29,NA
"5241008","5241008","Neenah George","Northern Colorado Bears","2458","Returning","stats","id","Northern Colorado Bears",NA,2,NA,30,35.8,1.79,-0.2,1.59,NA
"5176441","5176441","Tatum West","Northern Colorado Bears","2458","Returning","stats","id","Northern Colorado Bears",NA,3,NA,27.7,33.06,4.54,1.84,6.38,NA
"5241464","5241464","Heather Baymon","Northern Colorado Bears","2458","Returning","stats","id","Northern Colorado Bears",NA,2,NA,25.07,29.92,2.68,0.31,2.99,NA
"5239456","5239456","Erin Powell","Northern Colorado Bears","2458","Returning","stats","id","Northern Colorado Bears",NA,2,NA,20.31,24.24,-3.1,-0.46,-3.57,NA
"5175756","5175756","Mia Galbraith","Northern Colorado Bears","2458","Transfer","stats","id","Texas State Bobcats",NA,2,NA,17.38,20.74,-0.75,-0.13,-0.88,NA
"5242427","5242427","Ericka Huggins","Northern Colorado Bears","2458","Transfer","stats","id","Delaware State Hornets",NA,2,NA,15.51,18.51,-0.95,0.87,-0.08,NA
"5178107","5178107","Ellie Magestro-Kennedy","Northern Colorado Bears","2458","Transfer","stats","id","Wright State Raiders",NA,2,NA,14.87,17.74,-0.66,-1.22,-1.88,NA
"5107714","5107714","Lilah Moore","Northern Colorado Bears","2458","Returning","stats","id","Northern Colorado Bears",NA,4,NA,13.55,16.17,-4.04,-0.47,-4.5,NA
"fr_2458_averievarhaug","fr_2458_averievarhaug","Averie Varhaug","Northern Colorado Bears","2458","Newcomer","newcomer","none",NA,"Fr.",0,NA,12.39,14.79,-1.24,-0.1,-1.34,NA
"fr_2458_danaejefferson","fr_2458_danaejefferson","Da'Nae Jefferson","Northern Colorado Bears","2458","Newcomer","newcomer","none","Putnam City North HS","Fr.",0,NA,11.89,14.19,-1.24,-0.1,-1.34,NA
"fr_2458_lucymead","fr_2458_lucymead","Lucy Mead","Northern Colorado Bears","2458","Newcomer","newcomer","none",NA,"Fr.",0,NA,11.33,13.52,-1.24,-0.1,-1.34,NA
"5314879","5314879","Emilie Sorensen","Northern Illinois Huskies","2459","Returning","stats","id","Northern Illinois Huskies",NA,1,NA,29.19,34.84,1.6,-1.22,0.38,NA
"5174929","5174929","Nevaeh Wingate","Northern Illinois Huskies","2459","Returning","stats","id","Northern Illinois Huskies",NA,3,NA,26.11,31.16,-0.12,-1,-1.13,NA
"5314876","5314876","Sa'Mahn Johnson","Northern Illinois Huskies","2459","Returning","stats","id","Northern Illinois Huskies",NA,1,NA,20.33,24.27,-1.65,-1.44,-3.09,NA
"5178229","5178229","Leah Middleton","Northern Illinois Huskies","2459","Transfer","stats","id","Binghamton Bearcats",NA,3,NA,18.63,22.23,-0.48,-1.48,-1.96,NA
"5180433","5180433","Ashlynn Brooke","Northern Illinois Huskies","2459","Transfer","stats","id","Ball State Cardinals",NA,3,NA,17.23,20.56,-0.01,-0.78,-0.79,NA
"5314878","5314878","Cyra Conwell","Northern Illinois Huskies","2459","Returning","stats","id","Northern Illinois Huskies",NA,1,NA,15.23,18.18,-2.28,-1.17,-3.44,NA
"5241054","5241054","Anna Stromberg","Northern Illinois Huskies","2459","Transfer","stats","id","Radford Highlanders",NA,2,NA,13.76,16.42,-2.84,-1.54,-4.38,NA
"fr_2459_atarahwalker","fr_2459_atarahwalker","Atarah Walker","Northern Illinois Huskies","2459","Newcomer","newcomer","none","SUNY Niagara","Jr.",0,NA,11.14,13.29,-2.58,-1.56,-4.13,NA
"fr_2459_emmaclose","fr_2459_emmaclose","Emma Close","Northern Illinois Huskies","2459","Newcomer","newcomer","none","Wauwatosa East","Fr.",0,NA,10.52,12.55,-2.58,-1.56,-4.13,NA
"fr_2459_fionamadigan","fr_2459_fionamadigan","Fiona Madigan","Northern Illinois Huskies","2459","Newcomer","newcomer","none","Orangeville District Secondary School","Fr.",0,NA,10.07,12.02,-2.58,-1.56,-4.13,NA
"fr_2459_komaribooker","fr_2459_komaribooker","Komari Booker","Northern Illinois Huskies","2459","Newcomer","newcomer","none","Pike","Fr.",0,NA,9.58,11.43,-2.58,-1.56,-4.13,NA
"fr_2459_laniahdavis","fr_2459_laniahdavis","Laniah Davis","Northern Illinois Huskies","2459","Newcomer","newcomer","none","Marquette Catholic","Fr.",0,NA,9.23,11.01,-2.58,-1.56,-4.13,NA
"5174550","5174550","Lexi Kerstein","Northern Illinois Huskies","2459","Returning","stats","id","Northern Illinois Huskies",NA,2,NA,8.99,10.72,-4.02,-0.61,-4.63,NA
"5242190","5242190","Elise Jaeger","Northern Iowa Panthers","2460","Returning","stats","id","Northern Iowa Panthers",NA,2,NA,28.3,33.77,-1.91,2.96,1.06,NA
"5314959","5314959","Jenna Twedt","Northern Iowa Panthers","2460","Returning","stats","id","Northern Iowa Panthers",NA,3,NA,26.23,31.3,5.01,0.14,5.15,NA
"5242191","5242191","Kaylynn Janes","Northern Iowa Panthers","2460","Returning","stats","id","Northern Iowa Panthers",NA,2,NA,21.08,25.16,-1.39,-1.12,-2.5,NA
"5314960","5314960","Maren Schmotzer","Northern Iowa Panthers","2460","Returning","stats","id","Northern Iowa Panthers",NA,1,NA,16.73,19.97,-3.95,0.34,-3.61,NA
"5314961","5314961","Lauren Walker","Northern Iowa Panthers","2460","Returning","stats","id","Northern Iowa Panthers",NA,1,NA,15.48,18.48,0.03,0.22,0.26,NA
"5240177","5240177","Callie Levin","Northern Iowa Panthers","2460","Transfer","stats","id","Iowa Hawkeyes",NA,2,NA,14.63,17.46,-0.06,0.65,0.59,NA
"5314957","5314957","Abby Tuttle","Northern Iowa Panthers","2460","Returning","stats","id","Northern Iowa Panthers",NA,1,NA,13.62,16.26,-2.66,0.41,-2.25,NA
"5242192","5242192","Mya Nicholson","Northern Iowa Panthers","2460","Returning","stats","id","Northern Iowa Panthers",NA,1,NA,11.62,13.86,-0.83,-0.35,-1.18,NA
"fr_2460_callieoakland","fr_2460_callieoakland","Callie Oakland","Northern Iowa Panthers","2460","Newcomer","newcomer","none","St. Croix Lutheran Academy","Fr.",0,NA,11.48,13.7,-1.16,0.29,-0.87,NA
"fr_2460_emilylarsen","fr_2460_emilylarsen","Emily Larsen","Northern Iowa Panthers","2460","Newcomer","newcomer","none","Cedar Rapids Prairie HS","Fr.",0,NA,10.87,12.97,-1.16,0.29,-0.87,NA
"fr_2460_harperwhetstine","fr_2460_harperwhetstine","Harper Whetstine","Northern Iowa Panthers","2460","Newcomer","newcomer","none","Troy HS","Fr.",0,NA,10.43,12.44,-1.16,0.29,-0.87,NA
"fr_2460_lesedrawilliams","fr_2460_lesedrawilliams","Le'Sedra Williams","Northern Iowa Panthers","2460","Newcomer","newcomer","none","Minnetonka HS","Fr.",0,NA,9.94,11.87,-1.16,0.29,-0.87,NA
"fr_2460_taylorfranck","fr_2460_taylorfranck","Taylor Franck","Northern Iowa Panthers","2460","Newcomer","newcomer","none","Mount Vernon HS","Fr.",0,NA,9.6,11.45,-1.16,0.29,-0.87,NA
"5178007","5178007","Noelle Hubert","Northern Kentucky Norse","94","Returning","stats","id","Northern Kentucky Norse",NA,3,NA,25.36,30.27,-0.2,-1.45,-1.65,NA
"5243539","5243539","Kennedy Younkin","Northern Kentucky Norse","94","Transfer","stats","id","East Tennessee State Bucs",NA,2,NA,22.95,27.38,-2.23,-0.36,-2.59,NA
"5241131","5241131","Anna Hamilton","Northern Kentucky Norse","94","Returning","stats","id","Northern Kentucky Norse",NA,2,NA,18.99,22.67,-2.4,-0.57,-2.97,NA
"fr_94_dzeniferarieksta","fr_94_dzeniferarieksta","Dženifera Rieksta","Northern Kentucky Norse","94","Newcomer","newcomer","none","Vincennes","Jr.",0,NA,18.15,21.66,-1.09,-0.8,-1.89,NA
"fr_94_luciaauza","fr_94_luciaauza","Lucía Auza","Northern Kentucky Norse","94","Newcomer","newcomer","none","Eastern Arizona","Jr.",0,NA,16.49,19.68,-1.09,-0.8,-1.89,NA
"fr_94_gaiacastelli","fr_94_gaiacastelli","Gaia Castelli","Northern Kentucky Norse","94","Newcomer","newcomer","none","Rhodigum Basket Asd","Fr.",0,NA,16.3,19.45,-1.09,-0.8,-1.89,NA
"fr_94_mayalayton","fr_94_mayalayton","Maya Layton","Northern Kentucky Norse","94","Newcomer","newcomer","none","Lafayette Jefferson","Fr.",0,NA,15.04,17.95,-1.09,-0.8,-1.89,NA
"fr_94_yaidaskold","fr_94_yaidaskold","Ya Ida Sköld","Northern Kentucky Norse","94","Newcomer","newcomer","none","RIG Lulea","Fr.",0,NA,13.81,16.48,-1.09,-0.8,-1.89,NA
"fr_94_sofijatodorovic","fr_94_sofijatodorovic","Sofija Todorović","Northern Kentucky Norse","94","International (FIBA)","newcomer","none","Cloud County CC","So.",0,NA,12.93,15.43,-1.83,-0.74,-2.56,NA
"fr_94_sarabasaran","fr_94_sarabasaran","Sara Basaran","Northern Kentucky Norse","94","International (FIBA)","newcomer","none","Collin College","Jr.",0,NA,12.17,14.53,-2.45,-1.2,-3.65,NA
"fr_94_emamackic","fr_94_emamackic","Ema Mačkić","Northern Kentucky Norse","94","International (FIBA)","newcomer","none","KZK Celik BH Telekom","Fr.",0,NA,11.56,13.8,-2.52,-1.25,-3.77,NA
"5176461","5176461","Alma Rashelbach","Northern Kentucky Norse","94","Returning","stats","id","Northern Kentucky Norse",NA,3,NA,8.99,10.73,-0.32,-0.59,-0.91,NA
"5313064","5313064","Caroline Eaglin","Northern Kentucky Norse","94","Returning","stats","id","Northern Kentucky Norse",NA,1,NA,7.26,8.66,-2.87,-1.04,-3.91,NA
"5240959","5240959","KP Parr","Northwestern State Lady Demons","2466","Transfer","stats","id","Texas State Bobcats",NA,2,NA,22.96,27.4,-2.55,0.65,-1.9,NA
"5243318","5243318","Payton Miller","Northwestern State Lady Demons","2466","Returning","stats","id","Northwestern State Lady Demons",NA,2,NA,19.76,23.58,-5.04,-1.33,-6.37,NA
"5315692","5315692","Stephie Salumu","Northwestern State Lady Demons","2466","Returning","stats","id","Northwestern State Lady Demons",NA,2,NA,17.52,20.92,-1.3,-0.6,-1.91,NA
"fr_2466_beccamilon","fr_2466_beccamilon","Becca Milon","Northwestern State Lady Demons","2466","Newcomer","newcomer","none","Cairine Wilson Secondary School","Jr.",0,NA,16.31,19.47,-1.96,-0.42,-2.38,NA
"fr_2466_chiarapavitsits","fr_2466_chiarapavitsits","Chiara Pavitsits","Northwestern State Lady Demons","2466","Newcomer","newcomer","none","BG BRG BORG Eisenstadt Kurzweise","Fr.",0,NA,14.64,17.47,-1.96,-0.42,-2.38,NA
"fr_2466_delorapricop","fr_2466_delorapricop","Delora Pricop","Northwestern State Lady Demons","2466","Newcomer","newcomer","none","Sport HS","Jr.",0,NA,13.37,15.96,-1.96,-0.42,-2.38,NA
"fr_2466_karmawynn","fr_2466_karmawynn","Karma Wynn","Northwestern State Lady Demons","2466","Newcomer","newcomer","none","Pelham HS","Jr.",0,NA,12.19,14.55,-1.96,-0.42,-2.38,NA
"fr_2466_stellaallison","fr_2466_stellaallison","Stella Allison","Northwestern State Lady Demons","2466","Newcomer","newcomer","none","French Settlement HS","Fr.",0,NA,11.18,13.34,-1.96,-0.42,-2.38,NA
"fr_2466_valmontero","fr_2466_valmontero","Val Montero","Northwestern State Lady Demons","2466","Newcomer","newcomer","none","Southeastern Prep Academy","Fr.",0,NA,10.57,12.62,-1.96,-0.42,-2.38,NA
"fr_2466_yalybenharush","fr_2466_yalybenharush","Yaly Ben Harush","Northwestern State Lady Demons","2466","Newcomer","newcomer","none","Kiryat Sharet HS","Sr.",0,NA,10.13,12.1,-1.96,-0.42,-2.38,NA
"5240815","5240815","Erica Carr","Northwestern State Lady Demons","2466","Transfer","stats","id","San Diego Toreros",NA,2,NA,9.5,11.33,-2.36,-0.83,-3.19,NA
"5315705","5315705","India McMahon","Northwestern State Lady Demons","2466","Transfer","stats","id","Nicholls Colonels",NA,3,NA,9.04,10.78,-2,-0.75,-2.75,NA
"5315171","5315171","Chloe Donnell","Northwestern State Lady Demons","2466","Transfer","stats","id","South Alabama Jaguars",NA,1,NA,8.76,10.45,-2.2,-0.75,-2.95,NA
"5243359","5243359","Rebecca Milon","Northwestern State Lady Demons","2466","Transfer","stats","id","Monmouth Hawks",NA,2,NA,8.38,10,-2.35,-0.99,-3.34,NA
"5243316","5243316","Momina Kassim","Northwestern State Lady Demons","2466","Returning","stats","id","Northwestern State Lady Demons",NA,2,NA,8.33,9.94,-1.26,0.35,-0.91,NA
"5315694","5315694","Cimiya Rideaux","Northwestern State Lady Demons","2466","Returning","stats","id","Northwestern State Lady Demons",NA,1,NA,7.36,8.79,-4.24,-0.7,-4.95,NA
"5175715","5175715","Casey Harter","Northwestern Wildcats","77","Returning","stats","id","Northwestern Wildcats",NA,3,NA,27.16,32.42,1.85,-0.87,0.98,NA
"5240198","5240198","Xamiya Walton","Northwestern Wildcats","77","Returning","stats","id","Northwestern Wildcats",NA,2,NA,23.38,27.9,0.43,-1.18,-0.74,NA
"5240218","5240218","Lily Carmody","Northwestern Wildcats","77","Transfer","stats","id","Boston College Eagles",NA,2,NA,18.75,22.38,3.29,-0.85,2.44,NA
"5312423","5312423","Jasmyn Cooper","Northwestern Wildcats","77","Transfer","stats","id","Syracuse Orange",NA,1,NA,17.44,20.82,3.05,0.23,3.28,"No. 60 recruit in 2025; pedigree counts 37% (260 college min)"
"5239077","5239077","Lexi Blue","Northwestern Wildcats","77","Transfer","stats","id","Kentucky Wildcats",NA,2,NA,16.81,20.06,1.33,0.63,1.96,NA
"5240200","5240200","Kat Righeimer","Northwestern Wildcats","77","Returning","stats","id","Northwestern Wildcats",NA,2,NA,15.67,18.7,1.97,-0.12,1.85,NA
"5312421","5312421","Camdyn Nelson","Northwestern Wildcats","77","Transfer","stats","id","Syracuse Orange",NA,1,NA,14.23,16.98,-0.61,0.42,-0.19,NA
"fr_77_xyannawalton","fr_77_xyannawalton","Xyanna Walton","Northwestern Wildcats","77","Top-100 recruit","newcomer","none","Butler College Prep","Fr.",0,97,13.82,16.5,0.43,-0.46,-0.02,NA
"fr_77_brookegolden","fr_77_brookegolden","Brooke Golden","Northwestern Wildcats","77","Newcomer","newcomer","none","Tilton School","Fr.",0,NA,8.77,10.47,-0.26,-0.74,-1,NA
"5240199","5240199","Claire Keswick","Northwestern Wildcats","77","Returning","stats","id","Northwestern Wildcats",NA,2,NA,8.77,10.47,-1.68,-1.47,-3.15,NA
"fr_77_jasmyncooperderba","fr_77_jasmyncooperderba","Jasmyn Cooper-Derba","Northwestern Wildcats","77","Newcomer","newcomer","none","Noble and Greenough School (Previous: Syracuse)","So.",0,NA,8.37,9.99,-0.26,-0.74,-1,NA
"fr_77_romanajelenc","fr_77_romanajelenc","Romana Jelenc","Northwestern Wildcats","77","Newcomer","newcomer","none","Celje First Grammar School","Fr.",0,NA,8.07,9.64,-0.26,-0.74,-1,NA
"5311596","5311596","Amparo López","Northwestern Wildcats","77","Returning","stats","id","Northwestern Wildcats",NA,1,NA,5.92,7.07,-1.63,-0.96,-2.58,NA
"5175716","5175716","Crystal Fuqu Wang","Northwestern Wildcats","77","Returning","stats","id","Northwestern Wildcats",NA,3,NA,5.37,6.41,-1.51,-0.94,-2.45,NA
"5175714","5175714","Rachel Mutombo","Northwestern Wildcats","77","Returning","stats","id","Northwestern Wildcats",NA,3,NA,3.83,4.57,-1.37,-0.67,-2.04,NA
"5311593","5311593","Sandra Moreno","Northwestern Wildcats","77","Returning","stats","id","Northwestern Wildcats",NA,1,NA,3.64,4.34,-2.64,-0.78,-3.42,NA
"5174674","5174674","Hannah Hidalgo","Notre Dame Fighting Irish","87","Returning","stats","id","Notre Dame Fighting Irish",NA,3,NA,33.82,38,13.12,6.15,19.27,NA
"4610162","4610162","Madison St. Rose","Notre Dame Fighting Irish","87","Transfer","stats","id","Princeton Tigers",NA,4,NA,26.73,31.9,6.8,1.39,8.2,NA
"5238291","5238291","Anaya Hardy","Notre Dame Fighting Irish","87","Transfer","stats","id","Louisville Cardinals",NA,2,NA,26.42,31.53,7.09,2.58,9.67,NA
"fr_87_jacyabii","fr_87_jacyabii","Jacy Abii","Notre Dame Fighting Irish","87","Top-100 recruit","newcomer","none","Legion Preparatory Academy","Fr.",0,9,19.05,22.73,4.72,3.1,7.82,NA
"fr_87_jenicalewis","fr_87_jenicalewis","Jenica Lewis","Notre Dame Fighting Irish","87","Top-100 recruit","newcomer","none","Johnston","Fr.",0,28,15.81,18.87,3.47,2.66,6.13,NA
"rp_87_leahmacy","rp_87_leahmacy","Leah Macy","Notre Dame Fighting Irish","87","Redshirt (2025 recruit)","newcomer","none","Did not play 2025-26","R-Fr.",0,NA,15.22,18.16,3.55,2.69,6.24,"Missed 2025-26 after knee surgery; still at Notre Dame (verified Sept 2026); No. 26 recruit in 2025; pedigree counts 100% (no college minutes yet)"
"fr_87_bellaragone","fr_87_bellaragone","Bella Ragone","Notre Dame Fighting Irish","87","Top-100 recruit","newcomer","none","Mill Creek","Fr.",0,35,14.96,17.86,3.22,2.58,5.8,NA
"fr_87_amaribyles","fr_87_amaribyles","Amari Byles","Notre Dame Fighting Irish","87","Top-100 recruit","newcomer","none","Kingdom Collegiate Academy","Fr.",0,39,14.55,17.36,3.1,2.54,5.64,NA
"fr_87_isabellasangha","fr_87_isabellasangha","Isabella Sangha","Notre Dame Fighting Irish","87","Top-100 recruit","newcomer","none","St. Thomas Aquinas","Fr.",0,83,11.67,13.92,2.27,2.25,4.52,NA
"5109222","5109222","Kelly Ratigan","Notre Dame Fighting Irish","87","Returning","stats","id","Notre Dame Fighting Irish",NA,3,NA,11.32,13.51,-0.05,0.39,0.34,NA
"pad_87_1","pad_87_1","Unlisted roster spot","Notre Dame Fighting Irish","87","Unlisted spot","pad","pad",NA,NA,0,NA,10.45,12.48,-2.29,0.75,-1.54,NA
"5313056","5313056","Makenzie Luehring","Oakland Golden Grizzlies","2473","Returning","stats","id","Oakland Golden Grizzlies",NA,1,NA,27.84,33.23,3.65,-1.11,2.54,NA
"5178550","5178550","Layla Gold","Oakland Golden Grizzlies","2473","Returning","stats","id","Oakland Golden Grizzlies",NA,3,NA,25.22,30.1,0.03,-1.47,-1.44,NA
"5109822","5109822","Lianna Baxter","Oakland Golden Grizzlies","2473","Returning","stats","id","Oakland Golden Grizzlies",NA,4,NA,23.15,27.63,-1.45,-2.83,-4.28,NA
"5240228","5240228","Angie Smith","Oakland Golden Grizzlies","2473","Returning","stats","id","Oakland Golden Grizzlies",NA,2,NA,21.22,25.33,1.64,-1.78,-0.14,NA
"5241133","5241133","Sereniti Roberts-Adams","Oakland Golden Grizzlies","2473","Returning","stats","id","Oakland Golden Grizzlies",NA,2,NA,15.59,18.61,0.2,-1.52,-1.32,NA
"5107916","5107916","Ella Riggs","Oakland Golden Grizzlies","2473","Transfer","stats","id","Purdue Fort Wayne Mastodons",NA,3,NA,13.99,16.7,-0.52,0.04,-0.48,NA
"5313606","5313606","Berlynn Carlson","Oakland Golden Grizzlies","2473","Transfer","stats","id","Mount St. Mary's Mountaineers",NA,1,NA,11.54,13.78,-0.34,0.32,-0.01,NA
"5329862","5329862","Samone Andrews","Oakland Golden Grizzlies","2473","Transfer (non-D1)","stats","none","Rochester Christian Warriors",NA,2,NA,11.49,13.71,-1.39,-0.84,-2.23,"Valued at the D2/NAIA level (assumed)"
"5313058","5313058","Karinna Trotter","Oakland Golden Grizzlies","2473","Returning","stats","id","Oakland Golden Grizzlies",NA,1,NA,9.62,11.48,-1.34,-0.94,-2.28,NA
"fr_2473_alessiareale","fr_2473_alessiareale","Alessia Reale","Oakland Golden Grizzlies","2473","Newcomer","newcomer","none","Instituto José Razzetto","Fr.",0,NA,9.35,11.16,-1.4,-1.83,-3.22,NA
"fr_2473_cecebonner","fr_2473_cecebonner","Cece Bonner","Oakland Golden Grizzlies","2473","Newcomer","newcomer","none","Muskegon H.S.","Fr.",0,NA,8.91,10.63,-1.4,-1.83,-3.22,NA
"fr_2473_milagrosmorell","fr_2473_milagrosmorell","Milagros Morell","Oakland Golden Grizzlies","2473","Newcomer","newcomer","none",NA,"Fr.",0,NA,8.58,10.24,-1.4,-1.83,-3.22,NA
"fr_2473_sheridanbeal","fr_2473_sheridanbeal","Sheridan Beal","Oakland Golden Grizzlies","2473","Newcomer","newcomer","none","West Bloomfield H.S.","Fr.",0,NA,7.98,9.53,-1.4,-1.83,-3.22,NA
"5313057","5313057","Ilris Aworet","Oakland Golden Grizzlies","2473","Returning","stats","id","Oakland Golden Grizzlies",NA,3,NA,5.51,6.57,-3.1,-1.5,-4.6,NA
"5178507","5178507","Bailey Tabeling","Ohio Bobcats","195","Returning","stats","id","Ohio Bobcats",NA,3,NA,26.73,31.9,2.48,0.45,2.94,NA
"5178508","5178508","Asiah Baxter","Ohio Bobcats","195","Returning","stats","id","Ohio Bobcats",NA,3,NA,23.36,27.88,-0.15,0.03,-0.11,NA
"5174405","5174405","Bella Ranallo","Ohio Bobcats","195","Returning","stats","id","Ohio Bobcats",NA,2,NA,21.61,25.79,1.71,-0.15,1.56,NA
"5178506","5178506","Monica Williams","Ohio Bobcats","195","Returning","stats","id","Ohio Bobcats",NA,2,NA,18.02,21.51,-1.41,-0.15,-1.57,NA
"5314731","5314731","Antonicia Moultrie","Ohio Bobcats","195","Returning","stats","id","Ohio Bobcats",NA,3,NA,16.18,19.31,1.28,0.33,1.62,NA
"5242199","5242199","Danni Scully","Ohio Bobcats","195","Returning","stats","id","Ohio Bobcats",NA,2,NA,13.84,16.51,-0.62,-1.38,-2,NA
"5242198","5242198","Gigi Bower","Ohio Bobcats","195","Returning","stats","id","Ohio Bobcats",NA,2,NA,12.71,15.16,-1.08,-0.6,-1.68,NA
"fr_195_aubreypepper","fr_195_aubreypepper","Aubrey Pepper","Ohio Bobcats","195","Newcomer","newcomer","none","Warren H.S.","Fr.",0,NA,9.99,11.93,-1.02,-0.42,-1.44,NA
"fr_195_blossomwallace","fr_195_blossomwallace","Blossom Wallace","Ohio Bobcats","195","Newcomer","newcomer","none","Pickerington Central","Fr.",0,NA,9.46,11.29,-1.02,-0.42,-1.44,NA
"fr_195_ireneasensiomanosa","fr_195_ireneasensiomanosa","Irene Asensio Mañosa","Ohio Bobcats","195","Newcomer","newcomer","none","Sant Adria Femenil (UTEP)","Jr.",0,NA,9.07,10.83,-1.02,-0.42,-1.44,NA
"fr_195_kamieellis","fr_195_kamieellis","Kamie Ellis","Ohio Bobcats","195","Newcomer","newcomer","none","Miami Country Day","Fr.",0,NA,8.65,10.32,-1.02,-0.42,-1.44,NA
"fr_195_rerejennings","fr_195_rerejennings","ReRe Jennings","Ohio Bobcats","195","Newcomer","newcomer","none","Harker Heights","So.",0,NA,8.34,9.95,-1.02,-0.42,-1.44,NA
"fr_195_siennaallen","fr_195_siennaallen","Sienna Allen","Ohio Bobcats","195","Newcomer","newcomer","none","Portsmouth H.S.","Fr.",0,NA,7.78,9.28,-1.02,-0.42,-1.44,NA
"5314730","5314730","Vivienne Macheck","Ohio Bobcats","195","Returning","stats","id","Ohio Bobcats",NA,1,NA,5.94,7.09,-2.26,-0.43,-2.69,NA
"5242200","5242200","Madison Lim","Ohio Bobcats","195","Returning","stats","id","Ohio Bobcats",NA,2,NA,4.31,5.15,-2.42,-0.99,-3.41,NA
"5109037","5109037","Cassidy Lafler","Ohio Bobcats","195","Returning","stats","id","Ohio Bobcats",NA,4,NA,4.02,4.8,-3.34,-1.18,-4.52,NA
"5239683","5239683","Jaloni Cambridge","Ohio State Buckeyes","194","Returning","stats","id","Ohio State Buckeyes",NA,2,NA,31.83,37.98,11.95,4.41,16.36,NA
"5105435","5105435","Kennedy Cambridge","Ohio State Buckeyes","194","Returning","stats","id","Ohio State Buckeyes",NA,3,NA,27.58,32.92,4.16,4.97,9.13,NA
"5239680","5239680","Elsa Lemmilä","Ohio State Buckeyes","194","Returning","stats","id","Ohio State Buckeyes",NA,2,NA,24.89,29.71,2.58,4.68,7.26,NA
"5239679","5239679","Ava Watson","Ohio State Buckeyes","194","Returning","stats","id","Ohio State Buckeyes",NA,2,NA,22.86,27.29,2.66,3.1,5.76,NA
"5239069","5239069","Kylee Kitts","Ohio State Buckeyes","194","Returning","stats","id","Ohio State Buckeyes",NA,1,NA,19.45,23.22,4.61,3.16,7.76,NA
"5311598","5311598","Bryn Martin","Ohio State Buckeyes","194","Returning","stats","id","Ohio State Buckeyes",NA,1,NA,16.35,19.52,2.21,2.31,4.52,NA
"5239681","5239681","Ella Hobbs","Ohio State Buckeyes","194","Returning","stats","id","Ohio State Buckeyes",NA,1,NA,12.68,15.14,1.61,1.93,3.53,NA
"fr_194_sydneymobley","fr_194_sydneymobley","Sydney Mobley","Ohio State Buckeyes","194","Newcomer","newcomer","none","Big Walnut H.S.","Fr.",0,NA,12.08,14.42,1.57,2.08,3.65,NA
"fr_194_adrianadiaz","fr_194_adrianadiaz","Adriana Díaz","Ohio State Buckeyes","194","International (FIBA)","newcomer","none","Movistar Estudiantes Madrid","Fr.",0,NA,11.53,13.76,0.89,2.18,3.07,NA
"fr_194_atleevanesko","fr_194_atleevanesko","Atlee Vanesko","Ohio State Buckeyes","194","Top-100 recruit","newcomer","none","Westtown School","Fr.",0,77,11.21,13.38,2.51,2.45,4.97,NA
"5239682","5239682","Seini Henry","Ohio State Buckeyes","194","Returning","stats","id","Ohio State Buckeyes",NA,1,NA,9.52,11.36,0.12,1.65,1.78,NA
"5311585","5311585","Aaliyah Chavez","Oklahoma Sooners","201","Returning","stats","id","Oklahoma Sooners",NA,1,NA,28.02,33.45,6.59,3.28,9.87,NA
"5175754","5175754","Sahara Williams","Oklahoma Sooners","201","Returning","stats","id","Oklahoma Sooners",NA,3,NA,25.46,30.38,4.72,4.13,8.85,NA
"4565520","4565520","Sa'Myah Smith","Oklahoma Sooners","201","Transfer","stats","id","Virginia Cavaliers",NA,3,NA,23.28,27.78,2.91,2.69,5.61,NA
"5312757","5312757","Jordan Speiser","Oklahoma Sooners","201","Transfer","stats","id","Kansas State Wildcats",NA,1,NA,18.69,22.31,4.33,2.41,6.73,NA
"5311587","5311587","Brooklyn Stewart","Oklahoma Sooners","201","Returning","stats","id","Oklahoma Sooners",NA,1,NA,17.08,20.38,5.43,2.99,8.42,NA
"5239094","5239094","Caya Smith","Oklahoma Sooners","201","Returning","stats","id","Oklahoma Sooners",NA,2,NA,14.68,17.52,1.26,3.39,4.65,NA
"5312761","5312761","Keeley Parks","Oklahoma Sooners","201","Transfer","stats","id","Kansas Jayhawks",NA,1,NA,14.21,16.95,2.61,1.33,3.95,"No. 31 recruit in 2025; pedigree counts 36% (270 college min)"
"5311588","5311588","Keziah Lofton","Oklahoma Sooners","201","Returning","stats","id","Oklahoma Sooners",NA,1,NA,12.86,15.35,2.8,2.81,5.61,NA
"fr_201_leeleebell","fr_201_leeleebell","LeeLee Bell","Oklahoma Sooners","201","Top-100 recruit","newcomer","none","Minot High School","Fr.",0,38,11.84,14.13,3.27,3.14,6.41,NA
"fr_201_sinahollerl","fr_201_sinahollerl","Sina Höllerl","Oklahoma Sooners","201","Newcomer","newcomer","none","Duchess Klosterneuburg","Fr.",0,NA,9.62,11.48,1.54,2.49,4.04,NA
"5311586","5311586","Emma Tolan","Oklahoma Sooners","201","Returning","stats","id","Oklahoma Sooners",NA,1,NA,9.35,11.16,0.14,1.46,1.6,NA
"fr_201_viennamurray","fr_201_viennamurray","Vienna Murray","Oklahoma Sooners","201","Top-100 recruit","newcomer","none","East Ridge High School","Fr.",0,92,8.9,10.63,2.29,2.8,5.09,NA
"5311589","5311589","Daffa Cissoko","Oklahoma Sooners","201","Returning","stats","id","Oklahoma Sooners",NA,1,NA,6,7.16,-1.07,0.27,-0.8,NA
"5175757","5175757","Stailee Heard","Oklahoma State Cowgirls","197","Returning","stats","id","Oklahoma State Cowgirls",NA,3,NA,28.12,33.56,5.03,3.38,8.41,NA
"5239072","5239072","Liv McGill","Oklahoma State Cowgirls","197","Transfer","stats","id","Florida Gators",NA,2,NA,25.07,29.92,6.95,3.19,10.14,NA
"5175491","5175491","Audi Crooks","Oklahoma State Cowgirls","197","Transfer","stats","id","Iowa State Cyclones",NA,3,NA,24.84,29.64,14.6,1.38,15.98,NA
"5174337","5174337","Nene Ndiaye","Oklahoma State Cowgirls","197","Transfer","stats","id","Rutgers Scarlet Knights",NA,3,NA,18.68,22.29,3.76,0.2,3.96,NA
"5178392","5178392","Ellie Brueggemann","Oklahoma State Cowgirls","197","Transfer","stats","id","Lindenwood Lions",NA,3,NA,18.35,21.9,6.48,-0.14,6.34,NA
"5263907","5263907","Yuting Deng","Oklahoma State Cowgirls","197","Transfer","stats","id","Baylor Bears",NA,2,NA,16.96,20.24,4.85,1.91,6.76,NA
"5311812","5311812","LA Sneed","Oklahoma State Cowgirls","197","Transfer","stats","id","Utah Utes",NA,1,NA,16.21,19.34,2.31,0.95,3.27,NA
"5239465","5239465","Zoe Canfield","Oklahoma State Cowgirls","197","Transfer","stats","id","Missouri State Lady Bears",NA,2,NA,11.03,13.17,-0.62,-0.43,-1.05,NA
"fr_197_addisynbollinger","fr_197_addisynbollinger","Addisyn Bollinger","Oklahoma State Cowgirls","197","Newcomer","newcomer","none","Frenship","Fr.",0,NA,10.96,13.07,1.82,0.9,2.72,NA
"fr_197_mojcajelenc","fr_197_mojcajelenc","Mojca Jelenc","Oklahoma State Cowgirls","197","Newcomer","newcomer","none","Valencia Basket","Fr.",0,NA,10.4,12.41,1.82,0.9,2.72,NA
"fr_197_talexaweeter","fr_197_talexaweeter","Talexa Weeter","Oklahoma State Cowgirls","197","Newcomer","newcomer","none","Goodland/Fort Hays State","Sr.",0,NA,10,11.94,1.82,0.9,2.72,NA
"fr_197_anniekibedi","fr_197_anniekibedi","Annie Kibedi","Oklahoma State Cowgirls","197","International (FIBA)","newcomer","none","Topsportschool Wilrijk","Fr.",0,NA,9.4,11.22,0.83,0.77,1.6,NA
"5174727","5174727","Riley Stack","Old Dominion Monarchs","295","Returning","stats","id","Old Dominion Monarchs",NA,3,NA,24.55,29.3,-0.53,1.62,1.09,NA
"5239399","5239399","Trinity Vance","Old Dominion Monarchs","295","Transfer","stats","id","Delaware Blue Hens",NA,2,NA,20.87,24.9,0.38,-0.61,-0.24,NA
"5174746","5174746","Shadasia Brackens","Old Dominion Monarchs","295","Transfer","stats","id","Tarleton State Texans",NA,3,NA,20.18,24.08,2.45,1.44,3.89,NA
"5315343","5315343","Jaida McDonald","Old Dominion Monarchs","295","Transfer","stats","id","Wichita State Shockers",NA,3,NA,17.23,20.56,-0.88,-0.3,-1.17,NA
"5174726","5174726","Dalanna Carter","Old Dominion Monarchs","295","Returning","stats","id","Old Dominion Monarchs",NA,3,NA,15.45,18.44,-2.18,-0.09,-2.27,NA
"5313067","5313067","Jamaya Thomas","Old Dominion Monarchs","295","Transfer","stats","id","Northern Kentucky Norse",NA,1,NA,14.71,17.56,-1.36,-0.51,-1.86,NA
"fr_295_arjaylaelder","fr_295_arjaylaelder","Ar'Jayla Elder","Old Dominion Monarchs","295","Newcomer","newcomer","none","Lincoln High School","Fr.",0,NA,11.86,14.16,-1.26,-0.06,-1.31,NA
"fr_295_karastricklin","fr_295_karastricklin","Kara Stricklin","Old Dominion Monarchs","295","Newcomer","newcomer","none","Johnson County CC","Jr.",0,NA,10.89,13,-1.26,-0.06,-1.31,NA
"fr_295_landinkelley","fr_295_landinkelley","Landin Kelley","Old Dominion Monarchs","295","Newcomer","newcomer","none","Scottsdale CC","Jr.",0,NA,10.31,12.31,-1.26,-0.06,-1.31,NA
"fr_295_miadavis","fr_295_miadavis","Mia Davis","Old Dominion Monarchs","295","Newcomer","newcomer","none","San Diego State/Scottsdale CC","Jr.",0,NA,9.89,11.8,-1.26,-0.06,-1.31,NA
"fr_295_monicabottley","fr_295_monicabottley","Monica Bottley","Old Dominion Monarchs","295","Newcomer","newcomer","none","Tyler Junior College","Jr.",0,NA,9.43,11.25,-1.26,-0.06,-1.31,NA
"5175484","5175484","Delaney Snyder","Old Dominion Monarchs","295","Transfer","stats","id","Cincinnati Bearcats",NA,3,NA,9.21,10.99,-1.25,-1.07,-2.32,NA
"fr_295_moniquephoenix","fr_295_moniquephoenix","Monique Phoenix","Old Dominion Monarchs","295","Newcomer","newcomer","none","Lancaster High School","Fr.",0,NA,9.1,10.86,-1.26,-0.06,-1.31,NA
"fr_295_talyahharris","fr_295_talyahharris","Talyah Harris","Old Dominion Monarchs","295","Newcomer","newcomer","none","DME Academy","Fr.",0,NA,8.49,10.13,-1.26,-0.06,-1.31,NA
"fr_295_vanessasepulveda","fr_295_vanessasepulveda","Vanessa Sepulveda","Old Dominion Monarchs","295","Newcomer","newcomer","none","Scottsdale CC","Jr.",0,NA,7.83,9.35,-1.26,-0.06,-1.31,NA
"4682955","4682955","Talaysia Cooper","Ole Miss Rebels","145","Transfer","stats","id","Tennessee Lady Volunteers",NA,3,NA,26.54,31.68,7.65,4.95,12.61,NA
"5242020","5242020","Doneelah Washington","Ole Miss Rebels","145","Transfer","stats","id","Illinois State Redbirds",NA,2,NA,24.92,29.74,5.57,2.33,7.9,NA
"5239081","5239081","Jada Richard","Ole Miss Rebels","145","Transfer","stats","id","LSU Tigers",NA,2,NA,23.24,27.74,5.03,2.87,7.9,NA
"5174737","5174737","Jade Tillman","Ole Miss Rebels","145","Transfer","stats","id","UMBC Retrievers",NA,3,NA,18.89,22.54,2.04,2.73,4.77,NA
"5178152","5178152","Maya Anderson","Ole Miss Rebels","145","Transfer","stats","id","San José State Spartans",NA,2,NA,18.28,21.82,0.68,1.01,1.69,NA
"5311574","5311574","Jaida Civil","Ole Miss Rebels","145","Transfer","stats","id","Tennessee Lady Volunteers",NA,1,NA,18.24,21.77,4.63,2.71,7.34,NA
"4711685","4711685","KN'isha Godfrey","Ole Miss Rebels","145","Transfer","stats","id","Florida Gators",NA,4,NA,16.45,19.63,1.41,2.27,3.68,NA
"5311700","5311700","Rachael Okokoh","Ole Miss Rebels","145","Transfer","stats","id","Penn State Lady Lions",NA,1,NA,12.46,14.87,0.84,0.43,1.27,NA
"4898941","4898941","Emily Howard","Ole Miss Rebels","145","Transfer","stats","id","Boise State Broncos",NA,3,NA,12.27,14.65,-0.58,0.7,0.12,NA
"fr_145_charleenhudson","fr_145_charleenhudson","Charleen Hudson","Ole Miss Rebels","145","Newcomer","newcomer","none","Springdale","Fr.",0,NA,10.85,12.94,1.53,1.84,3.37,NA
"5311578","5311578","Lauren Jacobs","Ole Miss Rebels","145","Returning","stats","id","Ole Miss Rebels",NA,1,NA,10.23,12.21,1.21,2.08,3.3,"No. 90 recruit in 2025; pedigree counts 49% (155 college min)"
"5178193","5178193","Desrae Kyles","Ole Miss Rebels","145","Returning","stats","id","Ole Miss Rebels",NA,2,NA,7.63,9.1,-1,0.63,-0.37,NA
"5314663","5314663","Avril Smith","Omaha Mavericks","2437","Returning","stats","id","Omaha Mavericks",NA,1,NA,25.7,30.68,-2.04,0.21,-1.82,NA
"5178466","5178466","Ali Stephens","Omaha Mavericks","2437","Returning","stats","id","Omaha Mavericks",NA,3,NA,22.76,27.16,-6.02,-2.72,-8.74,NA
"5314666","5314666","Regan Juenemann","Omaha Mavericks","2437","Returning","stats","id","Omaha Mavericks",NA,1,NA,21.84,26.06,3.21,-3.04,0.16,NA
"5314659","5314659","Leekaya Burke Perryman","Omaha Mavericks","2437","Returning","stats","id","Omaha Mavericks",NA,1,NA,19.6,23.39,-4.08,-2.78,-6.87,NA
"5178467","5178467","Cora Olsen","Omaha Mavericks","2437","Returning","stats","id","Omaha Mavericks",NA,3,NA,18.81,22.45,2.11,-3.07,-0.97,NA
"5178395","5178395","Mya Skoff","Omaha Mavericks","2437","Transfer","stats","id","Lindenwood Lions",NA,3,NA,15.03,17.94,0.5,-1.74,-1.25,NA
"5314662","5314662","Elsa Vedral","Omaha Mavericks","2437","Returning","stats","id","Omaha Mavericks",NA,1,NA,13.11,15.65,-3.28,-3.23,-6.5,NA
"5243358","5243358","Nyaluak Dak","Omaha Mavericks","2437","Transfer","stats","id","East Texas A&M Lions",NA,2,NA,10.68,12.74,-1.61,-0.16,-1.77,NA
"5314658","5314658","Tannika Leger-Walker","Omaha Mavericks","2437","Newcomer","stats","none","Omaha Mavericks",NA,1,NA,8.87,10.59,-3.66,-2.6,-6.25,NA
"5314664","5314664","Aduke Ojullu","Omaha Mavericks","2437","Newcomer","stats","none","Omaha Mavericks",NA,1,NA,8.48,10.12,-3.66,-2.6,-6.25,NA
"fr_2437_anileu","fr_2437_anileu","Ani Leu","Omaha Mavericks","2437","Newcomer","newcomer","none","Lincoln North Star","Fr.",0,NA,8.05,9.61,-3.66,-2.6,-6.25,NA
"fr_2437_avamarkowski","fr_2437_avamarkowski","Ava Markowski","Omaha Mavericks","2437","Newcomer","newcomer","none","Pius X","Fr.",0,NA,7.74,9.24,-3.66,-2.6,-6.25,NA
"fr_2437_halledolliver","fr_2437_halledolliver","Halle Dolliver","Omaha Mavericks","2437","Newcomer","newcomer","none","Malcolm","Fr.",0,NA,7.17,8.56,-3.66,-2.6,-6.25,NA
"fr_2437_jadebrown","fr_2437_jadebrown","Jade Brown","Omaha Mavericks","2437","Newcomer","newcomer","none","Starkville","Fr.",0,NA,6.57,7.84,-3.66,-2.6,-6.25,NA
"fr_2437_sydneyterveen","fr_2437_sydneyterveen","Sydney Terveen","Omaha Mavericks","2437","Newcomer","newcomer","none","O'Gorman","Fr.",0,NA,5.57,6.65,-3.66,-2.6,-6.25,NA
"5314688","5314688","Kayten Donley","Oral Roberts Golden Eagles","198","Returning","stats","id","Oral Roberts Golden Eagles",NA,1,NA,29.96,35.75,-0.69,-1.04,-1.74,NA
"5178470","5178470","Gentry Baldwin","Oral Roberts Golden Eagles","198","Returning","stats","id","Oral Roberts Golden Eagles",NA,3,NA,27.22,32.48,-0.47,-1.92,-2.39,NA
"5314685","5314685","Preslee Hartsock","Oral Roberts Golden Eagles","198","Returning","stats","id","Oral Roberts Golden Eagles",NA,1,NA,21.19,25.29,0.91,-1.52,-0.61,NA
"5240737","5240737","Azailah Funches","Oral Roberts Golden Eagles","198","Returning","stats","id","Oral Roberts Golden Eagles",NA,2,NA,18.5,22.07,1.67,0.16,1.83,NA
"5243585","5243585","Hannah Coons","Oral Roberts Golden Eagles","198","Returning","stats","id","Oral Roberts Golden Eagles",NA,1,NA,15.05,17.97,-1.75,-1.82,-3.57,NA
"5240736","5240736","Alana Shetlar","Oral Roberts Golden Eagles","198","Returning","stats","id","Oral Roberts Golden Eagles",NA,1,NA,15.02,17.93,0.58,-1.17,-0.59,NA
"fr_198_aliyahduval","fr_198_aliyahduval","Aliyah Duval","Oral Roberts Golden Eagles","198","Newcomer","newcomer","none","Choctaw HS","Fr.",0,NA,14.12,16.85,-0.78,-1.42,-2.2,NA
"fr_198_aubreyhishaw","fr_198_aubreyhishaw","Aubrey Hishaw","Oral Roberts Golden Eagles","198","Newcomer","newcomer","none","Union HS (Previous: Coffeyville Community College)","So.",0,NA,12.96,15.46,-0.78,-1.42,-2.2,NA
"fr_198_havenjoseph","fr_198_havenjoseph","Haven Joseph","Oral Roberts Golden Eagles","198","Newcomer","newcomer","none","Redlands Community College","Jr.",0,NA,12.25,14.62,-0.78,-1.42,-2.2,NA
"fr_198_kayleeward","fr_198_kayleeward","Kaylee Ward","Oral Roberts Golden Eagles","198","Newcomer","newcomer","none","Mansfield HS","Fr.",0,NA,11.75,14.02,-0.78,-1.42,-2.2,NA
"fr_198_keeliekronberger","fr_198_keeliekronberger","Keelie Kronberger","Oral Roberts Golden Eagles","198","Newcomer","newcomer","none","Mountain City Christian Academy HS","Fr.",0,NA,11.19,13.36,-0.78,-1.42,-2.2,NA
"fr_198_majestycade","fr_198_majestycade","Majesty Cade","Oral Roberts Golden Eagles","198","Newcomer","newcomer","none","Etiwanda HS (Previous: San Bernardino Valley College)","So.",0,NA,10.79,12.88,-0.78,-1.42,-2.2,NA
"5240202","5240202","Katie Fiso","Oregon Ducks","2483","Returning","stats","id","Oregon Ducks",NA,2,NA,27.82,33.2,5.38,3.04,8.42,NA
"5175891","5175891","Sofia Bell","Oregon Ducks","2483","Returning","stats","id","Oregon Ducks",NA,3,NA,25.02,29.86,1.78,3.13,4.91,NA
"4858655","4858655","Mallory Heyer","Oregon Ducks","2483","Transfer","stats","id","Oregon Ducks",NA,4,NA,23.2,27.68,3.01,2.31,5.33,"Missed 2025-26; 2024-25: 29.5 mpg, 8.5 ppg"
"5240203","5240203","Ehis Etute","Oregon Ducks","2483","Returning","stats","id","Oregon Ducks",NA,2,NA,23.04,27.5,9.85,4.26,14.11,NA
"5175967","5175967","Ari Long","Oregon Ducks","2483","Returning","stats","id","Oregon Ducks",NA,3,NA,20.59,24.57,1.46,4.23,5.69,NA
"5241991","5241991","Hilary Fuller","Oregon Ducks","2483","Transfer","stats","id","Belmont Bruins",NA,2,NA,15.23,18.18,3.1,1.62,4.73,NA
"fr_2483_brooklynnhaywood","fr_2483_brooklynnhaywood","Brooklynn Haywood","Oregon Ducks","2483","Top-100 recruit","newcomer","none","Union HS (Washington)","Fr.",0,33,13,15.51,2.83,2.61,5.44,NA
"5239701","5239701","Avary Cain","Oregon Ducks","2483","Returning","stats","id","Oregon Ducks",NA,2,NA,12.44,14.85,0.75,2.14,2.89,NA
"fr_2483_emiliakrstevski","fr_2483_emiliakrstevski","Emilia Krstevski","Oregon Ducks","2483","Top-100 recruit","newcomer","none","Sierra Canyon HS","Fr.",0,44,12.1,14.44,2.51,2.5,5.01,NA
"fr_2483_kennedyholman","fr_2483_kennedyholman","Kennedy Holman","Oregon Ducks","2483","Top-100 recruit","newcomer","none","Hamilton Southeastern HS","Fr.",0,59,11.18,13.35,2.19,2.39,4.58,NA
"fr_2483_laupelefalatea","fr_2483_laupelefalatea","La'u Pele Falatea","Oregon Ducks","2483","Newcomer","newcomer","none","West HS","Fr.",0,NA,9.17,10.94,0.95,1.91,2.86,NA
"5175892","5175892","Filippa Tilliander","Oregon Ducks","2483","Returning","stats","id","Oregon Ducks",NA,3,NA,7.22,8.61,-0.36,1.24,0.88,NA
"5175980","5175980","Jenna Villa","Oregon State Beavers","204","Returning","stats","id","Oregon State Beavers",NA,3,NA,29.28,34.95,5.58,0.58,6.17,NA
"5175913","5175913","Kennedie Shuler","Oregon State Beavers","204","Returning","stats","id","Oregon State Beavers",NA,3,NA,26.69,31.85,2.73,1.54,4.27,NA
"5240793","5240793","Ally Schimel","Oregon State Beavers","204","Returning","stats","id","Oregon State Beavers",NA,2,NA,21.82,26.05,-0.36,0.15,-0.21,NA
"5106148","5106148","Catarina Ferreira","Oregon State Beavers","204","Returning","stats","id","Oregon State Beavers",NA,4,NA,18.64,22.24,2.55,2.56,5.11,"Missed 2025-26; 2024-25: 29.3 mpg, 9.7 ppg"
"5315511","5315511","Lara Alonso-Basurto","Oregon State Beavers","204","Returning","stats","id","Oregon State Beavers",NA,1,NA,16.77,20.02,1.29,1.01,2.31,NA
"fr_204_tayloryoung","fr_204_tayloryoung","Taylor Young","Oregon State Beavers","204","Top-100 recruit","newcomer","none","Crater HS","1st",0,86,14.98,17.87,0.51,0.68,1.19,NA
"5315512","5315512","Keira Lindemans","Oregon State Beavers","204","Returning","stats","id","Oregon State Beavers",NA,1,NA,13.5,16.11,-2.01,0.44,-1.57,NA
"5315510","5315510","Katelyn Field","Oregon State Beavers","204","Returning","stats","id","Oregon State Beavers",NA,1,NA,11.71,13.97,-1.23,0.01,-1.22,NA
"fr_204_ashleyuusitalo","fr_204_ashleyuusitalo","Ashley Uusitalo","Oregon State Beavers","204","Newcomer","newcomer","none","Lake Washington HS","1st",0,NA,10.66,12.73,-0.32,0.35,0.03,NA
"fr_204_evelinismith","fr_204_evelinismith","Evelini Smith","Oregon State Beavers","204","Newcomer","newcomer","none","St. Mary's HS (Calif.)","1st",0,NA,10.24,12.22,-0.32,0.35,0.03,NA
"fr_204_maggiewarpus","fr_204_maggiewarpus","Maggie Warpus","Oregon State Beavers","204","Newcomer","newcomer","none","Chenango Forks HS","1st",0,NA,9.77,11.66,-0.32,0.35,0.03,NA
"fr_204_mariiaignatchenko","fr_204_mariiaignatchenko","Mariia Ignatchenko","Oregon State Beavers","204","Newcomer","newcomer","none","Salt Lake Community College","3rd",0,NA,9.43,11.26,-0.32,0.35,0.03,NA
"5240794","5240794","Mackenzie Shivers","Oregon State Beavers","204","Returning","stats","id","Oregon State Beavers",NA,3,NA,6.51,7.76,-1.8,-0.67,-2.47,NA
"5240800","5240800","Daria Nestorov","Pacific Tigers","279","Returning","stats","id","Pacific Tigers",NA,2,NA,26.46,31.58,-0.04,-0.94,-0.99,NA
"5315515","5315515","Sophia Mindermann","Pacific Tigers","279","Returning","stats","id","Pacific Tigers",NA,1,NA,22.77,27.17,2.06,-1.29,0.77,NA
"5174331","5174331","Stella Szabo","Pacific Tigers","279","Returning","stats","id","Pacific Tigers",NA,2,NA,20.63,24.62,-1.43,-1.28,-2.71,NA
"5175871","5175871","Marina Radocaj","Pacific Tigers","279","Returning","stats","id","Pacific Tigers",NA,3,NA,18.3,21.84,-1.43,0.5,-0.93,NA
"5106187","5106187","Victoria Rivera","Pacific Tigers","279","Transfer","stats","id","Georgetown Hoyas",NA,4,NA,15.84,18.9,2.42,-0.38,2.04,NA
"5315514","5315514","Liv Yergensen","Pacific Tigers","279","Returning","stats","id","Pacific Tigers",NA,1,NA,15.67,18.7,-2.64,-1.49,-4.14,NA
"5106172","5106172","JoJo Nworie","Pacific Tigers","279","Transfer","stats","id","Colorado Buffaloes",NA,3,NA,12.03,14.35,0.06,-0.26,-0.19,NA
"5240924","5240924","Yana Karamfilova","Pacific Tigers","279","Transfer","stats","id","South Florida Bulls",NA,2,NA,10.87,12.97,-0.78,-0.63,-1.41,"Missed 2025-26; 2024-25: 4.5 mpg, 1.1 ppg"
"5315516","5315516","LaMiracle Lebon","Pacific Tigers","279","Returning","stats","id","Pacific Tigers",NA,1,NA,10.75,12.83,-1.57,-1.63,-3.21,NA
"fr_279_bellaburcar","fr_279_bellaburcar","Bella Burcar","Pacific Tigers","279","Newcomer","newcomer","none","Perry HS","Fr.",0,NA,10.27,12.25,-1.21,-1.09,-2.31,NA
"fr_279_jordyndyer","fr_279_jordyndyer","Jordyn Dyer","Pacific Tigers","279","Newcomer","newcomer","none","La Cueva HS","Fr.",0,NA,9.71,11.59,-1.21,-1.09,-2.31,NA
"fr_279_miajamias","fr_279_miajamias","Mia Jamias","Pacific Tigers","279","Newcomer","newcomer","none","St. Mary's HS","Fr.",0,NA,9.31,11.11,-1.21,-1.09,-2.31,NA
"fr_279_paytonmontgomery","fr_279_paytonmontgomery","Payton Montgomery","Pacific Tigers","279","Newcomer","newcomer","none","Sierra Canyon HS","Fr.",0,NA,8.87,10.58,-1.21,-1.09,-2.31,NA
"fr_279_sofialocati","fr_279_sofialocati","Sofia Locati","Pacific Tigers","279","Newcomer","newcomer","none","Redmond HS","Fr.",0,NA,8.55,10.2,-1.21,-1.09,-2.31,NA
"5238298","5238298","Devyn Quigley","Penn State Lady Lions","213","Transfer","stats","id","NC State Wolfpack",NA,2,NA,25.77,30.76,3.37,0.97,4.34,NA
"5315117","5315117","Skylar Durley","Penn State Lady Lions","213","Transfer","stats","id","Nevada Wolf Pack",NA,1,NA,25.35,30.26,0.95,0.83,1.78,NA
"5240197","5240197","Petra Bozan","Penn State Lady Lions","213","Transfer","stats","id","Nebraska Cornhuskers",NA,2,NA,24.27,28.97,5.12,1.05,6.17,NA
"4894346","4894346","Savannah White","Penn State Lady Lions","213","Transfer","stats","id","Xavier Musketeers",NA,4,NA,23.46,28,-0.29,1.45,1.15,NA
"5311547","5311547","Ava Black","Penn State Lady Lions","213","Transfer","stats","id","Vanderbilt Commodores",NA,1,NA,22.04,26.3,3.43,1.61,5.04,NA
"5107920","5107920","Enjulina Gonzalez","Penn State Lady Lions","213","Transfer","stats","id","Georgia Lady Bulldogs",NA,3,NA,21.69,25.89,1.78,1.59,3.38,NA
"5175047","5175047","Cristen Carter","Penn State Lady Lions","213","Transfer","stats","id","Georgetown Hoyas",NA,3,NA,19.83,23.67,2.65,0.61,3.26,NA
"fr_213_ashleebrown","fr_213_ashleebrown","Ashlee Brown","Penn State Lady Lions","213","Newcomer","newcomer","none",NA,"Fr.",0,NA,13.15,15.7,0.53,-0.73,-0.2,NA
"fr_213_irenegarcia","fr_213_irenegarcia","Irene García","Penn State Lady Lions","213","Newcomer","newcomer","none","Segle XXI Academy","Fr.",0,NA,12.46,14.87,0.53,-0.73,-0.2,NA
"fr_213_kamrahbanks","fr_213_kamrahbanks","Kamrah Banks","Penn State Lady Lions","213","Newcomer","newcomer","none","Crispus Attucks","Fr.",0,NA,11.96,14.28,0.53,-0.73,-0.2,NA
"5241866","5241866","Katie Collins","Pennsylvania Quakers","219","Returning","stats","id","Pennsylvania Quakers",NA,2,NA,27.35,32.64,1.47,1.35,2.83,NA
"5176438","5176438","Mataya Gayle","Pennsylvania Quakers","219","Returning","stats","id","Pennsylvania Quakers",NA,3,NA,24.76,29.55,1.17,0.33,1.51,NA
"5176436","5176436","Tina Njike","Pennsylvania Quakers","219","Returning","stats","id","Pennsylvania Quakers",NA,3,NA,20.99,25.05,3.16,0.7,3.87,NA
"5241864","5241864","Brooke Suttle","Pennsylvania Quakers","219","Returning","stats","id","Pennsylvania Quakers",NA,2,NA,18.49,22.06,0.71,0.75,1.46,NA
"5240306","5240306","Candice Lienafa","Pennsylvania Quakers","219","Transfer","stats","id","Davidson Wildcats",NA,2,NA,17.41,20.77,2.47,0.79,3.25,NA
"5313584","5313584","Christina Pham","Pennsylvania Quakers","219","Transfer","stats","id","Fairfield Stags",NA,1,NA,15.19,18.13,1.49,-0.15,1.34,NA
"5241867","5241867","Gabriella Kelley","Pennsylvania Quakers","219","Returning","stats","id","Pennsylvania Quakers",NA,2,NA,10.42,12.44,-0.44,-0.24,-0.68,NA
"5176437","5176437","Abby Sharpe","Pennsylvania Quakers","219","Returning","stats","id","Pennsylvania Quakers",NA,3,NA,9.11,10.87,-1,-0.13,-1.13,NA
"fr_219_avajones","fr_219_avajones","Ava Jones","Pennsylvania Quakers","219","Newcomer","newcomer","none","Hutchinson School","Fr.",0,NA,8.84,10.55,-0.87,0.18,-0.69,NA
"fr_219_jayahcurtis","fr_219_jayahcurtis","Jayah Curtis","Pennsylvania Quakers","219","Newcomer","newcomer","none","Morris Catholic","Fr.",0,NA,8.43,10.06,-0.87,0.18,-0.69,NA
"5241862","5241862","Ashna Tambe","Pennsylvania Quakers","219","Returning","stats","id","Pennsylvania Quakers",NA,2,NA,8.37,9.99,-1.23,-0.01,-1.23,NA
"fr_219_madisonkocis","fr_219_madisonkocis","Madison Kocis","Pennsylvania Quakers","219","Newcomer","newcomer","none","Saint John Vianney","Fr.",0,NA,8.14,9.71,-0.87,0.18,-0.69,NA
"fr_219_rachelthatcher","fr_219_rachelthatcher","Rachel Thatcher","Pennsylvania Quakers","219","Newcomer","newcomer","none","Paul VI","Fr.",0,NA,7.59,9.06,-0.87,0.18,-0.69,NA
"5176439","5176439","Ese Ogbevire","Pennsylvania Quakers","219","Returning","stats","id","Pennsylvania Quakers",NA,3,NA,5.88,7.02,-2.41,-0.28,-2.69,NA
"5313314","5313314","Ari Paraskevopoulou","Pennsylvania Quakers","219","Returning","stats","id","Pennsylvania Quakers",NA,1,NA,5.04,6.01,-0.35,-0.41,-0.76,NA
"5313315","5313315","Kate Lipatova","Pennsylvania Quakers","219","Returning","stats","id","Pennsylvania Quakers",NA,1,NA,4,4.78,-1.99,-0.64,-2.63,NA
"5242478","5242478","Elli Guiney","Pepperdine Waves","2492","Returning","stats","id","Pepperdine Waves",NA,2,NA,30.23,36.08,5.08,-0.48,4.6,NA
"5176492","5176492","Lina Falk","Pepperdine Waves","2492","Returning","stats","id","Pepperdine Waves",NA,3,NA,27.21,32.47,2.69,-0.1,2.59,NA
"5177240","5177240","Taija Sta. Maria","Pepperdine Waves","2492","Returning","stats","id","Pepperdine Waves",NA,3,NA,24.92,29.75,-0.99,-1.06,-2.06,NA
"5315023","5315023","Seleh Harmon","Pepperdine Waves","2492","Returning","stats","id","Pepperdine Waves",NA,1,NA,20.64,24.63,1.03,-0.93,0.1,NA
"4900706","4900706","Maggie Mendelson","Pepperdine Waves","2492","Transfer","stats","id","Penn State Lady Lions",NA,4,NA,17.8,21.25,-0.91,-0.51,-1.42,NA
"5241567","5241567","Keandra Koorits","Pepperdine Waves","2492","Transfer","stats","id","Washington State Cougars",NA,1,NA,17.26,20.6,1.72,-0.61,1.11,NA
"fr_2492_evelynmartyn","fr_2492_evelynmartyn","Evelyn Martyn","Pepperdine Waves","2492","Newcomer","newcomer","none","Altona Gators","Fr.",0,NA,13.28,15.85,-0.69,-0.42,-1.1,NA
"fr_2492_freyabijkerk","fr_2492_freyabijkerk","Freya Bijkerk","Pepperdine Waves","2492","Newcomer","newcomer","none","Forest Trail Academy","Fr.",0,NA,12.2,14.56,-0.69,-0.42,-1.1,NA
"fr_2492_landriecallahan","fr_2492_landriecallahan","Landrie Callahan","Pepperdine Waves","2492","Newcomer","newcomer","none","Providence Catholic","Fr.",0,NA,11.55,13.78,-0.69,-0.42,-1.1,NA
"5315021","5315021","Quinn VanSickle","Pepperdine Waves","2492","Returning","stats","id","Pepperdine Waves",NA,1,NA,9.83,11.73,-1.58,-0.92,-2.5,NA
"5315024","5315024","Zoe Shanahan","Pepperdine Waves","2492","Returning","stats","id","Pepperdine Waves",NA,1,NA,7.95,9.49,-2.73,-1.31,-4.04,NA
"5315020","5315020","Ilinca Belegante","Pepperdine Waves","2492","Returning","stats","id","Pepperdine Waves",NA,1,NA,7.11,8.49,-2.3,-1.11,-3.41,NA
"5177753","5177753","Taryn Barbot","Pittsburgh Panthers","221","Transfer","stats","id","Charleston Cougars",NA,3,NA,26.9,32.11,3.9,1.08,4.97,NA
"5177751","5177751","Taylor Barbot","Pittsburgh Panthers","221","Transfer","stats","id","Charleston Cougars",NA,3,NA,24.14,28.81,0.93,-0.08,0.85,NA
"5177757","5177757","Ande'a Cherisier","Pittsburgh Panthers","221","Transfer","stats","id","Delaware Blue Hens",NA,3,NA,20.49,24.45,0.42,-0.84,-0.43,NA
"5108731","5108731","Avery Watkins","Pittsburgh Panthers","221","Transfer","stats","id","Fresno State Bulldogs",NA,3,NA,19.49,23.26,-0.55,0.64,0.08,NA
"5174728","5174728","Alancia Ramsey","Pittsburgh Panthers","221","Transfer","stats","id","Alabama Crimson Tide",NA,3,NA,18.42,21.99,2.73,0.75,3.48,NA
"5177752","5177752","Jami Hill","Pittsburgh Panthers","221","Transfer","stats","id","Charleston Cougars",NA,3,NA,18.25,21.78,1.34,0.05,1.38,NA
"5312767","5312767","Maysen Hill","Pittsburgh Panthers","221","Transfer","stats","id","Fordham Rams",NA,1,NA,16.45,19.63,-2.54,0.06,-2.48,NA
"5241477","5241477","CeCe Legaspi","Pittsburgh Panthers","221","Transfer","stats","id","California Baptist Lancers",NA,2,NA,15.88,18.95,-2.56,0.33,-2.24,NA
"fr_221_jazmynebynum","fr_221_jazmynebynum","Jazmyne Bynum","Pittsburgh Panthers","221","Newcomer","newcomer","none","Hyde Park","So.",0,NA,11.25,13.43,-1.92,-1.16,-3.08,NA
"fr_221_madisoncrawford","fr_221_madisoncrawford","Madison Crawford","Pittsburgh Panthers","221","Newcomer","newcomer","none","Mansfield Legacy HS","Fr.",0,NA,10.78,12.87,-1.92,-1.16,-3.08,NA
"fr_221_meredithvenner","fr_221_meredithvenner","Meredith Venner","Pittsburgh Panthers","221","Newcomer","newcomer","none","Academy of Central Florida","So.",0,NA,10.27,12.25,-1.92,-1.16,-3.08,NA
"5312410","5312410","Macie Arzner","Pittsburgh Panthers","221","Returning","stats","id","Pittsburgh Panthers",NA,1,NA,7.68,9.17,-2.17,-0.97,-3.14,NA
"5174320","5174320","Dyani Ananiev","Portland Pilots","2501","Returning","stats","id","Portland Pilots",NA,2,NA,25.41,30.32,2.43,2.21,4.63,NA
"5174323","5174323","Rhyan Mogel","Portland Pilots","2501","Returning","stats","id","Portland Pilots",NA,3,NA,23.27,27.77,-0.57,0.55,-0.02,NA
"5108591","5108591","Florence Dallow","Portland Pilots","2501","Returning","stats","id","Portland Pilots",NA,2,NA,21.46,25.61,1.99,1.77,3.76,NA
"5174321","5174321","Lainey Spear","Portland Pilots","2501","Returning","stats","id","Portland Pilots",NA,3,NA,19.24,22.96,-0.61,0.39,-0.22,NA
"5243451","5243451","Tiffany Barbosa","Portland Pilots","2501","Returning","stats","id","Portland Pilots",NA,2,NA,16.01,19.11,-0.49,1.25,0.76,NA
"5314993","5314993","Julia Dalan","Portland Pilots","2501","Returning","stats","id","Portland Pilots",NA,1,NA,13.62,16.25,-1.37,2.01,0.64,NA
"5315005","5315005","Jada Kennedy","Portland Pilots","2501","Returning","stats","id","Portland Pilots",NA,1,NA,11.18,13.34,1.95,0.79,2.74,NA
"5315004","5315004","Aubrey Herrin","Portland Pilots","2501","Returning","stats","id","Portland Pilots",NA,1,NA,10.59,12.64,0.16,0.69,0.85,NA
"5314991","5314991","Brynn Smith","Portland Pilots","2501","Returning","stats","id","Portland Pilots",NA,1,NA,9.57,11.42,-1.49,0.53,-0.96,NA
"5243453","5243453","Ella Zimmerman","Portland Pilots","2501","Returning","stats","id","Portland Pilots",NA,2,NA,9.07,10.82,-0.15,0,-0.15,NA
"fr_2501_carlygonzalez","fr_2501_carlygonzalez","Carly Gonzalez","Portland Pilots","2501","Newcomer","newcomer","none","St. Michael's Catholic Preparatory School","Fr.",0,NA,8.08,9.64,-1.36,0.5,-0.86,NA
"fr_2501_goundodiakitebayo","fr_2501_goundodiakitebayo","Goundo Diakite Bayo","Portland Pilots","2501","Newcomer","newcomer","none","IES Carles Vallbona","So.",0,NA,7.8,9.31,-1.36,0.5,-0.86,NA
"fr_2501_maddieangus","fr_2501_maddieangus","Maddie Angus","Portland Pilots","2501","Newcomer","newcomer","none","Star of The Sea College","Fr.",0,NA,7.28,8.69,-1.36,0.5,-0.86,NA
"fr_2501_pahlysshokianga","fr_2501_pahlysshokianga","Pahlyss Hokianga","Portland Pilots","2501","Newcomer","newcomer","none","Tauranga Girls College","Fr.",0,NA,6.72,8.02,-1.36,0.5,-0.86,NA
"fr_2501_saramangan","fr_2501_saramangan","Sara Mangan","Portland Pilots","2501","Newcomer","newcomer","none","Southridge","Fr.",0,NA,5.81,6.93,-1.36,0.5,-0.86,NA
"5243452","5243452","Caitlin Monahan","Portland Pilots","2501","Returning","stats","id","Portland Pilots",NA,2,NA,4.89,5.83,0.13,0.49,0.62,NA
"5241014","5241014","Kyleigh Brown","Portland State Vikings","2502","Returning","stats","id","Portland State Vikings",NA,2,NA,29.79,35.56,2.99,-2.95,0.04,NA
"5176460","5176460","Laynee Torres-Kahapea","Portland State Vikings","2502","Returning","stats","id","Portland State Vikings",NA,3,NA,25.9,30.91,-2.1,-2.9,-5,NA
"5242477","5242477","Teagan Colvin","Portland State Vikings","2502","Transfer","stats","id","UNLV Lady Rebels",NA,2,NA,22.07,26.34,-0.59,-0.51,-1.1,NA
"5241013","5241013","Kirstine Munk","Portland State Vikings","2502","Returning","stats","id","Portland State Vikings",NA,3,NA,15.82,18.88,-5.42,-2.81,-8.23,NA
"5311617","5311617","Sara Barhoum","Portland State Vikings","2502","Transfer","stats","id","Oregon Ducks",NA,1,NA,15.2,18.14,-0.68,-0.94,-1.63,NA
"fr_2502_alexpadilla","fr_2502_alexpadilla","Alex Padilla","Portland State Vikings","2502","Newcomer","newcomer","none","Tualatin HS","Fr.",0,NA,14.82,17.69,-1.97,-2.35,-4.33,NA
"fr_2502_aspenmcclees","fr_2502_aspenmcclees","Aspen McClees","Portland State Vikings","2502","Newcomer","newcomer","none","Gilbert HS","Fr.",0,NA,13.97,16.67,-1.97,-2.35,-4.33,NA
"fr_2502_emmazuniga","fr_2502_emmazuniga","Emma Zuniga","Portland State Vikings","2502","Newcomer","newcomer","none","West Salem HS","Fr.",0,NA,12.71,15.16,-1.97,-2.35,-4.33,NA
"fr_2502_livcollins","fr_2502_livcollins","Liv Collins","Portland State Vikings","2502","Newcomer","newcomer","none","Sumner HS","Fr.",0,NA,11.63,13.88,-1.97,-2.35,-4.33,NA
"fr_2502_maayalucas","fr_2502_maayalucas","Maaya Lucas","Portland State Vikings","2502","Newcomer","newcomer","none","Tualatin HS","Fr.",0,NA,10.98,13.1,-1.97,-2.35,-4.33,NA
"fr_2502_mailestarns","fr_2502_mailestarns","Maile Starns","Portland State Vikings","2502","Newcomer","newcomer","none","Legend HS","Fr.",0,NA,10.51,12.54,-1.97,-2.35,-4.33,NA
"fr_2502_nihoadunn","fr_2502_nihoadunn","Nihoa Dunn","Portland State Vikings","2502","Newcomer","newcomer","none","Kamehameha Schools Kapalama","Fr.",0,NA,9.99,11.93,-1.97,-2.35,-4.33,NA
"5315681","5315681","Ryme Jaekel","Portland State Vikings","2502","Returning","stats","id","Portland State Vikings",NA,1,NA,6.61,7.89,-2.25,-1.49,-3.74,NA
"5315749","5315749","Jacque Giron","Prairie View A&M Lady Panthers","2504","Returning","stats","id","Prairie View A&M Lady Panthers",NA,3,NA,32.46,38,-3.98,-2.76,-6.74,NA
"5315746","5315746","Alana Shields","Prairie View A&M Lady Panthers","2504","Returning","stats","id","Prairie View A&M Lady Panthers",NA,1,NA,29.31,34.98,-4.9,-2.37,-7.27,NA
"5315747","5315747","Margan Allen","Prairie View A&M Lady Panthers","2504","Returning","stats","id","Prairie View A&M Lady Panthers",NA,1,NA,24.49,29.23,-4.81,-2.84,-7.64,NA
"5243457","5243457","Ja'nya Polk","Prairie View A&M Lady Panthers","2504","Returning","stats","id","Prairie View A&M Lady Panthers",NA,2,NA,20.73,24.74,-5.52,-2.29,-7.81,NA
"5313006","5313006","Kaylie Carr","Prairie View A&M Lady Panthers","2504","Transfer","stats","id","Sam Houston Bearkats",NA,1,NA,20.44,24.4,-3.2,-0.54,-3.74,NA
"5243456","5243456","Laila Robinson","Prairie View A&M Lady Panthers","2504","Returning","stats","id","Prairie View A&M Lady Panthers",NA,2,NA,19.44,23.2,-2.68,-1.54,-4.21,NA
"5315752","5315752","Preston Young","Prairie View A&M Lady Panthers","2504","Returning","stats","id","Prairie View A&M Lady Panthers",NA,1,NA,17.94,21.41,-7,-1.93,-8.93,NA
"5315748","5315748","Alaysia Gude","Prairie View A&M Lady Panthers","2504","Returning","stats","id","Prairie View A&M Lady Panthers",NA,1,NA,11.73,14,-2.78,-1.46,-4.25,NA
"pad_2504_1","pad_2504_1","Unlisted roster spot","Prairie View A&M Lady Panthers","2504","Unlisted spot","pad","pad",NA,NA,0,NA,11.73,14,-8.07,-3.54,-11.61,NA
"pad_2504_2","pad_2504_2","Unlisted roster spot","Prairie View A&M Lady Panthers","2504","Unlisted spot","pad","pad",NA,NA,0,NA,11.73,14,-8.07,-3.54,-11.61,NA
"5313829","5313829","Ore Ogunwolere","Presbyterian Blue Hose","2506","Returning","stats","id","Presbyterian Blue Hose",NA,3,NA,29.02,34.63,-4.03,-3.05,-7.07,NA
"5242690","5242690","Krystal Haddock","Presbyterian Blue Hose","2506","Returning","stats","id","Presbyterian Blue Hose",NA,2,NA,26.56,31.7,-2.16,-3.5,-5.65,NA
"5313830","5313830","Aretha Linger","Presbyterian Blue Hose","2506","Returning","stats","id","Presbyterian Blue Hose",NA,1,NA,23.72,28.31,-1.5,-2.27,-3.77,NA
"5313833","5313833","Samantha Mullock","Presbyterian Blue Hose","2506","Returning","stats","id","Presbyterian Blue Hose",NA,1,NA,18.39,21.94,-4.53,-3.89,-8.41,NA
"5239538","5239538","Alyssa Febres","Presbyterian Blue Hose","2506","Transfer","stats","id","Kansas City Roos",NA,2,NA,16.06,19.17,-3.56,-1.95,-5.51,NA
"5177970","5177970","Azjah Reeves","Presbyterian Blue Hose","2506","Transfer","stats","id","Wichita State Shockers",NA,3,NA,14.51,17.31,-5.15,-2.05,-7.21,NA
"5313831","5313831","Yolanda Floyd","Presbyterian Blue Hose","2506","Returning","stats","id","Presbyterian Blue Hose",NA,1,NA,14.2,16.95,-4.28,-1.94,-6.21,NA
"5315204","5315204","Kyaija Stewart","Presbyterian Blue Hose","2506","Transfer","stats","id","Texas State Bobcats",NA,3,NA,12.82,15.3,-2.93,-1.78,-4.71,NA
"fr_2506_dylandeinnocent","fr_2506_dylandeinnocent","Dylande Innocent","Presbyterian Blue Hose","2506","Newcomer","newcomer","none","Somerset Academy","Fr.",0,NA,12.01,14.34,-4.39,-3.19,-7.58,NA
"5240961","5240961","Fiona Diomande","Presbyterian Blue Hose","2506","Transfer","stats","id","Wichita State Shockers",NA,1,NA,11.63,13.88,-3.34,-1.27,-4.61,NA
"fr_2506_saoirsesmart","fr_2506_saoirsesmart","Saoirse Smart","Presbyterian Blue Hose","2506","Newcomer","newcomer","none","Willetton Senior HS","Fr.",0,NA,11.31,13.49,-4.39,-3.19,-7.58,NA
"fr_2506_innadimova","fr_2506_innadimova","Inna Dimova","Presbyterian Blue Hose","2506","International (FIBA)","newcomer","none","T. Kableshkov Sports School","Fr.",0,NA,9.77,11.65,-6.19,-3.91,-10.11,NA
"5176453","5176453","Skye Belker","Princeton Tigers","163","Returning","stats","id","Princeton Tigers",NA,3,NA,27.83,33.22,5.6,-0.18,5.41,NA
"5176455","5176455","Fadima Tall","Princeton Tigers","163","Returning","stats","id","Princeton Tigers",NA,3,NA,25.68,30.65,7.07,3.38,10.45,NA
"5176454","5176454","Ashley Chea","Princeton Tigers","163","Returning","stats","id","Princeton Tigers",NA,3,NA,23.96,28.6,1.83,0.87,2.69,NA
"5176452","5176452","Olivia Hutcherson","Princeton Tigers","163","Returning","stats","id","Princeton Tigers",NA,3,NA,21.83,26.05,5.81,1.99,7.79,NA
"5241874","5241874","Toby Nweke","Princeton Tigers","163","Returning","stats","id","Princeton Tigers",NA,2,NA,17.85,21.3,1.83,1.07,2.91,NA
"5313317","5313317","Grace O'Sullivan","Princeton Tigers","163","Returning","stats","id","Princeton Tigers",NA,1,NA,12.03,14.36,0.62,0.23,0.85,NA
"5241873","5241873","Emily Eadie","Princeton Tigers","163","Returning","stats","id","Princeton Tigers",NA,2,NA,10.64,12.69,-1.1,0.18,-0.92,NA
"fr_163_avayoon","fr_163_avayoon","Ava Yoon","Princeton Tigers","163","Newcomer","newcomer","none","Sidwell Friends","Fr.",0,NA,10.57,12.62,1.22,0.51,1.73,NA
"fr_163_evasmith","fr_163_evasmith","Eva Smith","Princeton Tigers","163","Newcomer","newcomer","none","St. Hilda's Anglican School for Girls","Fr.",0,NA,10.03,11.97,1.22,0.51,1.73,NA
"fr_163_meilingperry","fr_163_meilingperry","Mei-Ling Perry","Princeton Tigers","163","Newcomer","newcomer","none","Troy","Fr.",0,NA,9.64,11.5,1.22,0.51,1.73,NA
"fr_163_sarahaldeguer","fr_163_sarahaldeguer","Sarah Aldeguer","Princeton Tigers","163","Newcomer","newcomer","none","Fairmont Prep Academy","Fr.",0,NA,9.21,10.99,1.22,0.51,1.73,NA
"5241872","5241872","Cristina Parrella","Princeton Tigers","163","Returning","stats","id","Princeton Tigers",NA,2,NA,8.93,10.65,-0.72,-0.35,-1.07,NA
"5313318","5313318","Sarah Lessig","Princeton Tigers","163","Returning","stats","id","Princeton Tigers",NA,1,NA,6.21,7.42,1.63,-0.26,1.37,NA
"fr_163_maribickley","5176457","Mari Bickley","Princeton Tigers","163","Returning","history","name","Laurel School","Sr.",0,NA,5.59,6.67,-1.63,-0.17,-1.8,"Missed 2025-26; 2024-25: 7.1 mpg, 1.8 ppg"
"5240237","5240237","Orlagh Gormley","Providence Friars","2507","Returning","stats","id","Providence Friars",NA,2,NA,26.39,31.5,1.4,2.46,3.86,NA
"5238317","5238317","Payton Dunbar","Providence Friars","2507","Returning","stats","id","Providence Friars",NA,2,NA,20.02,23.9,-0.41,-0.08,-0.5,NA
"5177801","5177801","Kylah Silver","Providence Friars","2507","Transfer","stats","id","UNC Wilmington Seahawks",NA,2,NA,18.52,22.1,0.35,0.24,0.6,NA
"5312722","5312722","Ashley Dinges","Providence Friars","2507","Returning","stats","id","Providence Friars",NA,1,NA,17.94,21.41,-1.37,0.32,-1.05,NA
"5240916","5240916","Taylor Barner","Providence Friars","2507","Transfer","stats","id","East Carolina Pirates",NA,2,NA,16.66,19.89,2.74,-0.22,2.52,NA
"5312717","5312717","Princess Moody","Providence Friars","2507","Returning","stats","id","Providence Friars",NA,1,NA,13.3,15.87,-2.77,0.88,-1.88,NA
"5174279","5174279","J'Adore Young","Providence Friars","2507","Transfer","stats","id","Ole Miss Rebels",NA,2,NA,13.1,15.63,0.07,0.89,0.96,NA
"5239071","5239071","Daviane Mindoudi Ongbakahoumb","Providence Friars","2507","Transfer","stats","id","Florida Gators",NA,2,NA,12.6,15.04,0.09,0.3,0.39,NA
"5174966","5174966","Sophi Hall","Providence Friars","2507","Returning","stats","id","Providence Friars",NA,3,NA,12.33,14.71,-1.09,0.19,-0.89,NA
"5312719","5312719","Riley Hamburger","Providence Friars","2507","Returning","stats","id","Providence Friars",NA,1,NA,9.57,11.42,-1.92,-0.2,-2.12,NA
"5240238","5240238","Audrey Shields","Providence Friars","2507","Returning","stats","id","Providence Friars",NA,2,NA,8.72,10.41,-2.39,-0.49,-2.88,NA
"fr_2507_davianemindoudi","fr_2507_davianemindoudi","Daviane Mindoudi","Providence Friars","2507","Newcomer","newcomer","none","Segle XXI (Previous: University of Florida)","Jr.",0,NA,8.09,9.66,-1.44,0.33,-1.11,NA
"fr_2507_marlenembilima","fr_2507_marlenembilima","Marlene Mbilima","Providence Friars","2507","Newcomer","newcomer","none","Athens Christian School","Fr.",0,NA,7.55,9.01,-1.44,0.33,-1.11,NA
"fr_2507_voldiebasana","fr_2507_voldiebasana","Voldie Basana","Providence Friars","2507","Newcomer","newcomer","none","Athens Christian School","Fr.",0,NA,6.97,8.32,-1.44,0.33,-1.11,NA
"5312720","5312720","Olivia Rodrigues","Providence Friars","2507","Returning","stats","id","Providence Friars",NA,1,NA,4.58,5.46,-1.61,-0.29,-1.9,NA
"5312716","5312716","Mariana Padilla","Providence Friars","2507","Returning","stats","id","Providence Friars",NA,2,NA,3.65,4.36,-1.76,-0.63,-2.39,NA
"5240777","5240777","Hannah Wickstrom","Purdue Boilermakers","2509","Transfer","stats","id","UC Riverside Highlanders",NA,2,NA,24.97,29.8,7.54,1.86,9.4,NA
"5175419","5175419","Aysia Proctor","Purdue Boilermakers","2509","Transfer","stats","id","North Texas Mean Green",NA,3,NA,23.76,28.35,2.68,1.14,3.82,NA
"5108895","5108895","Taylor Henderson","Purdue Boilermakers","2509","Transfer","stats","id","Purdue Boilermakers",NA,3,NA,21.22,25.33,-0.16,-0.08,-0.24,"Missed 2025-26; 2024-25: 28.7 mpg, 11.8 ppg"
"5175722","5175722","McKenna Layden","Purdue Boilermakers","2509","Returning","stats","id","Purdue Boilermakers",NA,3,NA,18.88,22.53,-0.31,0.59,0.28,NA
"5239976","5239976","Averi Aaron","Purdue Boilermakers","2509","Transfer","stats","id","Louisiana Tech Lady Techsters",NA,2,NA,17.52,20.91,0.51,1,1.5,NA
"4433806","4433806","Kyndall Hunter","Purdue Boilermakers","2509","Transfer","stats","id","Houston Cougars",NA,4,NA,17.31,20.66,1.04,0.39,1.43,NA
"5311739","5311739","Avery Gordon","Purdue Boilermakers","2509","Returning","stats","id","Purdue Boilermakers",NA,1,NA,14.24,16.99,4.98,0.63,5.61,"No. 63 recruit in 2025; pedigree counts 39% (235 college min)"
"5178283","5178283","Saige Stahl","Purdue Boilermakers","2509","Returning","stats","id","Purdue Boilermakers",NA,3,NA,11.65,13.9,-0.01,0.16,0.15,NA
"fr_2509_anjelaminja","fr_2509_anjelaminja","Anjela Minja","Purdue Boilermakers","2509","Newcomer","newcomer","none","Gulf Coast State","Jr.",0,NA,11.09,13.24,0.33,0.03,0.35,NA
"fr_2509_katkasediva","fr_2509_katkasediva","Katka Šedivá","Purdue Boilermakers","2509","Newcomer","newcomer","none",NA,"Fr.",0,NA,10.65,12.71,0.33,0.03,0.35,NA
"fr_2509_keonadouwstra","fr_2509_keonadouwstra","Keona Douwstra","Purdue Boilermakers","2509","International (FIBA)","newcomer","none",NA,"Fr.",0,NA,10.09,12.04,-0.31,0.16,-0.16,NA
"fr_2509_mayazilbershlag","fr_2509_mayazilbershlag","Maya Zilbershlag","Purdue Boilermakers","2509","International (FIBA)","newcomer","none","Rabbin","Fr.",0,NA,9.68,11.55,-0.53,0,-0.53,NA
"fr_2509_zojastirn","fr_2509_zojastirn","Zoja Stirn","Purdue Boilermakers","2509","International (FIBA)","newcomer","none",NA,"Fr.",0,NA,8.95,10.68,-0.82,-0.21,-1.03,NA
"5107663","5107663","Nika Lokica","Purdue Fort Wayne Mastodons","2870","Returning","stats","id","Purdue Fort Wayne Mastodons",NA,4,NA,27.52,32.85,-1.17,0.38,-0.79,NA
"5315232","5315232","Madison Lewis","Purdue Fort Wayne Mastodons","2870","Transfer","stats","id","Eastern Kentucky Colonels",NA,3,NA,24.59,29.35,-0.1,0.02,-0.08,NA
"5313105","5313105","Avery Wagner","Purdue Fort Wayne Mastodons","2870","Returning","stats","id","Purdue Fort Wayne Mastodons",NA,1,NA,22.55,26.91,-0.5,0.71,0.22,NA
"fr_2870_aliviabolinger","fr_2870_aliviabolinger","Alivia Bolinger","Purdue Fort Wayne Mastodons","2870","Newcomer","newcomer","none","Concordia Lutheran","Fr.",0,NA,19.4,23.16,-1.07,0.03,-1.04,NA
"fr_2870_maddielepley","fr_2870_maddielepley","Maddie Lepley","Purdue Fort Wayne Mastodons","2870","Newcomer","newcomer","none","Jackson","Fr.",0,NA,18.74,22.36,-1.07,0.03,-1.04,NA
"fr_2870_karisthomas","fr_2870_karisthomas","Karis Thomas","Purdue Fort Wayne Mastodons","2870","Newcomer","newcomer","none","Shady Side Academy","Fr.",0,NA,17.44,20.81,-1.07,0.03,-1.04,NA
"5314963","5314963","Hiba Malkawi","Purdue Fort Wayne Mastodons","2870","Transfer","stats","id","Southern Illinois Salukis",NA,3,NA,16.66,19.89,-0.99,-0.55,-1.54,NA
"5242668","5242668","Meegan Fahy","Purdue Fort Wayne Mastodons","2870","Transfer","stats","id","SIU Edwardsville Cougars",NA,2,NA,15.84,18.9,-1.67,-0.19,-1.86,NA
"5313103","5313103","Bailee Duck","Purdue Fort Wayne Mastodons","2870","Returning","stats","id","Purdue Fort Wayne Mastodons",NA,1,NA,14.54,17.36,-1.7,-0.26,-1.96,NA
"5246934","5246934","Amaris Timmons","Purdue Fort Wayne Mastodons","2870","Transfer (non-D1)","stats","none","Langston Lions",NA,2,NA,12.91,15.41,-2.61,-1.47,-4.08,"Valued at the D2/NAIA level (assumed)"
"5178413","5178413","Alyssa Berry","Purdue Fort Wayne Mastodons","2870","Returning","stats","id","Purdue Fort Wayne Mastodons",NA,3,NA,9.8,11.69,-3.09,-0.99,-4.08,NA
"5241105","5241105","Brenae Jones-Grant","Queens University Royals","2511","Returning","stats","id","Queens University Royals",NA,2,NA,27.5,32.81,2.22,-0.12,2.1,NA
"5315061","5315061","Breah Franks","Queens University Royals","2511","Returning","stats","id","Queens University Royals",NA,1,NA,21.21,25.31,-2.49,-1.6,-4.09,NA
"5240778","5240778","Makayla Minshall","Queens University Royals","2511","Transfer","stats","id","UC Riverside Highlanders",NA,2,NA,20.43,24.38,-2.02,-1.32,-3.35,NA
"5317423","5317423","Anisa Akinola","Queens University Royals","2511","Transfer (non-D1)","stats","none","Pace Setters",NA,1,NA,15.91,18.99,-2.93,-1.26,-4.19,"Valued at the D2/NAIA level (assumed)"
"fr_2511_ahmaniklabunde","fr_2511_ahmaniklabunde","Ahmani Klabunde","Queens University Royals","2511","Newcomer","newcomer","none","Labette CC","Jr.",0,NA,14.62,17.45,-3.11,-1.62,-4.73,NA
"5315059","5315059","Kelley Hutcherson","Queens University Royals","2511","Returning","stats","id","Queens University Royals",NA,1,NA,14.04,16.76,-4.05,-1.74,-5.79,NA
"fr_2511_ashantaynoble","fr_2511_ashantaynoble","Ashantay Noble","Queens University Royals","2511","Newcomer","newcomer","none","Tallahassee State College","Jr.",0,NA,13.29,15.87,-3.11,-1.62,-4.73,NA
"fr_2511_ciannapapineau","fr_2511_ciannapapineau","Cianna Papineau","Queens University Royals","2511","Newcomer","newcomer","none","Union County College","Jr.",0,NA,12.16,14.51,-3.11,-1.62,-4.73,NA
"fr_2511_janiyamilligan","fr_2511_janiyamilligan","Janiya Milligan","Queens University Royals","2511","Newcomer","newcomer","none",NA,"Fr.",0,NA,11.47,13.69,-3.11,-1.62,-4.73,NA
"fr_2511_nykiraarrington","fr_2511_nykiraarrington","Nykira Arrington","Queens University Royals","2511","Newcomer","newcomer","none","South Mecklenburg","Fr.",0,NA,10.98,13.1,-3.11,-1.62,-4.73,NA
"fr_2511_paulinareichenaur","fr_2511_paulinareichenaur","Paulina Reichenaur","Queens University Royals","2511","Newcomer","newcomer","none",NA,"So.",0,NA,10.44,12.46,-3.11,-1.62,-4.73,NA
"fr_2511_ryandavis","fr_2511_ryandavis","Ryan Davis","Queens University Royals","2511","Newcomer","newcomer","none","Fairmont State University","So.",0,NA,10.05,11.99,-3.11,-1.62,-4.73,NA
"fr_2511_shadehpreston","fr_2511_shadehpreston","Shadeh Preston","Queens University Royals","2511","Newcomer","newcomer","none","IGS Franzsches Feld","Fr.",0,NA,9.33,11.14,-3.11,-1.62,-4.73,NA
"fr_2511_shirashani","fr_2511_shirashani","Shira Shani","Queens University Royals","2511","Newcomer","newcomer","none","Ort Givatayim","Fr.",0,NA,8.56,10.22,-3.11,-1.62,-4.73,NA
"5178122","5178122","Paige Girardi","Quinnipiac Bobcats","2514","Returning","stats","id","Quinnipiac Bobcats",NA,3,NA,27.54,32.87,-1.25,0.05,-1.2,NA
"5242014","5242014","Elle Snyder","Quinnipiac Bobcats","2514","Transfer","stats","id","Evansville Purple Aces",NA,2,NA,21.42,25.57,-0.19,0.49,0.3,NA
"5178123","5178123","Maria Kealy","Quinnipiac Bobcats","2514","Returning","stats","id","Quinnipiac Bobcats",NA,3,NA,18.91,22.57,-4.03,0.76,-3.27,NA
"5312779","5312779","Payton Dulin","Quinnipiac Bobcats","2514","Transfer","stats","id","George Washington Revolutionaries",NA,1,NA,18.91,22.57,-0.86,0.01,-0.85,NA
"fr_2514_alannabenoit","fr_2514_alannabenoit","Alanna Benoit","Quinnipiac Bobcats","2514","Newcomer","newcomer","none","Mandeville High School","Fr.",0,NA,15.31,18.27,-0.36,0.54,0.18,NA
"fr_2514_anaramospires","fr_2514_anaramospires","Ana Ramos Pires","Quinnipiac Bobcats","2514","Newcomer","newcomer","none","Colegio Campos Salles","Sr.",0,NA,14.28,17.04,-0.36,0.54,0.18,NA
"fr_2514_avathomas","fr_2514_avathomas","Ava Thomas","Quinnipiac Bobcats","2514","Newcomer","newcomer","none","Mary Louis Academy","Fr.",0,NA,13.06,15.58,-0.36,0.54,0.18,NA
"fr_2514_imanimullings","fr_2514_imanimullings","Imani Mullings","Quinnipiac Bobcats","2514","Newcomer","newcomer","none","Plainfield High School","Fr.",0,NA,12.01,14.34,-0.36,0.54,0.18,NA
"fr_2514_kaylahopson","fr_2514_kaylahopson","Kayla Hopson","Quinnipiac Bobcats","2514","Newcomer","newcomer","none","South Shore High School","Jr.",0,NA,11.38,13.58,-0.36,0.54,0.18,NA
"fr_2514_leilawashington","fr_2514_leilawashington","Leila Washington","Quinnipiac Bobcats","2514","Newcomer","newcomer","none","Garber High School","Jr.",0,NA,10.93,13.04,-0.36,0.54,0.18,NA
"fr_2514_lillythomas","fr_2514_lillythomas","Lilly Thomas","Quinnipiac Bobcats","2514","Newcomer","newcomer","none","El Reno High School","So.",0,NA,10.43,12.45,-0.36,0.54,0.18,NA
"fr_2514_myaalston","fr_2514_myaalston","Mya Alston","Quinnipiac Bobcats","2514","Newcomer","newcomer","none","Mustang High School","Fr.",0,NA,10.07,12.02,-0.36,0.54,0.18,NA
"fr_2514_ulianadoronina","fr_2514_ulianadoronina","Uliana Doronina","Quinnipiac Bobcats","2514","Newcomer","newcomer","none","Hoosac Prep","Fr.",0,NA,9.41,11.23,-0.36,0.54,0.18,NA
"5178125","5178125","Ava Sollenne","Quinnipiac Bobcats","2514","Returning","stats","id","Quinnipiac Bobcats",NA,3,NA,6.32,7.55,-2.57,-0.14,-2.7,NA
"5177802","5177802","Cate Carlson","Radford Highlanders","2515","Returning","stats","id","Radford Highlanders",NA,3,NA,27.41,32.71,-0.19,-0.44,-0.63,NA
"5313844","5313844","Georgia Simonsen","Radford Highlanders","2515","Returning","stats","id","Radford Highlanders",NA,1,NA,25.07,29.91,3.09,0.46,3.56,NA
"5241055","5241055","Angelina Nice","Radford Highlanders","2515","Returning","stats","id","Radford Highlanders",NA,2,NA,20.57,24.55,-0.46,1.03,0.57,NA
"5175451","5175451","Kailyn Fields","Radford Highlanders","2515","Transfer","stats","id","Kennesaw State Owls",NA,3,NA,19.55,23.33,-2.8,-0.32,-3.12,NA
"5313842","5313842","Cherish Haywood","Radford Highlanders","2515","Returning","stats","id","Radford Highlanders",NA,1,NA,15.86,18.93,-1.94,0.44,-1.49,NA
"5242011","5242011","Logan Luebbers Palmer","Radford Highlanders","2515","Transfer","stats","id","Evansville Purple Aces",NA,2,NA,15.82,18.88,-2.04,-1.32,-3.36,NA
"5177797","5177797","Anaiah Jenkins","Radford Highlanders","2515","Returning","stats","id","Radford Highlanders",NA,3,NA,14.62,17.44,-1.11,-0.52,-1.63,NA
"5107502","5107502","Jada Green","Radford Highlanders","2515","Transfer","stats","id","Richmond Spiders",NA,4,NA,14.29,17.06,-1.46,-0.67,-2.13,NA
"fr_2515_jordinrichardson","fr_2515_jordinrichardson","Jordin Richardson","Radford Highlanders","2515","Newcomer","newcomer","none","Nansemond River","Fr.",0,NA,11.6,13.85,-2.02,-0.2,-2.23,NA
"fr_2515_kerrifluellen","fr_2515_kerrifluellen","Kerri Fluellen","Radford Highlanders","2515","Newcomer","newcomer","none","T.W. Josey HS","Fr.",0,NA,10.97,13.1,-2.02,-0.2,-2.23,NA
"fr_2515_raleebare","fr_2515_raleebare","Ralee Bare","Radford Highlanders","2515","Newcomer","newcomer","none","Lenoir-Rhyne","So.",0,NA,10.52,12.56,-2.02,-0.2,-2.23,NA
"5313840","5313840","Anna Chacha","Radford Highlanders","2515","Returning","stats","id","Radford Highlanders",NA,1,NA,7.37,8.79,-0.85,-0.66,-1.51,NA
"5313843","5313843","Amanda Mitchell","Radford Highlanders","2515","Returning","stats","id","Radford Highlanders",NA,1,NA,6.35,7.58,-2.53,-0.67,-3.21,NA
"5174381","5174381","Sophia Vital","Rhode Island Rams","227","Returning","stats","id","Rhode Island Rams",NA,3,NA,28.8,34.37,1.65,3.34,4.99,NA
"5240696","5240696","Delanie Hill","Rhode Island Rams","227","Transfer","stats","id","UAlbany Great Danes",NA,2,NA,22.45,26.8,2.7,0.6,3.31,NA
"5240695","5240695","Martina Borrellas","Rhode Island Rams","227","Transfer","stats","id","UAlbany Great Danes",NA,2,NA,20.92,24.97,1.66,1.71,3.38,NA
"5175403","5175403","Queen Ikhiuwu","Rhode Island Rams","227","Transfer","stats","id","Wofford Terriers",NA,3,NA,18.36,21.92,1.26,0.5,1.75,NA
"5242038","5242038","Mia Fiore","Rhode Island Rams","227","Transfer","stats","id","Merrimack Warriors",NA,2,NA,16.68,19.91,1.16,0.04,1.21,NA
"5312990","5312990","Amaya Stewart","Rhode Island Rams","227","Transfer","stats","id","UAlbany Great Danes",NA,1,NA,16.24,19.38,2.85,0.71,3.56,NA
"5312989","5312989","Anaïs Levasseur","Rhode Island Rams","227","Transfer","stats","id","UAlbany Great Danes",NA,1,NA,14.26,17.02,-1.07,-0.11,-1.19,NA
"5312792","5312792","Amori Jarrett","Rhode Island Rams","227","Newcomer","stats","none","Rhode Island Rams",NA,1,NA,11.71,13.97,0.26,1.09,1.34,NA
"fr_227_katieliggio","fr_227_katieliggio","Katie Liggio","Rhode Island Rams","227","Newcomer","newcomer","none","Red Bank Catholic","Fr.",0,NA,11.1,13.25,0.26,1.09,1.34,NA
"fr_227_laurenbousquet","fr_227_laurenbousquet","Lauren Bousquet","Rhode Island Rams","227","Newcomer","newcomer","none","Moses Brown School","Fr.",0,NA,10.67,12.73,0.26,1.09,1.34,NA
"fr_227_naiaraquintanamartinez","fr_227_naiaraquintanamartinez","Naiara Quintana Martinez","Rhode Island Rams","227","Newcomer","newcomer","none",NA,"Fr.",0,NA,10.19,12.16,0.26,1.09,1.34,NA
"fr_227_ioanasavu","fr_227_ioanasavu","Ioana Savu","Rhode Island Rams","227","International (FIBA)","newcomer","none",NA,"Fr.",0,NA,9.71,11.59,-0.58,1.07,0.49,NA
"fr_227_alexnewson","fr_227_alexnewson","Alex Newson","Rhode Island Rams","227","International (FIBA)","newcomer","none","King's Christian Collegiate","Fr.",0,NA,8.91,10.64,-1.17,0.64,-0.53,NA
"5108319","5108319","Hailey Adams","Rice Owls","242","Returning","stats","id","Rice Owls",NA,3,NA,28.87,34.45,1.25,4.38,5.64,NA
"5240923","5240923","Aniah Alexis","Rice Owls","242","Returning","stats","id","Rice Owls",NA,2,NA,26.19,31.26,2.28,2.35,4.63,NA
"5175791","5175791","Victoria Flores","Rice Owls","242","Returning","stats","id","Rice Owls",NA,3,NA,24.43,29.16,1.49,1.71,3.2,NA
"5195389","5195389","Louann Battiston","Rice Owls","242","Returning","stats","id","Rice Owls",NA,3,NA,19.41,23.17,0.64,0.61,1.25,NA
"5241800","5241800","Paige Cofer","Rice Owls","242","Transfer","stats","id","Utah Tech Trailblazers",NA,2,NA,15.57,18.59,-0.42,-0.36,-0.78,NA
"5174396","5174396","Lilly Taulelei","Rice Owls","242","Transfer","stats","id","Iowa State Cyclones",NA,3,NA,14.52,17.33,1.49,-0.44,1.05,NA
"5174248","5174248","Reychel Douglas","Rice Owls","242","Transfer","stats","id","Alabama Crimson Tide",NA,2,NA,14.04,16.76,-0.38,-0.14,-0.51,NA
"5315555","5315555","Jordin Blackmon","Rice Owls","242","Returning","stats","id","Rice Owls",NA,1,NA,13.44,16.04,0.55,0.78,1.33,NA
"5238320","5238320","Myah Hazelton","Rice Owls","242","Returning","stats","id","Rice Owls",NA,2,NA,10.88,12.99,-2.56,0.36,-2.2,NA
"fr_242_kaylenstamaria","fr_242_kaylenstamaria","Kaylen Sta. Maria","Rice Owls","242","International (FIBA)","newcomer","none","Niagara Prep","Fr.",0,NA,10.79,12.87,-1.79,0.53,-1.25,NA
"5315554","5315554","Mylee Guinn","Rice Owls","242","Returning","stats","id","Rice Owls",NA,1,NA,9.59,11.44,0.88,0.58,1.46,NA
"5178493","5178493","Pace Rickard","Rice Owls","242","Returning","stats","id","Rice Owls",NA,3,NA,6.36,7.59,-2.34,-0.51,-2.85,NA
"5178494","5178494","Layla Conley","Rice Owls","242","Returning","stats","id","Rice Owls",NA,3,NA,5.9,7.05,-0.01,-0.32,-0.33,NA
"5174384","5174384","Ally Sweeney","Richmond Spiders","257","Returning","stats","id","Richmond Spiders",NA,3,NA,29.84,35.61,4.15,1.1,5.25,NA
"5315268","5315268","Ava Persichetti","Richmond Spiders","257","Returning","stats","id","Richmond Spiders",NA,1,NA,21.96,26.21,1.99,1.12,3.11,NA
"5315267","5315267","Rayne Wright","Richmond Spiders","257","Returning","stats","id","Richmond Spiders",NA,1,NA,19.77,23.6,1.79,0.75,2.54,NA
"5241833","5241833","Harriet Ford","Richmond Spiders","257","Transfer","stats","id","Duquesne Dukes",NA,2,NA,18.7,22.32,1.76,1.09,2.85,NA
"fr_257_alexandravandiver","fr_257_alexandravandiver","Alexandra Vandiver","Richmond Spiders","257","Newcomer","newcomer","none","St. Mary's HS","Fr.",0,NA,15.37,18.35,1.08,0.7,1.78,NA
"fr_257_arisaihara","fr_257_arisaihara","Arisa Ihara","Richmond Spiders","257","Newcomer","newcomer","none","Japan Aviation HS Hokkaido","Fr.",0,NA,14.19,16.93,1.08,0.7,1.78,NA
"fr_257_bridgetrifenburg","fr_257_bridgetrifenburg","Bridget Rifenburg","Richmond Spiders","257","Newcomer","newcomer","none","Benet Academy","Fr.",0,NA,12.99,15.51,1.08,0.7,1.78,NA
"fr_257_emmaschoen","fr_257_emmaschoen","Emma Schoen","Richmond Spiders","257","Newcomer","newcomer","none","Silver Creek HS","Fr.",0,NA,11.97,14.29,1.08,0.7,1.78,NA
"fr_257_hannatjernberg","fr_257_hannatjernberg","Hanna Tjernberg","Richmond Spiders","257","Newcomer","newcomer","none","RIG Lulea Elite Academy","Fr.",0,NA,11.36,13.56,1.08,0.7,1.78,NA
"fr_257_josiefontana","fr_257_josiefontana","Josie Fontana","Richmond Spiders","257","Newcomer","newcomer","none","Oakland Catholic HS","Fr.",0,NA,10.92,13.03,1.08,0.7,1.78,NA
"fr_257_kateschindler","fr_257_kateschindler","Kate Schindler","Richmond Spiders","257","Newcomer","newcomer","none","Marvin Ridge HS","Fr.",0,NA,10.43,12.45,1.08,0.7,1.78,NA
"5315269","5315269","Aneisha Scott","Richmond Spiders","257","Returning","stats","id","Richmond Spiders",NA,1,NA,8.72,10.41,0.36,0.17,0.54,NA
"5240396","5240396","Payton Richard","Richmond Spiders","257","Returning","stats","id","Richmond Spiders",NA,2,NA,7.3,8.71,-1.99,-0.02,-2.01,NA
"5315270","5315270","Shaneka Campbell","Richmond Spiders","257","Returning","stats","id","Richmond Spiders",NA,1,NA,6.47,7.72,-0.62,0.01,-0.62,NA
"5178129","5178129","Aliya McIver","Rider Broncs","2520","Returning","stats","id","Rider Broncs",NA,3,NA,31.09,37.11,-2.93,-0.59,-3.51,NA
"5313620","5313620","Aina Perez Mesquida","Rider Broncs","2520","Returning","stats","id","Rider Broncs",NA,1,NA,27.35,32.65,-1.72,-1.75,-3.47,NA
"5313619","5313619","Alena Cofield","Rider Broncs","2520","Returning","stats","id","Rider Broncs",NA,1,NA,24.69,29.46,-2.04,-1.16,-3.2,NA
"5109009","5109009","Giana Hoddinott","Rider Broncs","2520","Transfer","stats","id","Mount St. Mary's Mountaineers",NA,3,NA,17.75,21.19,-2.56,-1.07,-3.63,NA
"5241770","5241770","Julia Karpell","Rider Broncs","2520","Transfer","stats","id","Fairfield Stags",NA,2,NA,14.98,17.88,-0.38,-1.02,-1.39,NA
"5240670","5240670","Gabby Sweeney","Rider Broncs","2520","Transfer","stats","id","Mercyhurst Lakers",NA,1,NA,14.85,17.72,-3.64,-1.04,-4.68,NA
"fr_2520_ainsleygibson","fr_2520_ainsleygibson","Ainsley Gibson","Rider Broncs","2520","Newcomer","newcomer","none","Patrick Henry","Fr.",0,NA,14.34,17.11,-3.48,-1.39,-4.88,NA
"fr_2520_colleenbesachio","fr_2520_colleenbesachio","Colleen Besachio","Rider Broncs","2520","Newcomer","newcomer","none","Archbishop Wood","Fr.",0,NA,13.03,15.55,-3.48,-1.39,-4.88,NA
"fr_2520_jordanbarnes","fr_2520_jordanbarnes","Jordan Barnes","Rider Broncs","2520","Newcomer","newcomer","none","St. Thomas Aquinas","Fr.",0,NA,11.92,14.22,-3.48,-1.39,-4.88,NA
"fr_2520_millieperry","fr_2520_millieperry","Millie Perry","Rider Broncs","2520","Newcomer","newcomer","none","Liberty North","Fr.",0,NA,11.24,13.42,-3.48,-1.39,-4.88,NA
"fr_2520_rebekahhartzell","fr_2520_rebekahhartzell","Rebekah Hartzell","Rider Broncs","2520","Newcomer","newcomer","none","South Wake","Fr.",0,NA,10.76,12.84,-3.48,-1.39,-4.88,NA
"5178130","5178130","Sam Richardson","Rider Broncs","2520","Returning","stats","id","Rider Broncs",NA,3,NA,7.99,9.53,-3.46,-1.55,-5.01,NA
"5242228","5242228","Myriam Traore","Robert Morris Colonials","2523","Returning","stats","id","Robert Morris Colonials",NA,2,NA,27.22,32.48,2.51,0.49,3.01,NA
"5175931","5175931","Eva Levingston","Robert Morris Colonials","2523","Returning","stats","id","Robert Morris Colonials",NA,3,NA,23.78,28.38,0.35,-0.14,0.21,NA
"5240292","5240292","Mackenzie Blackford","Robert Morris Colonials","2523","Transfer","stats","id","Duquesne Dukes",NA,2,NA,19.04,22.73,1.25,-0.63,0.61,NA
"5176106","5176106","Timberlynn Yeast","Robert Morris Colonials","2523","Transfer","stats","id","Marshall Thundering Herd",NA,2,NA,18.99,22.67,0.12,0.3,0.42,NA
"5177762","5177762","Ava Leroux","Robert Morris Colonials","2523","Returning","stats","id","Robert Morris Colonials",NA,2,NA,14.95,17.84,-0.45,0.11,-0.34,NA
"5108932","5108932","Page Greenburg","Robert Morris Colonials","2523","Transfer","stats","id","George Mason Patriots",NA,3,NA,14.9,17.78,1.13,1.25,2.37,NA
"5241963","5241963","Mallory Daly","Robert Morris Colonials","2523","Returning","stats","id","Robert Morris Colonials",NA,2,NA,12.55,14.98,-2.73,0.14,-2.6,NA
"5240315","5240315","Maeva Fotsa","Robert Morris Colonials","2523","Transfer","stats","id","Austin Peay Governors",NA,4,NA,12.02,14.35,-1.43,-0.76,-2.19,NA
"5242168","5242168","Meghan Murray","Robert Morris Colonials","2523","Transfer","stats","id","Kent State Golden Flashes",NA,2,NA,11.47,13.69,-1.69,-0.15,-1.84,NA
"5312868","5312868","Ella Collins","Robert Morris Colonials","2523","Transfer","stats","id","Hawai'i Rainbow Wahine",NA,1,NA,10.01,11.95,-2.2,-0.55,-2.74,NA
"fr_2523_laylahale","fr_2523_laylahale","Layla Hale","Robert Morris Colonials","2523","Newcomer","newcomer","none","West Clermont","Fr.",0,NA,9.14,10.91,-1.96,-0.33,-2.29,NA
"fr_2523_siradiarra","fr_2523_siradiarra","Sira Diarra","Robert Morris Colonials","2523","Newcomer","newcomer","none","Lycee Larmatrine Macon","Fr.",0,NA,8.71,10.4,-1.96,-0.33,-2.29,NA
"fr_2523_teighyeast","fr_2523_teighyeast","Teigh Yeast","Robert Morris Colonials","2523","Newcomer","newcomer","none","George Rogers Clark","Fr.",0,NA,8.4,10.02,-1.96,-0.33,-2.29,NA
"5313117","5313117","London Creach","Robert Morris Colonials","2523","Returning","stats","id","Robert Morris Colonials",NA,1,NA,5.31,6.34,-2.3,-0.85,-3.15,NA
"5313115","5313115","Sanai Troutman","Robert Morris Colonials","2523","Returning","stats","id","Robert Morris Colonials",NA,1,NA,3.5,4.18,-2.19,-0.82,-3.02,NA
"5240036","5240036","Zachara Perkins","Rutgers Scarlet Knights","164","Returning","stats","id","Rutgers Scarlet Knights",NA,2,NA,25.16,30.02,0.58,-0.5,0.08,NA
"4583143","4583143","Imani Lester","Rutgers Scarlet Knights","164","Returning","stats","id","Rutgers Scarlet Knights",NA,3,NA,21.96,26.21,4.68,2.05,6.73,NA
"5105437","5105437","Zennia Thomas","Rutgers Scarlet Knights","164","Transfer","stats","id","Howard Bison",NA,4,NA,18.9,22.56,3.75,0.7,4.44,NA
"5106182","5106182","Tara Daye","Rutgers Scarlet Knights","164","Transfer","stats","id","Purdue Boilermakers",NA,3,NA,18.67,22.29,3.98,1.79,5.77,NA
"5311573","5311573","Mia Pauldo","Rutgers Scarlet Knights","164","Transfer","stats","id","Tennessee Lady Volunteers",NA,1,NA,16.5,19.69,4.38,1.51,5.9,NA
"fr_164_chikaedesdunes","fr_164_chikaedesdunes","Chikae Desdunes","Rutgers Scarlet Knights","164","Top-100 recruit","newcomer","none","DME Academy","Fr.",0,56,14.88,17.75,-0.12,0.42,0.31,NA
"5105422","5105422","Fatima Diakhate","Rutgers Scarlet Knights","164","Transfer","stats","id","Pittsburgh Panthers",NA,3,NA,14.51,17.31,1.12,0.76,1.88,NA
"5311601","5311601","Jaylah Lampley","Rutgers Scarlet Knights","164","Transfer","stats","id","Mississippi State Bulldogs",NA,1,NA,13.78,16.45,4.35,1.51,5.85,NA
"5311572","5311572","Mya Pauldo","Rutgers Scarlet Knights","164","Transfer","stats","id","Tennessee Lady Volunteers",NA,1,NA,13.52,16.13,1.35,1.17,2.52,"No. 57 recruit in 2025; pedigree counts 36% (271 college min)"
"5239441","5239441","Lauryn Swann","Rutgers Scarlet Knights","164","Returning","stats","id","Rutgers Scarlet Knights",NA,2,NA,12.16,14.51,-1.09,0.99,-0.1,NA
"5242726","5242726","Hope Masonius","Rutgers Scarlet Knights","164","Transfer","stats","id","Bucknell Bison",NA,2,NA,8.21,9.79,-3.67,0.56,-3.11,NA
"fr_164_natassjakolff","fr_164_natassjakolff","Natassja Kolff","Rutgers Scarlet Knights","164","Newcomer","newcomer","none",NA,"Jr.",0,NA,7.35,8.78,-1.42,-0.07,-1.49,NA
"5311742","5311742","Precious Gem Wheeler","Rutgers Scarlet Knights","164","Returning","stats","id","Rutgers Scarlet Knights",NA,1,NA,5.53,6.6,-3.71,-0.28,-3.99,NA
"5245515","5245515","Deja Young","Rutgers Scarlet Knights","164","Returning","stats","id","Rutgers Scarlet Knights",NA,4,NA,5.11,6.09,-1.74,-0.26,-2.01,NA
"5175731","5175731","Kennedy Brandt","Rutgers Scarlet Knights","164","Returning","stats","id","Rutgers Scarlet Knights",NA,3,NA,3.77,4.5,-3.18,-0.18,-3.36,NA
"5175998","5175998","Natalie Picton","Sacramento State Hornets","16","Returning","stats","id","Sacramento State Hornets",NA,3,NA,28.56,34.08,0.73,0.85,1.58,NA
"5325029","5325029","Jaety Mandaquit","Sacramento State Hornets","16","Returning","stats","id","Sacramento State Hornets",NA,1,NA,20.35,24.29,-2.26,0.59,-1.67,NA
"5177912","5177912","Solangelei Akridge","Sacramento State Hornets","16","Transfer","stats","id","Long Island University Sharks",NA,3,NA,19.62,23.41,-1.12,-1.5,-2.62,NA
"5314935","5314935","Jelena Savic","Sacramento State Hornets","16","Transfer","stats","id","Evansville Purple Aces",NA,1,NA,16.93,20.21,0.03,-0.41,-0.38,NA
"5238278","5238278","Jenessa Cotton","Sacramento State Hornets","16","Transfer","stats","id","Kansas State Wildcats",NA,2,NA,16.21,19.34,-1.42,1.09,-0.33,NA
"5175437","5175437","Elizabeth Abiara","Sacramento State Hornets","16","Returning","stats","id","Sacramento State Hornets",NA,3,NA,15.22,18.17,-1.45,0.47,-0.98,NA
"5314302","5314302","Brooklynn Charlo","Sacramento State Hornets","16","Transfer","stats","id","Memphis Tigers",NA,1,NA,11.22,13.39,-1.65,-0.45,-2.09,NA
"5175799","5175799","Achol Magot","Sacramento State Hornets","16","Transfer","stats","id","Arizona Wildcats",NA,3,NA,11.15,13.31,-0.2,-0.68,-0.88,NA
"5239063","5239063","Pinja Paananen","Sacramento State Hornets","16","Returning","stats","id","Sacramento State Hornets",NA,2,NA,10.87,12.97,-1.75,-1.3,-3.05,NA
"5315665","5315665","Tali Fa'i","Sacramento State Hornets","16","Returning","stats","id","Sacramento State Hornets",NA,3,NA,9.99,11.92,-1.85,0.65,-1.2,NA
"5175752","5175752","Alexis Hess","Sacramento State Hornets","16","Transfer","stats","id","Kansas State Wildcats",NA,1,NA,9.68,11.56,-1.6,-0.92,-2.52,NA
"fr_16_jordanbarlow","fr_16_jordanbarlow","Jordan Barlow","Sacramento State Hornets","16","Newcomer","newcomer","none","South Medford HS","Fr.",0,NA,9.34,11.15,-2.1,-0.07,-2.16,NA
"fr_16_kokoakridge","fr_16_kokoakridge","Koko Akridge","Sacramento State Hornets","16","Newcomer","newcomer","none","Long Island University","R-Jr.",0,NA,8.9,10.63,-2.1,-0.07,-2.16,NA
"5315664","5315664","Ajong Lual","Sacramento State Hornets","16","Returning","stats","id","Sacramento State Hornets",NA,2,NA,6.44,7.68,-1.04,-0.22,-1.26,NA
"5315662","5315662","Jamiah Fontenberry","Sacramento State Hornets","16","Returning","stats","id","Sacramento State Hornets",NA,1,NA,5.52,6.59,-3.23,-0.38,-3.62,NA
"5178254","5178254","Nalyce Dudley","Sacred Heart Pioneers","2529","Returning","stats","id","Sacred Heart Pioneers",NA,3,NA,27.88,33.28,-0.52,-2.01,-2.53,NA
"5178255","5178255","Emma Kirby","Sacred Heart Pioneers","2529","Returning","stats","id","Sacred Heart Pioneers",NA,3,NA,24.49,29.23,1.66,-1.66,0,NA
"5313627","5313627","Sophie Nascimento","Sacred Heart Pioneers","2529","Returning","stats","id","Sacred Heart Pioneers",NA,1,NA,22.8,27.21,-1.93,-0.34,-2.27,NA
"5313630","5313630","Missy Nuku","Sacred Heart Pioneers","2529","Returning","stats","id","Sacred Heart Pioneers",NA,3,NA,19.75,23.57,-2.49,-1.23,-3.72,NA
"5108855","5108855","Oralye Kiefer","Sacred Heart Pioneers","2529","Transfer","stats","id","Merrimack Warriors",NA,4,NA,16.06,19.16,-1.1,-0.8,-1.9,NA
"5174380","5174380","Katie Ledden","Sacred Heart Pioneers","2529","Transfer","stats","id","New Hampshire Wildcats",NA,3,NA,13.9,16.59,-2.16,-0.43,-2.58,NA
"5311594","5311594","Angelina Hodgens","Sacred Heart Pioneers","2529","Transfer","stats","id","Northwestern Wildcats",NA,1,NA,11.55,13.78,-1.71,-0.36,-2.07,NA
"5313632","5313632","Jordanna Schrecker","Sacred Heart Pioneers","2529","Returning","stats","id","Sacred Heart Pioneers",NA,1,NA,11.52,13.74,-3,-1.42,-4.41,NA
"fr_2529_alexialauzon","fr_2529_alexialauzon","Alexia Lauzon","Sacred Heart Pioneers","2529","Newcomer","newcomer","none","Capital Courts","Fr.",0,NA,10.71,12.78,-2.66,-1.18,-3.84,NA
"fr_2529_mercedesartaiz","fr_2529_mercedesartaiz","Mercedes Artaiz","Sacred Heart Pioneers","2529","Newcomer","newcomer","none","Mercy","So.",0,NA,10.12,12.07,-2.66,-1.18,-3.84,NA
"fr_2529_selahprignano","fr_2529_selahprignano","Selah Prignano","Sacred Heart Pioneers","2529","Newcomer","newcomer","none","Wilbraham & Monson Academy","Fr.",0,NA,9.69,11.56,-2.66,-1.18,-3.84,NA
"fr_2529_taiamcmechan","fr_2529_taiamcmechan","Taia McMechan","Sacred Heart Pioneers","2529","Newcomer","newcomer","none","Rowville Secondary College","Fr.",0,NA,9.22,11,-2.66,-1.18,-3.84,NA
"5313631","5313631","Kristen Phelan","Sacred Heart Pioneers","2529","Returning","stats","id","Sacred Heart Pioneers",NA,1,NA,6.73,8.03,-2.58,-1.29,-3.87,NA
"5178252","5178252","Montana Nicks","Sacred Heart Pioneers","2529","Returning","stats","id","Sacred Heart Pioneers",NA,3,NA,5.59,6.68,-3.03,-1.24,-4.28,NA
"fr_2598_annadefazio","fr_2598_annadefazio","Anna DeFazio","Saint Francis Red Flash","2598","Newcomer","newcomer","none","Norwin","Sr.",0,NA,25.53,30.46,-3.74,-2.57,-6.31,NA
"fr_2598_demimarshall","fr_2598_demimarshall","Demi Marshall","Saint Francis Red Flash","2598","Newcomer","newcomer","none","Dunbar High School","Fr.",0,NA,23.1,27.57,-3.74,-2.57,-6.31,NA
"fr_2598_isabellagarnek","fr_2598_isabellagarnek","Isabella Garnek","Saint Francis Red Flash","2598","Newcomer","newcomer","none","Mapletown","R-Fr.",0,NA,21.22,25.33,-3.74,-2.57,-6.31,NA
"fr_2598_isabelleandersen","fr_2598_isabelleandersen","Isabelle Andersen","Saint Francis Red Flash","2598","Newcomer","newcomer","none","Penn Cambria","Jr.",0,NA,19.12,22.82,-3.74,-2.57,-6.31,NA
"fr_2598_mackenziekinter","fr_2598_mackenziekinter","Mackenzie Kinter","Saint Francis Red Flash","2598","Newcomer","newcomer","none","Blacklick Valley","Fr.",0,NA,18.91,22.56,-3.74,-2.57,-6.31,NA
"fr_2598_madelynlieb","fr_2598_madelynlieb","Madelyn Lieb","Saint Francis Red Flash","2598","Newcomer","newcomer","none","Bishop Carroll","So.",0,NA,17.15,20.47,-3.74,-2.57,-6.31,NA
"fr_2598_kyravinglish","fr_2598_kyravinglish","Kyra Vinglish","Saint Francis Red Flash","2598","Newcomer","newcomer","none","Penn Cambria","Jr.",0,NA,17.08,20.38,-3.74,-2.57,-6.31,NA
"fr_2598_madisonpeterson","fr_2598_madisonpeterson","Madison Peterson","Saint Francis Red Flash","2598","Newcomer","newcomer","none","Glendale Sr. High School","So.",0,NA,15.65,18.68,-3.74,-2.57,-6.31,NA
"fr_2598_meredithartz","fr_2598_meredithartz","Meredith Artz","Saint Francis Red Flash","2598","Newcomer","newcomer","none","Monroe Township","So.",0,NA,14.75,17.6,-3.74,-2.57,-6.31,NA
"fr_2598_nefertitiokojie","fr_2598_nefertitiokojie","Nefertiti Okojie","Saint Francis Red Flash","2598","Newcomer","newcomer","none","Marlboro","Fr.",0,NA,14.1,16.83,-3.74,-2.57,-6.31,NA
"fr_2598_teddibeck","fr_2598_teddibeck","Teddi Beck","Saint Francis Red Flash","2598","Newcomer","newcomer","none","Penn Cambria","Jr.",0,NA,13.39,15.98,-3.74,-2.57,-6.31,NA
"5174388","5174388","Gabby Casey","Saint Joseph's Hawks","2603","Returning","stats","id","Saint Joseph's Hawks",NA,3,NA,27.11,32.35,6.41,2.01,8.42,NA
"5174386","5174386","Aleah Snead","Saint Joseph's Hawks","2603","Returning","stats","id","Saint Joseph's Hawks",NA,3,NA,24.62,29.38,3.56,1.43,4.99,NA
"5197208","5197208","Jill Jekot","Saint Joseph's Hawks","2603","Returning","stats","id","Saint Joseph's Hawks",NA,2,NA,21.97,26.22,0.8,1.16,1.96,NA
"5245560","5245560","Rhian Stokes","Saint Joseph's Hawks","2603","Returning","stats","id","Saint Joseph's Hawks",NA,2,NA,20.19,24.1,2.06,0.96,3.03,NA
"5174508","5174508","Deja Evans","Saint Joseph's Hawks","2603","Transfer","stats","id","Drexel Dragons",NA,3,NA,16.03,19.13,1.78,1.1,2.88,NA
"5315275","5315275","Emily Knouse","Saint Joseph's Hawks","2603","Returning","stats","id","Saint Joseph's Hawks",NA,1,NA,13.03,15.56,1.94,0.57,2.51,NA
"5194083","5194083","Madeline Potts","Saint Joseph's Hawks","2603","Transfer","stats","id","Syracuse Orange",NA,2,NA,12.97,15.48,2.19,0.9,3.1,NA
"5242710","5242710","Cecilia Kay","Saint Joseph's Hawks","2603","Returning","stats","id","Saint Joseph's Hawks",NA,2,NA,11.61,13.86,-0.82,0.47,-0.35,NA
"5315273","5315273","Kaylinn Bethea","Saint Joseph's Hawks","2603","Returning","stats","id","Saint Joseph's Hawks",NA,1,NA,10.73,12.8,0.89,0.32,1.21,NA
"5315274","5315274","Rian Dotsey","Saint Joseph's Hawks","2603","Newcomer","stats","none","Saint Joseph's Hawks",NA,1,NA,8.7,10.38,-0.27,0.37,0.1,NA
"fr_2603_addyplatt","fr_2603_addyplatt","Addy Platt","Saint Joseph's Hawks","2603","Newcomer","newcomer","none","Gill St. Bernard's School","Fr.",0,NA,8.3,9.91,-0.27,0.37,0.1,NA
"fr_2603_jahzaragreen","fr_2603_jahzaragreen","Jahzara Green","Saint Joseph's Hawks","2603","Newcomer","newcomer","none","Gloucester Catholic","Fr.",0,NA,8.01,9.57,-0.27,0.37,0.1,NA
"fr_2603_ebbajagre","fr_2603_ebbajagre","Ebba Jägre","Saint Joseph's Hawks","2603","International (FIBA)","newcomer","none","Luleå Gymnasieskola","Fr.",0,NA,7.36,8.79,-1.15,0.32,-0.83,NA
"5315272","5315272","Olivia Lutterodt","Saint Joseph's Hawks","2603","Returning","stats","id","Saint Joseph's Hawks",NA,1,NA,5.16,6.16,-0.06,-0.38,-0.43,NA
"5245557","5245557","Lauren Greer","Saint Joseph's Hawks","2603","Returning","stats","id","Saint Joseph's Hawks",NA,2,NA,4.2,5.02,-0.17,-0.29,-0.46,NA
"5315283","5315283","Alyssa Koerkenmeier","Saint Louis Billikens","139","Returning","stats","id","Saint Louis Billikens",NA,1,NA,29.86,35.64,2.3,1.24,3.54,NA
"5315280","5315280","Jahda Denis","Saint Louis Billikens","139","Returning","stats","id","Saint Louis Billikens",NA,1,NA,27.08,32.31,0.05,0.1,0.15,NA
"5174927","5174927","Tyonna Bailey","Saint Louis Billikens","139","Transfer","stats","id","Charleston Southern Buccaneers",NA,3,NA,19.45,23.21,1.86,-0.47,1.39,NA
"5242221","5242221","D'Myjah Bolds","Saint Louis Billikens","139","Transfer","stats","id","Western Michigan Broncos",NA,2,NA,18.73,22.36,-0.12,1.04,0.92,NA
"5240400","5240400","Mia Bergstrom","Saint Louis Billikens","139","Returning","stats","id","Saint Louis Billikens",NA,2,NA,16.7,19.93,-1.85,-0.42,-2.27,NA
"5178573","5178573","Jada Tiggett","Saint Louis Billikens","139","Returning","stats","id","Saint Louis Billikens",NA,3,NA,14.92,17.81,-1.73,0.9,-0.83,NA
"5314953","5314953","Gabby Spink","Saint Louis Billikens","139","Transfer","stats","id","Murray State Racers",NA,1,NA,13.69,16.33,-1.35,-0.64,-2,NA
"5315282","5315282","Jasaiyah Wallace","Saint Louis Billikens","139","Returning","stats","id","Saint Louis Billikens",NA,1,NA,13.52,16.14,-0.78,-0.07,-0.84,NA
"fr_139_evelynshane","fr_139_evelynshane","Evelyn Shane","Saint Louis Billikens","139","Newcomer","newcomer","none","Ursuline Academy","Fr.",0,NA,12.4,14.79,-2.14,-0.22,-2.36,NA
"fr_139_jameelajames","fr_139_jameelajames","Jameela James","Saint Louis Billikens","139","Newcomer","newcomer","none","St. Mary's Ryken High School","Fr.",0,NA,11.72,13.99,-2.14,-0.22,-2.36,NA
"fr_139_naomiikpotokin","fr_139_naomiikpotokin","Naomi Ikpotokin","Saint Louis Billikens","139","Newcomer","newcomer","none","Capital Courts Academy (Canada)","Fr.",0,NA,11.24,13.41,-2.14,-0.22,-2.36,NA
"fr_139_peytonolufson","fr_139_peytonolufson","Peyton Olufson","Saint Louis Billikens","139","Newcomer","newcomer","none","Incarnate Word Academy","Fr.",0,NA,10.7,12.78,-2.14,-0.22,-2.36,NA
"5240810","5240810","Addi Wedin","Saint Mary's Gaels","2608","Returning","stats","id","Saint Mary's Gaels",NA,3,NA,25.82,30.82,1.83,0.08,1.91,NA
"5108736","5108736","Abigail Shoff","Saint Mary's Gaels","2608","Returning","stats","id","Saint Mary's Gaels",NA,3,NA,23.26,27.76,0.8,-0.31,0.5,NA
"5175071","5175071","Emily Foy","Saint Mary's Gaels","2608","Returning","stats","id","Saint Mary's Gaels",NA,3,NA,19.77,23.6,0.84,-0.14,0.7,NA
"5315492","5315492","Lihi Azouri","Saint Mary's Gaels","2608","Transfer","stats","id","SE Louisiana Lady Lions",NA,1,NA,17.32,20.67,-0.27,-1.85,-2.12,NA
"5175039","5175039","Charlece Ohiaeri","Saint Mary's Gaels","2608","Returning","stats","id","Saint Mary's Gaels",NA,3,NA,15.29,18.25,-0.04,0.94,0.9,NA
"5177939","5177939","Ella Wedin","Saint Mary's Gaels","2608","Returning","stats","id","Saint Mary's Gaels",NA,2,NA,13.35,15.94,-1.37,-0.38,-1.76,NA
"fr_2608_agatawlaz","fr_2608_agatawlaz","Agata Wlaz","Saint Mary's Gaels","2608","Newcomer","newcomer","none",NA,"Fr.",0,NA,11.81,14.1,-1.7,0.05,-1.65,NA
"fr_2608_audreybhesania","fr_2608_audreybhesania","Audrey Bhesania","Saint Mary's Gaels","2608","Newcomer","newcomer","none","Sandra Day O'Connor HS","Fr.",0,NA,10.85,12.94,-1.7,0.05,-1.65,NA
"4900397","4900397","Niveya Henley","Saint Mary's Gaels","2608","Transfer","stats","id","Idaho Vandals",NA,4,NA,10.55,12.59,-1.17,-0.26,-1.43,NA
"fr_2608_aveodegard","fr_2608_aveodegard","Ave Odegard","Saint Mary's Gaels","2608","Newcomer","newcomer","none","Gallatin HS","Fr.",0,NA,10.26,12.25,-1.7,0.05,-1.65,NA
"fr_2608_evelyntounkara","fr_2608_evelyntounkara","Evelyn Tounkara","Saint Mary's Gaels","2608","Newcomer","newcomer","none","Capital Courts Academy","Fr.",0,NA,9.84,11.74,-1.7,0.05,-1.65,NA
"fr_2608_ireneandreou","fr_2608_ireneandreou","Irene Andreou","Saint Mary's Gaels","2608","Newcomer","newcomer","none",NA,"Fr.",0,NA,9.38,11.19,-1.7,0.05,-1.65,NA
"fr_2608_lucyaherne","fr_2608_lucyaherne","Lucy Aherne","Saint Mary's Gaels","2608","Newcomer","newcomer","none",NA,"Fr.",0,NA,9.05,10.8,-1.7,0.05,-1.65,NA
"fr_2608_ninaklep","fr_2608_ninaklep","Nina Klep","Saint Mary's Gaels","2608","Newcomer","newcomer","none","Gimnazija Poljane Ljubljana","Fr.",0,NA,8.44,10.07,-1.7,0.05,-1.65,NA
"5314965","5314965","Coco Urlacher","Saint Mary's Gaels","2608","Returning","stats","id","Saint Mary's Gaels",NA,1,NA,5,5.97,-1.73,-0.65,-2.37,NA
"5109403","5109403","Nikola Zdenkova","Saint Peter's Peacocks","2612","Returning","stats","id","Saint Peter's Peacocks",NA,3,NA,27.17,32.43,-3.32,-4.11,-7.43,NA
"5178581","5178581","Carys Roy","Saint Peter's Peacocks","2612","Returning","stats","id","Saint Peter's Peacocks",NA,3,NA,23.43,27.97,-1.17,-1.37,-2.54,NA
"5178136","5178136","Eszter Turi","Saint Peter's Peacocks","2612","Returning","stats","id","Saint Peter's Peacocks",NA,3,NA,19.18,22.89,-2.08,-0.67,-2.75,NA
"5242527","5242527","Ineivi Plata","Saint Peter's Peacocks","2612","Transfer","stats","id","Florida Atlantic Owls",NA,2,NA,17.21,20.54,-4,-1.48,-5.48,NA
"5174778","5174778","Jada Mills","Saint Peter's Peacocks","2612","Returning","stats","id","Saint Peter's Peacocks",NA,3,NA,13.52,16.14,-3.11,-0.99,-4.1,NA
"fr_2612_alexandrawilson","fr_2612_alexandrawilson","Alexandra Wilson","Saint Peter's Peacocks","2612","Newcomer","newcomer","none","Chantilly HS","Fr.",0,NA,13.07,15.6,-3.69,-1.73,-5.42,NA
"fr_2612_lamariaestridge","fr_2612_lamariaestridge","Lamaria Estridge","Saint Peter's Peacocks","2612","Newcomer","newcomer","none","St. Andrew's Episcopal","Jr.",0,NA,11.88,14.17,-3.69,-1.73,-5.42,NA
"fr_2612_laylachristopher","fr_2612_laylachristopher","Layla Christopher","Saint Peter's Peacocks","2612","Newcomer","newcomer","none","Orangeville District","Fr.",0,NA,10.85,12.95,-3.69,-1.73,-5.42,NA
"5312021","5312021","Ebere Egbirika","Saint Peter's Peacocks","2612","Transfer","stats","id","Stony Brook Seawolves",NA,3,NA,10.75,12.83,-2.77,-1.45,-4.22,NA
"5315741","5315741","Bree Riley","Saint Peter's Peacocks","2612","Transfer","stats","id","Abilene Christian Wildcats",NA,1,NA,10.52,12.55,-2.49,-0.81,-3.3,NA
"fr_2612_soreyayilmaz","fr_2612_soreyayilmaz","Soreya Yilmaz","Saint Peter's Peacocks","2612","Newcomer","newcomer","none","St. Paul Catholic HS","Fr.",0,NA,10.23,12.21,-3.69,-1.73,-5.42,NA
"5313616","5313616","Aniyah Neal","Saint Peter's Peacocks","2612","Transfer","stats","id","Quinnipiac Bobcats",NA,1,NA,9.81,11.71,-2.84,-1.18,-4.03,NA
"fr_2612_sophiestaunton","fr_2612_sophiestaunton","Sophie Staunton","Saint Peter's Peacocks","2612","International (FIBA)","newcomer","none","St. Finians CC","Fr.",0,NA,9.45,11.28,-5.23,-2.26,-7.5,NA
"5313728","5313728","Sierra Patricio","Saint Peter's Peacocks","2612","Returning","stats","id","Saint Peter's Peacocks",NA,1,NA,6.94,8.28,-2.46,-1,-3.45,NA
"5178580","5178580","Emily O'Connell","Saint Peter's Peacocks","2612","Returning","stats","id","Saint Peter's Peacocks",NA,3,NA,5.98,7.14,-4.77,-2.04,-6.81,"Missed 2025-26; 2024-25: 5.0 mpg, 1.1 ppg"
"5108133","5108133","Deborah Ogayemi","Sam Houston Bearkats","2534","Returning","stats","id","Sam Houston Bearkats",NA,4,NA,30.69,36.62,2.43,0.83,3.25,NA
"5175549","5175549","Maci Quiller","Sam Houston Bearkats","2534","Transfer","stats","id","Texas Southern Tigers",NA,3,NA,19.76,23.58,-3.39,-1.02,-4.41,NA
"5241794","5241794","Mar'Cyah Willis","Sam Houston Bearkats","2534","Transfer","stats","id","Tarleton State Texans",NA,2,NA,18.59,22.18,-2.14,-0.24,-2.37,NA
"5243448","5243448","Kylah McCullers","Sam Houston Bearkats","2534","Transfer","stats","id","Mississippi Valley State Devilettes",NA,3,NA,17.31,20.66,-2.9,-1.97,-4.88,NA
"5240398","5240398","Hannah Wallace","Sam Houston Bearkats","2534","Transfer","stats","id","Saint Louis Billikens",NA,2,NA,16.84,20.09,-2.83,0.61,-2.22,NA
"5178135","5178135","Esther Rodellar","Sam Houston Bearkats","2534","Returning","stats","id","Sam Houston Bearkats",NA,3,NA,14.58,17.41,-3.52,0.54,-2.98,NA
"5313313","5313313","Ruke Ogbevire","Sam Houston Bearkats","2534","Transfer","stats","id","Pennsylvania Quakers",NA,1,NA,12.57,15,0.46,-0.54,-0.08,NA
"fr_2534_amyahall","fr_2534_amyahall","Amya Hall","Sam Houston Bearkats","2534","Newcomer","newcomer","none","Summer Creek HS","Fr.",0,NA,12.23,14.59,-2.04,0.48,-1.56,NA
"5241948","5241948","Laila Harrison","Sam Houston Bearkats","2534","Transfer","stats","id","Bowling Green Falcons",NA,2,NA,12.22,14.58,-0.96,-0.03,-1,NA
"5317674","5317674","Alani Owens","Sam Houston Bearkats","2534","Transfer (non-D1)","stats","none","Montevallo Falcons",NA,2,NA,11.97,14.29,-2.86,-0.36,-3.23,"Valued at the D2/NAIA level (assumed)"
"fr_2534_lanaijhajohnson","fr_2534_lanaijhajohnson","Lanaijha Johnson","Sam Houston Bearkats","2534","Newcomer","newcomer","none","Center HS/McLennan CC/Angelina College","Jr.",0,NA,11.57,13.81,-2.04,0.48,-1.56,NA
"fr_2534_leannapabst","fr_2534_leannapabst","Leanna Pabst","Sam Houston Bearkats","2534","Newcomer","newcomer","none","West Port HS/Tallahassee State/St. Petersburg","Jr.",0,NA,11.1,13.24,-2.04,0.48,-1.56,NA
"fr_2534_taylorspencer","fr_2534_taylorspencer","Taylor Spencer","Sam Houston Bearkats","2534","Newcomer","newcomer","none","Cleveland HS/Blinn College","Jr.",0,NA,10.58,12.62,-2.04,0.48,-1.56,NA
"5240565","5240565","Briana Rivera","Samford Bulldogs","2535","Returning","stats","id","Samford Bulldogs",NA,2,NA,30.03,35.84,2.8,-2.72,0.08,NA
"5315616","5315616","Francie Morris","Samford Bulldogs","2535","Returning","stats","id","Samford Bulldogs",NA,1,NA,26.25,31.33,2.45,-1.32,1.13,NA
"5315614","5315614","Kaylee Yarbrough","Samford Bulldogs","2535","Returning","stats","id","Samford Bulldogs",NA,1,NA,23.66,28.24,3.75,-1.88,1.86,NA
"5315617","5315617","Carla Baguda","Samford Bulldogs","2535","Returning","stats","id","Samford Bulldogs",NA,1,NA,19.08,22.78,-1.63,-0.76,-2.39,NA
"5263600","5263600","Martha Bishop","Samford Bulldogs","2535","Returning","stats","id","Samford Bulldogs",NA,3,NA,16.55,19.75,-1.26,0.25,-1,NA
"5315613","5315613","Avary Brewer","Samford Bulldogs","2535","Returning","stats","id","Samford Bulldogs",NA,1,NA,15.22,18.16,-2.53,-1.46,-3.99,NA
"fr_2535_baileyhape","fr_2535_baileyhape","Bailey Hape","Samford Bulldogs","2535","Newcomer","newcomer","none","F.J. Reitz HS","Fr.",0,NA,13.73,16.39,-1.92,-1.74,-3.66,NA
"fr_2535_kaytemadisonbjornstad","fr_2535_kaytemadisonbjornstad","Kayte-Madison Bjornstad","Samford Bulldogs","2535","Newcomer","newcomer","none","Providence Christian Academy","Fr.",0,NA,12.58,15.01,-1.92,-1.74,-3.66,NA
"fr_2535_makaylaroberson","fr_2535_makaylaroberson","Makayla Roberson","Samford Bulldogs","2535","Newcomer","newcomer","none","River Ridge HS","Fr.",0,NA,11.88,14.18,-1.92,-1.74,-3.66,NA
"fr_2535_nataliebarnes","fr_2535_nataliebarnes","Natalie Barnes","Samford Bulldogs","2535","Newcomer","newcomer","none","Coffee County Central HS","Fr.",0,NA,11.38,13.58,-1.92,-1.74,-3.66,NA
"fr_2535_paisleybinswanger","fr_2535_paisleybinswanger","Paisley Binswanger","Samford Bulldogs","2535","Newcomer","newcomer","none","Sarasota HS","Fr.",0,NA,10.83,12.92,-1.92,-1.74,-3.66,NA
"5241132","5241132","Sydney Martin","Samford Bulldogs","2535","Returning","stats","id","Samford Bulldogs",NA,1,NA,8.81,10.51,-1.95,-0.92,-2.87,NA
"5242473","5242473","Naomi Panganiban","San Diego State Aztecs","21","Returning","stats","id","San Diego State Aztecs",NA,2,NA,27.05,32.29,6.28,-0.25,6.03,NA
"5242472","5242472","Nat Martinez","San Diego State Aztecs","21","Returning","stats","id","San Diego State Aztecs",NA,2,NA,24.5,29.24,3.16,0.39,3.55,NA
"5109755","5109755","Kennedy Lee","San Diego State Aztecs","21","Returning","stats","id","San Diego State Aztecs",NA,4,NA,21.99,26.24,3.12,1,4.11,NA
"5174382","5174382","Eva DeChent","San Diego State Aztecs","21","Transfer","stats","id","New Hampshire Wildcats",NA,3,NA,17.37,20.73,3.5,0.94,4.44,NA
"5242471","5242471","Bailey Barnhard","San Diego State Aztecs","21","Returning","stats","id","San Diego State Aztecs",NA,2,NA,16.06,19.16,2.81,0.97,3.78,NA
"5240735","5240735","Alayna Kraus","San Diego State Aztecs","21","Transfer","stats","id","Southern Illinois Salukis",NA,2,NA,15.17,18.11,2.21,-1.21,1,NA
"5242466","5242466","Nayli Padilla","San Diego State Aztecs","21","Transfer","stats","id","New Mexico Lobos",NA,2,NA,14.23,16.98,0.95,1,1.95,NA
"5177271","5177271","Alyssa Jackson","San Diego State Aztecs","21","Returning","stats","id","San Diego State Aztecs",NA,2,NA,12.4,14.8,-0.69,2.04,1.35,NA
"5177242","5177242","Maria Konstantinidou","San Diego State Aztecs","21","Returning","stats","id","San Diego State Aztecs",NA,3,NA,10.46,12.48,-1.81,0.07,-1.74,NA
"fr_21_dionnemadjo","fr_21_dionnemadjo","Dionne Madjo","San Diego State Aztecs","21","International (FIBA)","newcomer","none","Lycée Gaspard Monge (France)","Fr.",0,NA,9.59,11.44,-0.22,0.67,0.45,NA
"fr_21_izzynavarro","fr_21_izzynavarro","Izzy Navarro","San Diego State Aztecs","21","Newcomer","newcomer","none","Point Loma","Sr.",0,NA,9.14,10.91,0.08,0.29,0.36,NA
"fr_21_maireadhearty","fr_21_maireadhearty","Mairead Hearty","San Diego State Aztecs","21","Newcomer","newcomer","none","Denver East HS","Fr.",0,NA,8.82,10.53,0.08,0.29,0.36,NA
"fr_21_mayenabasiakpan","fr_21_mayenabasiakpan","Mayenabasi Akpan","San Diego State Aztecs","21","Newcomer","newcomer","none","South Medford HS","Fr.",0,NA,8.25,9.84,0.08,0.29,0.36,NA
"5183079","5183079","Ellie Chen","San Diego State Aztecs","21","Returning","stats","id","San Diego State Aztecs",NA,3,NA,4.97,5.93,-1.63,-0.62,-2.25,NA
"5239481","5239481","Kylie Ray","San Diego Toreros","301","Returning","stats","id","San Diego Toreros",NA,2,NA,27.57,32.9,-0.74,0.79,0.05,NA
"5314937","5314937","Olivia Owens","San Diego Toreros","301","Returning","stats","id","San Diego Toreros",NA,1,NA,25.36,30.26,-0.97,0.65,-0.32,NA
"5240814","5240814","Lilly Amor","San Diego Toreros","301","Returning","stats","id","San Diego Toreros",NA,2,NA,21,25.06,-4.29,-1.22,-5.51,NA
"5240816","5240816","Eva Ruse","San Diego Toreros","301","Returning","stats","id","San Diego Toreros",NA,2,NA,17.32,20.67,1.6,0.13,1.72,NA
"5174301","5174301","Lauren McCall","San Diego Toreros","301","Returning","stats","id","San Diego Toreros",NA,3,NA,14.64,17.48,-3.75,-0.81,-4.57,"Missed 2025-26; 2024-25: 22.6 mpg, 6.3 ppg"
"5178457","5178457","Kiera Pemberton","San Diego Toreros","301","Transfer","stats","id","Baylor Bears",NA,3,NA,14.12,16.85,0.96,-0.1,0.86,NA
"5314936","5314936","Ayla Williams","San Diego Toreros","301","Returning","stats","id","San Diego Toreros",NA,1,NA,13.55,16.17,-0.4,0.59,0.2,NA
"5124668","5124668","Sammie Wagner","San Diego Toreros","301","Transfer","stats","id","Oregon Ducks",NA,3,NA,12.76,15.22,-1.72,-0.67,-2.39,NA
"5314934","5314934","Jessica Ajayi","San Diego Toreros","301","Returning","stats","id","San Diego Toreros",NA,1,NA,12.03,14.36,-2.56,-0.54,-3.1,NA
"5312685","5312685","Braelynn Barnett","San Diego Toreros","301","Transfer","stats","id","Georgetown Hoyas",NA,1,NA,11.89,14.19,-0.42,-0.56,-0.98,NA
"5314931","5314931","Ryanne Bahnsen-Price","San Diego Toreros","301","Newcomer","stats","none","San Diego Toreros",NA,1,NA,10.52,12.56,-2.68,-0.54,-3.22,NA
"fr_301_katedanner","fr_301_katedanner","Kate Danner","San Diego Toreros","301","Newcomer","newcomer","none","Highland Park","Fr.",0,NA,9.94,11.87,-2.68,-0.54,-3.22,NA
"fr_301_rosalieesser","fr_301_rosalieesser","Rosalie Esser","San Diego Toreros","301","International (FIBA)","newcomer","none",NA,"Fr.",0,NA,9.3,11.1,-3.88,-0.81,-4.69,NA
"5241784","5241784","Candy Edokpaigbe","San Francisco Dons","2539","Returning","stats","id","San Francisco Dons",NA,2,NA,29.37,35.05,6.83,0.16,7,NA
"5314915","5314915","Aina Cargol","San Francisco Dons","2539","Returning","stats","id","San Francisco Dons",NA,1,NA,25.9,30.91,-0.38,0.45,0.07,NA
"5314917","5314917","Natasa Tausova","San Francisco Dons","2539","Returning","stats","id","San Francisco Dons",NA,1,NA,22.13,26.41,-1.19,0.42,-0.77,NA
"5314913","5314913","Noelia Mourino","San Francisco Dons","2539","Returning","stats","id","San Francisco Dons",NA,1,NA,19.82,23.65,-0.49,0.95,0.46,NA
"5178181","5178181","Keiryn McGuff","San Francisco Dons","2539","Transfer","stats","id","Akron Zips",NA,3,NA,15.38,18.35,0.14,-0.95,-0.81,NA
"5174314","5174314","Paula Tirado","San Francisco Dons","2539","Returning","stats","id","San Francisco Dons",NA,2,NA,14.59,17.41,0.28,0.42,0.7,NA
"5107990","5107990","Lucia Yenes","San Francisco Dons","2539","Transfer","stats","id","New Mexico State Aggies",NA,4,NA,13.69,16.34,-0.58,0.1,-0.47,NA
"5312407","5312407","Jayda Queeley","San Francisco Dons","2539","Transfer","stats","id","Pittsburgh Panthers",NA,1,NA,11.83,14.12,-2.09,-0.69,-2.78,NA
"fr_2539_mariaburliga","fr_2539_mariaburliga","Maria Burliga","San Francisco Dons","2539","International (FIBA)","newcomer","none","MB Zaglebie Sosnowiec","Fr.",0,NA,10.4,12.42,-1.83,0.6,-1.23,NA
"fr_2539_emiliebeggs","fr_2539_emiliebeggs","Emilie Beggs","San Francisco Dons","2539","Newcomer","newcomer","none","St. Hilda's Anglican School For Girls","Fr.",0,NA,9.95,11.87,-1.6,0.16,-1.44,NA
"fr_2539_inesbabaya","fr_2539_inesbabaya","Ines Babaya","San Francisco Dons","2539","Newcomer","newcomer","none","Salt Lake City Community College","Jr.",0,NA,9.48,11.32,-1.6,0.16,-1.44,NA
"fr_2539_savimi","fr_2539_savimi","Savi Mi","San Francisco Dons","2539","Newcomer","newcomer","none","Dodge City Community College","Jr.",0,NA,9.15,10.92,-1.6,0.16,-1.44,NA
"fr_2539_belizeibanezmenguc","fr_2539_belizeibanezmenguc","Belize Ibáñez Mengüç","San Francisco Dons","2539","International (FIBA)","newcomer","none","Rig Luleå","Fr.",0,NA,8.31,9.92,-2.75,-0.08,-2.84,NA
"5242475","5242475","Rylei Waugh","San José State Spartans","23","Returning","stats","id","San José State Spartans",NA,3,NA,27.21,32.48,-0.87,-0.99,-1.86,NA
"5315187","5315187","Carla Fuster","San José State Spartans","23","Returning","stats","id","San José State Spartans",NA,1,NA,19.69,23.5,-2.11,-2.06,-4.17,NA
"5241786","5241786","Sydnie Rodriguez","San José State Spartans","23","Transfer","stats","id","Seattle U Redhawks",NA,2,NA,19.11,22.8,-3.3,-0.89,-4.19,NA
"5315189","5315189","Gabriela Pato","San José State Spartans","23","Returning","stats","id","San José State Spartans",NA,1,NA,18.13,21.64,-0.07,-0.91,-0.99,NA
"5241967","5241967","Kayla Lorenz","San José State Spartans","23","Transfer","stats","id","UT Rio Grande Valley Vaqueros",NA,2,NA,16.72,19.96,0.87,-1.24,-0.38,NA
"5177941","5177941","Amelie Sitterud","San José State Spartans","23","Returning","stats","id","San José State Spartans",NA,3,NA,13.68,16.33,-4.51,-0.97,-5.48,NA
"fr_23_alyssarudd","fr_23_alyssarudd","Alyssa Rudd","San José State Spartans","23","Newcomer","newcomer","none","San Ramon Valley HS","Fr.",0,NA,12.1,14.44,-3.1,-1.29,-4.4,NA
"5313649","5313649","Isa Hämäläinen","San José State Spartans","23","Transfer","stats","id","Colorado Buffaloes",NA,1,NA,12.1,14.44,-2.46,-1.03,-3.49,NA
"5174252","5174252","Cristina Sanchez Cerqueira","San José State Spartans","23","Transfer","stats","id","Arkansas Razorbacks",NA,3,NA,11.53,13.76,-3.06,-0.35,-3.41,NA
"fr_23_maleynitolliver","fr_23_maleynitolliver","Maleyni Tolliver","San José State Spartans","23","Newcomer","newcomer","none","Moorpark College","Jr.",0,NA,11.07,13.21,-3.1,-1.29,-4.4,NA
"fr_23_natalijagrizelj","fr_23_natalijagrizelj","Natalija Grizelj","San José State Spartans","23","Newcomer","newcomer","none","San Diego State","Gr.",0,NA,10.45,12.47,-3.1,-1.29,-4.4,NA
"fr_23_tamarbargal","fr_23_tamarbargal","Tamar Bargal","San José State Spartans","23","Newcomer","newcomer","none","Elitzur Ramla","Sr.",0,NA,10,11.94,-3.1,-1.29,-4.4,NA
"fr_23_erikamace","fr_23_erikamace","Erika Mace","San José State Spartans","23","International (FIBA)","newcomer","none",NA,"Fr.",0,NA,9.34,11.15,-4.05,-1.39,-5.44,NA
"fr_23_eveblagrove","fr_23_eveblagrove","Eve Blagrove","San José State Spartans","23","International (FIBA)","newcomer","none","Binnenland Barendecht","Fr.",0,NA,8.86,10.57,-4.5,-1.72,-6.22,NA
"5175072","5175072","Maia Jones","Santa Clara Broncos","2541","Returning","stats","id","Santa Clara Broncos",NA,3,NA,25.54,30.49,6.52,0.78,7.3,NA
"5177870","5177870","Ava Schmidt","Santa Clara Broncos","2541","Returning","stats","id","Santa Clara Broncos",NA,3,NA,23.27,27.77,2.3,0.93,3.23,NA
"5177244","5177244","Kylee Fox","Santa Clara Broncos","2541","Returning","stats","id","Santa Clara Broncos",NA,3,NA,21.71,25.91,0.59,-0.9,-0.31,NA
"5107712","5107712","Sophie Glancey","Santa Clara Broncos","2541","Returning","stats","id","Santa Clara Broncos",NA,4,NA,20.48,24.44,7.66,1.05,8.71,NA
"5242227","5242227","Aniya Hooker","Santa Clara Broncos","2541","Returning","stats","id","Santa Clara Broncos",NA,2,NA,17.99,21.47,-0.17,-0.2,-0.38,NA
"5314910","5314910","Delainey Miller","Santa Clara Broncos","2541","Returning","stats","id","Santa Clara Broncos",NA,1,NA,14.49,17.29,2.59,1.52,4.12,NA
"5242467","5242467","Joana Magalhaes","Santa Clara Broncos","2541","Transfer","stats","id","New Mexico Lobos",NA,2,NA,13.09,15.63,0.06,0.62,0.68,NA
"5312959","5312959","Emma Najjuma","Santa Clara Broncos","2541","Transfer","stats","id","New Mexico Lobos",NA,2,NA,11.98,14.3,2.05,1.08,3.14,NA
"5314911","5314911","Tyler Gildersleeve-Stiles","Santa Clara Broncos","2541","Returning","stats","id","Santa Clara Broncos",NA,1,NA,10.97,13.09,-0.36,0.35,-0.02,NA
"5314906","5314906","Kate Schat","Santa Clara Broncos","2541","Returning","stats","id","Santa Clara Broncos",NA,1,NA,9.02,10.77,0.31,-0.46,-0.15,NA
"5177867","5177867","Reilly Clark","Santa Clara Broncos","2541","Newcomer","stats","id","Santa Clara Broncos",NA,2,NA,8.49,10.14,0.23,-0.08,0.15,NA
"5314908","5314908","Sara Schmerbach","Santa Clara Broncos","2541","Newcomer","stats","none","Santa Clara Broncos",NA,1,NA,8.2,9.79,0.23,-0.08,0.15,NA
"fr_2541_brookeblachly","fr_2541_brookeblachly","Brooke Blachly","Santa Clara Broncos","2541","Newcomer","newcomer","none","Archbishop Murphy HS","Fr.",0,NA,7.66,9.15,0.23,-0.08,0.15,NA
"fr_2541_quinseybryan","fr_2541_quinseybryan","Quinsey Bryan","Santa Clara Broncos","2541","Newcomer","newcomer","none","San Clemente HS","Fr.",0,NA,7.09,8.46,0.23,-0.08,0.15,NA
"5108616","5108616","Aliyah Collins","SE Louisiana Lady Lions","2545","Returning","stats","id","SE Louisiana Lady Lions",NA,3,NA,28.46,33.97,2.47,-2.71,-0.24,NA
"5243418","5243418","Eryn McKinzie","SE Louisiana Lady Lions","2545","Returning","stats","id","SE Louisiana Lady Lions",NA,2,NA,24.9,29.72,-1.88,-2.42,-4.3,NA
"5243411","5243411","Natalie Huff","SE Louisiana Lady Lions","2545","Returning","stats","id","SE Louisiana Lady Lions",NA,1,NA,22.49,26.84,-3.19,-2.18,-5.37,NA
"5315490","5315490","Mia Ramos","SE Louisiana Lady Lions","2545","Returning","stats","id","SE Louisiana Lady Lions",NA,1,NA,20.37,24.32,0.46,-2.72,-2.25,NA
"5241098","5241098","Micah Cooper","SE Louisiana Lady Lions","2545","Transfer","stats","id","Bradley Braves",NA,2,NA,15.34,18.31,-2.17,-0.97,-3.14,NA
"4900428","4900428","Taylor Wilkins","SE Louisiana Lady Lions","2545","Returning","stats","id","SE Louisiana Lady Lions",NA,4,NA,14.22,16.97,-3.93,-3.61,-7.55,NA
"fr_2545_deenaholmes","fr_2545_deenaholmes","Deena Holmes","SE Louisiana Lady Lions","2545","Newcomer","newcomer","none","Wichita Southeast HS","Fr.",0,NA,10.61,12.66,-2.53,-2.77,-5.31,NA
"5314667","5314667","Lillian Merow","SE Louisiana Lady Lions","2545","Transfer","stats","id","Omaha Mavericks",NA,1,NA,10.59,12.64,-3.9,-1.7,-5.6,NA
"fr_2545_dianaszakolczi","fr_2545_dianaszakolczi","Diana Szakolczi","SE Louisiana Lady Lions","2545","Newcomer","newcomer","none","Midland College","Jr.",0,NA,10.01,11.94,-2.53,-2.77,-5.31,NA
"fr_2545_netalyahurst","fr_2545_netalyahurst","Ne'talya Hurst","SE Louisiana Lady Lions","2545","Newcomer","newcomer","none","Steele HS","Fr.",0,NA,9.57,11.43,-2.53,-2.77,-5.31,NA
"fr_2545_shaineparker","fr_2545_shaineparker","Shaine Parker","SE Louisiana Lady Lions","2545","Newcomer","newcomer","none","Panola College","Jr.",0,NA,9.1,10.86,-2.53,-2.77,-5.31,NA
"fr_2545_susanfahnbulleh","fr_2545_susanfahnbulleh","Susan Fahnbulleh","SE Louisiana Lady Lions","2545","Newcomer","newcomer","none","Grayson College","Jr.",0,NA,8.76,10.45,-2.53,-2.77,-5.31,NA
"fr_2545_trinityjacksonwilkins","fr_2545_trinityjacksonwilkins","Trinity Jackson-Wilkins","SE Louisiana Lady Lions","2545","Newcomer","newcomer","none","Hendrickson HS","Fr.",0,NA,8.12,9.69,-2.53,-2.77,-5.31,NA
"fr_2545_yolaineluthi","fr_2545_yolaineluthi","Yolaine Luthi","SE Louisiana Lady Lions","2545","Newcomer","newcomer","none","Allen County CC","Jr.",0,NA,7.45,8.89,-2.53,-2.77,-5.31,NA
"5312884","5312884","Cristina Jones","Seattle U Redhawks","2547","Transfer","stats","id","Cal State Fullerton Titans",NA,2,NA,24.63,29.4,1.92,0.79,2.71,NA
"5314903","5314903","Dylan Mogel","Seattle U Redhawks","2547","Returning","stats","id","Seattle U Redhawks",NA,1,NA,23.25,27.75,-3.47,-2.23,-5.7,NA
"5176486","5176486","Ayanna Jackson","Seattle U Redhawks","2547","Transfer","stats","id","Texas Southern Tigers",NA,3,NA,17.73,21.16,-2.14,-2.74,-4.88,NA
"5315679","5315679","Sophie Buzzard","Seattle U Redhawks","2547","Transfer","stats","id","Portland State Vikings",NA,1,NA,16.64,19.86,-1.11,-2.96,-4.07,NA
"5313594","5313594","Tatianna Collins","Seattle U Redhawks","2547","Transfer","stats","id","Manhattan Jaspers",NA,1,NA,14.2,16.95,-3.64,-1.03,-4.67,NA
"5188184","5188184","Erin Sellers","Seattle U Redhawks","2547","Transfer","stats","id","UT Arlington Mavericks",NA,2,NA,13.98,16.69,-2.68,-0.2,-2.89,NA
"5107602","5107602","Milana Nenadic","Seattle U Redhawks","2547","Transfer","stats","id","Valparaiso Beacons",NA,3,NA,13.74,16.4,-1.54,-0.92,-2.46,NA
"5311590","5311590","Alanna Neale","Seattle U Redhawks","2547","Transfer","stats","id","Nebraska Cornhuskers",NA,1,NA,13.39,15.98,-0.88,-1.36,-2.24,NA
"5241007","5241007","Claire Fraser","Seattle U Redhawks","2547","Transfer","stats","id","Northern Colorado Bears",NA,2,NA,12.67,15.12,-4.55,-1.25,-5.8,NA
"5315122","5315122","Nari Powers","Seattle U Redhawks","2547","Transfer","stats","id","Georgia State Panthers",NA,2,NA,12.6,15.04,-2.98,-1.94,-4.91,NA
"fr_2547_gabrielaescorialferrero","fr_2547_gabrielaescorialferrero","Gabriela Escorial Ferrero","Seattle U Redhawks","2547","Newcomer","newcomer","none",NA,NA,0,NA,10.01,11.94,-2.93,-2.32,-5.26,NA
"fr_2547_lindsaybiddle","fr_2547_lindsaybiddle","Lindsay Biddle","Seattle U Redhawks","2547","Newcomer","newcomer","none",NA,NA,0,NA,9.51,11.35,-2.93,-2.32,-5.26,NA
"fr_2547_mahliyawilson","fr_2547_mahliyawilson","Mahliya Wilson","Seattle U Redhawks","2547","Newcomer","newcomer","none",NA,NA,0,NA,9.15,10.92,-2.93,-2.32,-5.26,NA
"fr_2547_sysimanton","fr_2547_sysimanton","Sy Simanton","Seattle U Redhawks","2547","Newcomer","newcomer","none",NA,NA,0,NA,8.49,10.13,-2.93,-2.32,-5.26,NA
"5174942","5174942","Savannah Catalon","Seton Hall Pirates","2550","Returning","stats","id","Seton Hall Pirates",NA,3,NA,28.86,34.44,6.82,2.55,9.37,NA
"5240240","5240240","Ja'Kahla Craft","Seton Hall Pirates","2550","Returning","stats","id","Seton Hall Pirates",NA,2,NA,22.48,26.83,5.6,2.14,7.74,NA
"5106195","5106195","Shailyn Pinkney","Seton Hall Pirates","2550","Returning","stats","id","Seton Hall Pirates",NA,4,NA,20.68,24.69,-0.79,0.33,-0.46,NA
"5312723","5312723","Ari Woodard","Seton Hall Pirates","2550","Returning","stats","id","Seton Hall Pirates",NA,1,NA,17.77,21.21,-0.63,1.13,0.51,NA
"5312744","5312744","Samari Bankhead","Seton Hall Pirates","2550","Transfer","stats","id","UCF Knights",NA,1,NA,16.7,19.93,-0.11,0.7,0.59,NA
"5176541","5176541","Jada Crawshaw","Seton Hall Pirates","2550","Transfer","stats","id","Georgia Tech Yellow Jackets",NA,3,NA,16.06,19.17,0.88,0.75,1.63,NA
"5242432","5242432","Saniyah King","Seton Hall Pirates","2550","Transfer","stats","id","Mississippi State Bulldogs",NA,2,NA,15.57,18.59,-0.33,0.59,0.26,NA
"fr_2550_arividales","fr_2550_arividales","Ari Vidales","Seton Hall Pirates","2550","Newcomer","newcomer","none","Life Prep Academy","Fr.",0,NA,10.15,12.11,-0.17,0.82,0.65,NA
"5240241","5240241","Savanna Jones","Seton Hall Pirates","2550","Returning","stats","id","Seton Hall Pirates",NA,3,NA,9.85,11.76,-1.76,0.35,-1.41,NA
"fr_2550_giselledollar","fr_2550_giselledollar","Giselle Dollar","Seton Hall Pirates","2550","Newcomer","newcomer","none","Roosevelt","Fr.",0,NA,9.75,11.63,-0.17,0.82,0.65,NA
"fr_2550_inieyeoruh","fr_2550_inieyeoruh","Inieye Oruh","Seton Hall Pirates","2550","Newcomer","newcomer","none","Centennial","Fr.",0,NA,9.31,11.11,-0.17,0.82,0.65,NA
"fr_2550_kenadiemaughan","fr_2550_kenadiemaughan","Kenadie Maughan","Seton Hall Pirates","2550","Newcomer","newcomer","none","Uintah","Fr.",0,NA,8.99,10.73,-0.17,0.82,0.65,NA
"fr_2550_shamiramorton","fr_2550_shamiramorton","Shamira Morton","Seton Hall Pirates","2550","Newcomer","newcomer","none","Canton","Fr.",0,NA,8.4,10.03,-0.17,0.82,0.65,NA
"5312727","5312727","Jada Snow","Seton Hall Pirates","2550","Returning","stats","id","Seton Hall Pirates",NA,1,NA,5.41,6.46,-2.05,0.15,-1.89,NA
"5313764","5313764","Francesca Schiro","Siena Saints","2561","Returning","stats","id","Siena Saints",NA,1,NA,28.6,34.13,3.73,-0.55,3.19,NA
"5174370","5174370","Nicole Melious","Siena Saints","2561","Returning","stats","id","Siena Saints",NA,2,NA,25.84,30.84,-1.15,-0.96,-2.1,NA
"5313766","5313766","Kaiya Rain Tucker","Siena Saints","2561","Returning","stats","id","Siena Saints",NA,1,NA,22.15,26.44,1.84,1.39,3.23,NA
"5177796","5177796","Caydence Hadley","Siena Saints","2561","Returning","stats","id","Siena Saints",NA,3,NA,19.8,23.63,-0.88,-1.17,-2.05,NA
"5240348","5240348","Karissa Antoine","Siena Saints","2561","Transfer","stats","id","Fordham Rams",NA,2,NA,17.18,20.5,-1.75,0.65,-1.11,"Missed 2025-26; 2024-25: 12.0 mpg, 1.8 ppg"
"5177754","5177754","Grace Sundback","Siena Saints","2561","Transfer","stats","id","Delaware Blue Hens",NA,3,NA,14.27,17.04,-4.51,-0.57,-5.09,NA
"fr_2561_alaznecanales","fr_2561_alaznecanales","Alazne Canales","Siena Saints","2561","Newcomer","newcomer","none","Ointxe! Mondragon","Fr.",0,NA,11.97,14.29,-2.41,-1.16,-3.57,NA
"fr_2561_ashariemuze","fr_2561_ashariemuze","Ashari Emuze","Siena Saints","2561","Newcomer","newcomer","none","AZ Compass Prep","Fr.",0,NA,10.97,13.09,-2.41,-1.16,-3.57,NA
"5312988","5312988","Nila Giraud","Siena Saints","2561","Transfer","stats","id","UAlbany Great Danes",NA,1,NA,10.39,12.41,-2.27,-0.74,-3.01,NA
"fr_2561_danigarciagasco","fr_2561_danigarciagasco","Dani Garcia Gasco","Siena Saints","2561","Newcomer","newcomer","none","Stenhus Gymnasium/Northeastern Junior College","Jr.",0,NA,10.36,12.36,-2.41,-1.16,-3.57,NA
"fr_2561_danydiaz","fr_2561_danydiaz","Dany Diaz","Siena Saints","2561","Newcomer","newcomer","none","DeSoto High School","Fr.",0,NA,9.92,11.84,-2.41,-1.16,-3.57,NA
"fr_2561_myannahatchette","fr_2561_myannahatchette","Myanna Hatchette","Siena Saints","2561","Newcomer","newcomer","none","Lake Highland Prep","Fr.",0,NA,9.44,11.27,-2.41,-1.16,-3.57,NA
"fr_2561_stellaziogas","fr_2561_stellaziogas","Stella Ziogas","Siena Saints","2561","Newcomer","newcomer","none","New Rochelle High School","Fr.",0,NA,9.1,10.86,-2.41,-1.16,-3.57,NA
"5315599","5315599","Kiyoko Proctor","SIU Edwardsville Cougars","2565","Returning","stats","id","SIU Edwardsville Cougars",NA,1,NA,28.82,34.39,2.53,-0.41,2.12,NA
"5315601","5315601","Lauren Miller","SIU Edwardsville Cougars","2565","Returning","stats","id","SIU Edwardsville Cougars",NA,1,NA,26.21,31.28,-0.53,-1,-1.53,NA
"5178422","5178422","Ava Gugliuzza","SIU Edwardsville Cougars","2565","Returning","stats","id","SIU Edwardsville Cougars",NA,3,NA,21.79,26,-1.8,-0.58,-2.38,NA
"5242184","5242184","Adriana Blazquez","SIU Edwardsville Cougars","2565","Returning","stats","id","SIU Edwardsville Cougars",NA,2,NA,17.52,20.91,-4.92,-1.29,-6.21,NA
"5242669","5242669","Rory Conboy","SIU Edwardsville Cougars","2565","Returning","stats","id","SIU Edwardsville Cougars",NA,2,NA,14.36,17.14,-4.26,-1,-5.26,NA
"5248020","5248020","Giselle Dogan","SIU Edwardsville Cougars","2565","Transfer (non-D1)","stats","none","Jessup Warriors",NA,2,NA,12.95,15.46,-3.4,-0.09,-3.49,"Valued at the D2/NAIA level (assumed)"
"fr_2565_alexnicastro","fr_2565_alexnicastro","Alex Nicastro","SIU Edwardsville Cougars","2565","Newcomer","newcomer","none","St. Charles West HS","Fr.",0,NA,12.88,15.37,-2.09,-0.68,-2.77,NA
"fr_2565_brookeblankenship","fr_2565_brookeblankenship","Brooke Blankenship","SIU Edwardsville Cougars","2565","Newcomer","newcomer","none","St. Pius X","Fr.",0,NA,11.81,14.09,-2.09,-0.68,-2.77,NA
"5177950","5177950","Tyra Robinson","SIU Edwardsville Cougars","2565","Transfer","stats","id","Missouri State Lady Bears",NA,3,NA,11.79,14.07,-2.06,-0.67,-2.72,NA
"fr_2565_jaylamcclinton","fr_2565_jaylamcclinton","Jayla McClinton","SIU Edwardsville Cougars","2565","Newcomer","newcomer","none","Bishop Miege Catholic HS","Fr.",0,NA,11.16,13.32,-2.09,-0.68,-2.77,NA
"fr_2565_pryellekessebeda","fr_2565_pryellekessebeda","Pryelle Kesse-Beda","SIU Edwardsville Cougars","2565","Newcomer","newcomer","none","Thomas College","Jr.",0,NA,10.7,12.77,-2.09,-0.68,-2.77,NA
"fr_2565_rileyabney","fr_2565_rileyabney","Riley Abney","SIU Edwardsville Cougars","2565","Newcomer","newcomer","none","Schoolcraft College","Jr.",0,NA,10.19,12.16,-2.09,-0.68,-2.77,NA
"fr_2565_taylortrame","fr_2565_taylortrame","Taylor Trame","SIU Edwardsville Cougars","2565","Newcomer","newcomer","none","Breese Central HS","Fr.",0,NA,9.82,11.72,-2.09,-0.68,-2.77,NA
"5239494","5239494","Zahra King","SMU Mustangs","2567","Returning","stats","id","SMU Mustangs",NA,2,NA,26.76,31.94,3.58,-0.51,3.07,NA
"5311878","5311878","Grace Ezebilo","SMU Mustangs","2567","Transfer","stats","id","Charleston Cougars",NA,3,NA,22.55,26.91,1.71,1.78,3.49,NA
"5315044","5315044","Kinsea Grimes","SMU Mustangs","2567","Transfer","stats","id","Coastal Carolina Chanticleers",NA,1,NA,20.26,24.18,0.57,0.81,1.37,NA
"5175402","5175402","Elise Hill","SMU Mustangs","2567","Transfer","stats","id","SMU Mustangs",NA,3,NA,19.31,23.05,0.71,0.35,1.06,"Missed 2025-26; 2024-25: 28.8 mpg, 10.8 ppg"
"fr_2567_shaniajames","fr_2567_shaniajames","Shania James","SMU Mustangs","2567","Top-100 recruit","newcomer","none",NA,"Fr.",0,74,17.64,21.05,-0.55,-0.48,-1.02,NA
"5312405","5312405","Theresa Hagans Jr.","SMU Mustangs","2567","Transfer","stats","id","Pittsburgh Panthers",NA,1,NA,17.11,20.42,0.81,-0.11,0.7,NA
"5239442","5239442","Mailien Rolf","SMU Mustangs","2567","Transfer","stats","id","SMU Mustangs",NA,2,NA,16.95,20.23,-0.44,1.73,1.3,"Missed 2025-26; 2024-25: 19.5 mpg, 3.2 ppg"
"5238287","5238287","Izela Arenas","SMU Mustangs","2567","Transfer","stats","id","Kansas State Wildcats",NA,2,NA,15.37,18.34,1.76,0.08,1.84,NA
"5312413","5312413","Roxy White","SMU Mustangs","2567","Newcomer","stats","none","SMU Mustangs",NA,1,NA,9.63,11.5,-1.54,-0.87,-2.4,NA
"fr_2567_adjakane","fr_2567_adjakane","Adja Kane","SMU Mustangs","2567","Newcomer","newcomer","none","Landerneau","Fr.",0,NA,9.24,11.02,-1.54,-0.87,-2.4,NA
"fr_2567_camillenesmith","fr_2567_camillenesmith","Camille Nesmith","SMU Mustangs","2567","Newcomer","newcomer","none","St. John's College HS","Fr.",0,NA,8.8,10.5,-1.54,-0.87,-2.4,NA
"fr_2567_kaylinjackson","fr_2567_kaylinjackson","Kaylin Jackson","SMU Mustangs","2567","Newcomer","newcomer","none","Denton Ryan HS","Fr.",0,NA,8.48,10.12,-1.54,-0.87,-2.4,NA
"fr_2567_zoeosby","fr_2567_zoeosby","Zoe Osby","SMU Mustangs","2567","Newcomer","newcomer","none","Elizabeth Seton HS","Fr.",0,NA,7.9,9.43,-1.54,-0.87,-2.4,NA
"5315172","5315172","Amyah Sutton","South Alabama Jaguars","6","Returning","stats","id","South Alabama Jaguars",NA,3,NA,30.43,36.32,1.48,-0.48,0.99,NA
"5241094","5241094","Terren Coffil","South Alabama Jaguars","6","Returning","stats","id","South Alabama Jaguars",NA,2,NA,20.91,24.95,1.95,-1.02,0.93,"Missed 2025-26; 2024-25: 17.9 mpg, 7.7 ppg"
"5241068","5241068","Deborah Orianegbena","South Alabama Jaguars","6","Transfer","stats","id","UNC Asheville Bulldogs",NA,2,NA,19.96,23.82,-2.7,-0.64,-3.34,NA
"5260833","5260833","Julieta Ceja","South Alabama Jaguars","6","Transfer (non-D1)","stats","none","Eastern New Mexico Greyhounds",NA,3,NA,17.33,20.68,-2.21,1.24,-0.97,"Valued at the D2/NAIA level (assumed)"
"5242244","5242244","Esther Kursite","South Alabama Jaguars","6","Transfer","stats","id","Sacred Heart Pioneers",NA,2,NA,16.8,20.05,-2.71,-0.84,-3.55,NA
"5241093","5241093","Aroa Mangas","South Alabama Jaguars","6","Returning","stats","id","South Alabama Jaguars",NA,2,NA,15.72,18.76,-1.84,-0.6,-2.44,NA
"5241097","5241097","Saneea Bevley","South Alabama Jaguars","6","Newcomer","stats","none","South Alabama Jaguars",NA,3,NA,15.4,18.38,-1.17,-0.46,-1.62,NA
"fr_6_camgolston","fr_6_camgolston","Cam Golston","South Alabama Jaguars","6","Newcomer","newcomer","none","St. Francis HS","Fr.",0,NA,14.14,16.87,-1.17,-0.46,-1.62,NA
"fr_6_hannahdibadjou","fr_6_hannahdibadjou","Hannah Dibadjou","South Alabama Jaguars","6","Newcomer","newcomer","none","The Bridge International School","So.",0,NA,13.38,15.97,-1.17,-0.46,-1.62,NA
"fr_6_jaidaredwine","fr_6_jaidaredwine","Jaida Redwine","South Alabama Jaguars","6","Newcomer","newcomer","none","George Washington HS","R-So.",0,NA,12.83,15.31,-1.17,-0.46,-1.62,NA
"fr_6_joliemantz","fr_6_joliemantz","Jolie Mantz","South Alabama Jaguars","6","Newcomer","newcomer","none","Waiakea HS","Jr.",0,NA,12.23,14.6,-1.17,-0.46,-1.62,NA
"5315170","5315170","Miyah Holmes","South Alabama Jaguars","6","Returning","stats","id","South Alabama Jaguars",NA,1,NA,10.88,12.98,-1.33,-0.78,-2.12,NA
"5239100","5239100","Joyce Edwards","South Carolina Gamecocks","2579","Returning","stats","id","South Carolina Gamecocks",NA,2,NA,26.1,31.15,13.48,5.68,19.16,NA
"5174284","5174284","Tessa Johnson","South Carolina Gamecocks","2579","Returning","stats","id","South Carolina Gamecocks",NA,3,NA,23.15,27.63,9.16,4.92,14.08,NA
"5239104","5239104","Jordan Lee","South Carolina Gamecocks","2579","Transfer","stats","id","Texas Longhorns",NA,2,NA,22.53,26.89,7.07,4.73,11.79,NA
"5121055","5121055","Chloe Kitts","South Carolina Gamecocks","2579","Returning","stats","id","South Carolina Gamecocks",NA,4,NA,16.79,20.03,9.64,6.18,15.82,"Missed 2025-26; 2024-25: 22.4 mpg, 10.2 ppg"
"5109820","5109820","Brooke Quarles Daniels","South Carolina Gamecocks","2579","Transfer","stats","id","Michigan Wolverines",NA,4,NA,15.83,18.89,5.47,4.95,10.42,NA
"5311577","5311577","Agot Makeer","South Carolina Gamecocks","2579","Returning","stats","id","South Carolina Gamecocks",NA,1,NA,15.6,18.62,5.84,5.37,11.21,NA
"fr_2579_oliviyahedwards","fr_2579_oliviyahedwards","Oliviyah Edwards","South Carolina Gamecocks","2579","Top-100 recruit","newcomer","none","Lincoln","Fr.",0,3,12.51,14.94,7.9,5.22,13.12,NA
"fr_2579_jerzyrobinson","fr_2579_jerzyrobinson","Jerzy Robinson","South Carolina Gamecocks","2579","Top-100 recruit","newcomer","none","Sierra Canyon","Fr.",0,6,10.76,12.84,7.13,4.95,12.09,NA
"5311576","5311576","Ayla McDowell","South Carolina Gamecocks","2579","Returning","stats","id","South Carolina Gamecocks",NA,1,NA,9.59,11.44,4.72,3.58,8.3,NA
"noid_2579_ashlynwatkins","4565516","Ashlyn Watkins","South Carolina Gamecocks","2579","Returning","stats","name","South Carolina Gamecocks",NA,4,NA,9.43,11.25,6.32,6.34,12.66,"Missed 2025-26; 2024-25: 19.0 mpg, 7.2 ppg"
"5196144","5196144","Adhel Tac","South Carolina Gamecocks","2579","Returning","stats","id","South Carolina Gamecocks",NA,2,NA,8.86,10.57,3.29,4.47,7.75,NA
"5329673","5329673","Alicia Tournebize","South Carolina Gamecocks","2579","Returning","stats","id","South Carolina Gamecocks",NA,1,NA,8.52,10.17,1.73,3.51,5.24,NA
"fr_2579_kaeliwynn","fr_2579_kaeliwynn","Kaeli Wynn","South Carolina Gamecocks","2579","Top-100 recruit","newcomer","none","Mater Dei","Fr.",0,19,7.83,9.35,5.86,4.51,10.37,NA
"fr_2579_kelsiandrews","fr_2579_kelsiandrews","Kelsi Andrews","South Carolina Gamecocks","2579","Top-100 recruit","newcomer","none","IMG Academy","Fr.",0,30,6.68,7.97,5.36,4.34,9.69,NA
"fr_2579_justineloubens","fr_2579_justineloubens","Justine Loubens","South Carolina Gamecocks","2579","International (FIBA)","newcomer","none","La Roche Vendée","Fr.",0,NA,5.82,6.95,2.38,3.48,5.86,NA
"5183981","5183981","Heaven Harper","South Carolina State Lady Bulldogs","2569","Returning","stats","id","South Carolina State Lady Bulldogs",NA,3,NA,25.47,30.4,-5.5,-3.31,-8.81,NA
"5179097","5179097","Monajah Ford","South Carolina State Lady Bulldogs","2569","Returning","stats","id","South Carolina State Lady Bulldogs",NA,3,NA,22.02,26.28,-6.33,-3.19,-9.52,NA
"5324811","5324811","Dream Watson","South Carolina State Lady Bulldogs","2569","Returning","stats","id","South Carolina State Lady Bulldogs",NA,1,NA,19.41,23.16,-5.65,-2.12,-7.76,NA
"5324810","5324810","DaH'Neisha Blige","South Carolina State Lady Bulldogs","2569","Returning","stats","id","South Carolina State Lady Bulldogs",NA,3,NA,18.49,22.07,-1.54,-1.5,-3.04,NA
"5242449","5242449","Kimora Smith","South Carolina State Lady Bulldogs","2569","Returning","stats","id","South Carolina State Lady Bulldogs",NA,2,NA,14.78,17.64,-4.64,-2.29,-6.93,NA
"5324806","5324806","Mya Giles","South Carolina State Lady Bulldogs","2569","Returning","stats","id","South Carolina State Lady Bulldogs",NA,2,NA,14.39,17.18,-3.68,-1.8,-5.47,NA
"5179099","5179099","Jhaven Meade","South Carolina State Lady Bulldogs","2569","Returning","stats","id","South Carolina State Lady Bulldogs",NA,2,NA,13.64,16.28,-3.32,-1.92,-5.24,NA
"fr_2569_chasethomas","fr_2569_chasethomas","Chase Thomas","South Carolina State Lady Bulldogs","2569","Newcomer","newcomer","none","Blythewood High School","incoming",0,NA,12.11,14.46,-4.56,-2.24,-6.8,NA
"fr_2569_jadorehayes","fr_2569_jadorehayes","Ja'dore Hayes","South Carolina State Lady Bulldogs","2569","Newcomer","newcomer","none","North Miami High School","incoming",0,NA,11.41,13.62,-4.56,-2.24,-6.8,NA
"fr_2569_kleighonnagrable","fr_2569_kleighonnagrable","K'leighonna Grable","South Carolina State Lady Bulldogs","2569","Newcomer","newcomer","none","Springfield High School","incoming",0,NA,10.9,13.01,-4.56,-2.24,-6.8,NA
"fr_2569_kalyahankerson","fr_2569_kalyahankerson","Ka'Lya Hankerson","South Carolina State Lady Bulldogs","2569","Newcomer","newcomer","none","Savannah State University","transfer",0,NA,10.35,12.35,-4.56,-2.24,-6.8,NA
"fr_2569_morgancochran","fr_2569_morgancochran","Morgan Cochran","South Carolina State Lady Bulldogs","2569","Newcomer","newcomer","none","Macon County High School","incoming",0,NA,9.94,11.87,-4.56,-2.24,-6.8,NA
"5176516","5176516","Samiah Puckett","South Carolina State Lady Bulldogs","2569","Transfer","stats","id","Alabama State Lady Hornets",NA,3,NA,9.18,10.95,-3.48,-1.82,-5.3,NA
"5327213","5327213","Terrannya Medlock","South Carolina State Lady Bulldogs","2569","Returning","stats","id","South Carolina State Lady Bulldogs",NA,1,NA,7.9,9.43,-5.56,-1.76,-7.31,NA
"5107760","5107760","Aubrie Kierscht","South Carolina Upstate Spartans","2908","Returning","stats","id","South Carolina Upstate Spartans",NA,3,NA,28,33.41,1.42,-2.39,-0.97,NA
"5108557","5108557","Vera Söderblom","South Carolina Upstate Spartans","2908","Returning","stats","id","South Carolina Upstate Spartans",NA,3,NA,21.94,26.18,-2.36,-0.72,-3.08,NA
"5241797","5241797","Grace Booth","South Carolina Upstate Spartans","2908","Transfer","stats","id","Houston Christian Huskies",NA,2,NA,21.72,25.92,0.3,0.98,1.27,NA
"5313849","5313849","Kinley Paterson","South Carolina Upstate Spartans","2908","Returning","stats","id","South Carolina Upstate Spartans",NA,1,NA,19.06,22.75,-6.01,-0.5,-6.51,NA
"5250212","5250212","Izzy Callaway","South Carolina Upstate Spartans","2908","Transfer","stats","id","Akron Zips",NA,2,NA,16.59,19.8,0.84,-1.67,-0.83,NA
"5175926","5175926","Emma Blair","South Carolina Upstate Spartans","2908","Returning","stats","id","South Carolina Upstate Spartans",NA,2,NA,16.13,19.25,-1.85,-1.95,-3.8,NA
"5242224","5242224","Lexi Castator","South Carolina Upstate Spartans","2908","Returning","stats","id","South Carolina Upstate Spartans",NA,2,NA,14.21,16.96,-4.5,-1.77,-6.27,NA
"5242234","5242234","Zoe Richardson","South Carolina Upstate Spartans","2908","Returning","stats","id","South Carolina Upstate Spartans",NA,2,NA,12.6,15.04,-5.23,-1.68,-6.91,NA
"5312981","5312981","Keira Hudson","South Carolina Upstate Spartans","2908","Transfer","stats","id","New Mexico State Aggies",NA,1,NA,12.49,14.9,-1.31,-1,-2.31,NA
"fr_2908_haylielamonde","fr_2908_haylielamonde","Haylie Lamonde","South Carolina Upstate Spartans","2908","Newcomer","newcomer","none","South Fayette HS","Fr.",0,NA,9.97,11.89,-3.51,-1.74,-5.25,NA
"5175922","5175922","Macy Wike","South Carolina Upstate Spartans","2908","Returning","stats","id","South Carolina Upstate Spartans",NA,3,NA,9.73,11.61,-5.67,-2.19,-7.86,NA
"5241060","5241060","Madison Miller","South Carolina Upstate Spartans","2908","Returning","stats","id","South Carolina Upstate Spartans",NA,1,NA,9.45,11.28,-1.8,-1.68,-3.48,NA
"5313850","5313850","Jessa Troy","South Carolina Upstate Spartans","2908","Returning","stats","id","South Carolina Upstate Spartans",NA,1,NA,8.12,9.69,-0.39,-1.93,-2.32,NA
"5314693","5314693","Molly Joyce","South Dakota Coyotes","233","Returning","stats","id","South Dakota Coyotes",NA,3,NA,27.24,32.51,1.38,0.1,1.48,NA
"5178482","5178482","Jenna Hopp","South Dakota Coyotes","233","Returning","stats","id","South Dakota Coyotes",NA,3,NA,23.44,27.98,0.13,0.19,0.32,NA
"5314698","5314698","Tori Schlagel","South Dakota Coyotes","233","Returning","stats","id","South Dakota Coyotes",NA,1,NA,20.68,24.68,-0.01,0.6,0.59,NA
"5315570","5315570","Gabby Jackson","South Dakota Coyotes","233","Transfer","stats","id","North Alabama Lions",NA,1,NA,17.67,21.09,-0.28,1.64,1.36,NA
"5314695","5314695","Alex Flattery","South Dakota Coyotes","233","Returning","stats","id","South Dakota Coyotes",NA,2,NA,17.28,20.63,0.82,1.01,1.83,NA
"5178534","5178534","Bri Robinson","South Dakota Coyotes","233","Transfer","stats","id","Northern Iowa Panthers",NA,3,NA,13.56,16.18,0.94,0.7,1.65,NA
"5174744","5174744","Latazia Williamson","South Dakota Coyotes","233","Transfer","stats","id","Kennesaw State Owls",NA,3,NA,12.71,15.17,-1.83,-0.03,-1.86,NA
"5241059","5241059","Ava Miller","South Dakota Coyotes","233","Transfer","stats","id","North Dakota Fighting Hawks",NA,2,NA,12.49,14.91,-1.34,-0.04,-1.37,NA
"5178535","5178535","Katy Reyerson","South Dakota Coyotes","233","Returning","stats","id","South Dakota Coyotes",NA,3,NA,10.74,12.82,1.2,-0.25,0.95,NA
"5314694","5314694","Alyssa Bartlett","South Dakota Coyotes","233","Returning","stats","id","South Dakota Coyotes",NA,1,NA,9.79,11.68,-1.44,1.13,-0.31,NA
"fr_233_ashlancarlow","fr_233_ashlancarlow","Ashlan Carlow","South Dakota Coyotes","233","Newcomer","newcomer","none","Mahpíya Lúta HS","Fr.",0,NA,9.3,11.1,-0.98,0.26,-0.72,NA
"fr_233_lividowns","fr_233_lividowns","Livi Downs","South Dakota Coyotes","233","Newcomer","newcomer","none","Mankato West HS","Fr.",0,NA,8.97,10.71,-0.98,0.26,-0.72,NA
"fr_233_natalieramsey","fr_233_natalieramsey","Natalie Ramsey","South Dakota Coyotes","233","Newcomer","newcomer","none","Liberty HS","Fr.",0,NA,8.38,10,-0.98,0.26,-0.72,NA
"fr_233_rowanjacobi","fr_233_rowanjacobi","Rowan Jacobi","South Dakota Coyotes","233","Newcomer","newcomer","none","Springville HS","Fr.",0,NA,7.74,9.24,-0.98,0.26,-0.72,NA
"5240740","5240740","Emilee Fox","South Dakota State Jackrabbits","2571","Returning","stats","id","South Dakota State Jackrabbits",NA,2,NA,27.99,33.41,4.1,0.91,5,NA
"5240742","5240742","Katie Vasecka","South Dakota State Jackrabbits","2571","Returning","stats","id","South Dakota State Jackrabbits",NA,2,NA,25.93,30.94,1.8,1.22,3.02,NA
"5314699","5314699","Hadley Thul","South Dakota State Jackrabbits","2571","Returning","stats","id","South Dakota State Jackrabbits",NA,1,NA,23.46,27.99,1.27,1.25,2.52,NA
"5178483","5178483","Hilary Behrens","South Dakota State Jackrabbits","2571","Returning","stats","id","South Dakota State Jackrabbits",NA,2,NA,20.5,24.46,-0.08,2.45,2.37,NA
"5240741","5240741","Mahli Abdouch","South Dakota State Jackrabbits","2571","Returning","stats","id","South Dakota State Jackrabbits",NA,1,NA,18.48,22.05,1,1.4,2.4,NA
"5178238","5178238","Maggie Hartwig","South Dakota State Jackrabbits","2571","Returning","stats","id","South Dakota State Jackrabbits",NA,3,NA,17.64,21.05,0.13,1.85,1.98,NA
"5314701","5314701","Brooklynn Felchle","South Dakota State Jackrabbits","2571","Returning","stats","id","South Dakota State Jackrabbits",NA,1,NA,13.45,16.06,2.49,0.29,2.78,NA
"fr_2571_audreyshindelar","fr_2571_audreyshindelar","Audrey Shindelar","South Dakota State Jackrabbits","2571","Newcomer","newcomer","none","Stewartville H.S.","Fr.",0,NA,12.87,15.36,0.96,0.75,1.71,NA
"fr_2571_trishellemiller","fr_2571_trishellemiller","Trishelle Miller","South Dakota State Jackrabbits","2571","Newcomer","newcomer","none","Bishop Heelan H.S.","Fr.",0,NA,12.21,14.57,0.96,0.75,1.71,NA
"5240743","5240743","Claire Sheppard","South Dakota State Jackrabbits","2571","Returning","stats","id","South Dakota State Jackrabbits",NA,1,NA,10.08,12.02,-0.97,0.17,-0.8,NA
"5314700","5314700","Abby Hoselton","South Dakota State Jackrabbits","2571","Returning","stats","id","South Dakota State Jackrabbits",NA,1,NA,9.4,11.22,0.7,0.74,1.44,NA
"5240744","5240744","Jaidyn Dunn","South Dakota State Jackrabbits","2571","Returning","stats","id","South Dakota State Jackrabbits",NA,1,NA,8.01,9.56,-4.01,0.2,-3.81,NA
"5105423","5105423","Stefanie Ingram","South Florida Bulls","58","Returning","stats","id","South Florida Bulls",NA,3,NA,28.54,34.06,1.19,1.13,2.32,NA
"5175918","5175918","Amourie Porter","South Florida Bulls","58","Transfer","stats","id","Winthrop Eagles",NA,3,NA,20.69,24.7,4.45,0.01,4.46,NA
"5178415","5178415","Kate Novik","South Florida Bulls","58","Transfer","stats","id","DePaul Blue Demons",NA,3,NA,20.47,24.43,2.82,1.33,4.14,NA
"5176511","5176511","Hannah Kohn","South Florida Bulls","58","Transfer","stats","id","Clemson Tigers",NA,3,NA,17.92,21.38,1.79,0.8,2.59,NA
"5178115","5178115","Gabrielle Kennerly","South Florida Bulls","58","Transfer","stats","id","Mount St. Mary's Mountaineers",NA,2,NA,17.58,20.98,2.93,0.3,3.23,NA
"5240931","5240931","Savannah Curry","South Florida Bulls","58","Transfer","stats","id","Temple Owls",NA,2,NA,17.55,20.95,1.11,1.33,2.43,NA
"5240040","5240040","Kendall Puryear","South Florida Bulls","58","Transfer","stats","id","Purdue Boilermakers",NA,2,NA,14.91,17.79,4.08,-0.64,3.44,NA
"5174357","5174357","Mallory Collier","South Florida Bulls","58","Transfer","stats","id","NC State Wolfpack",NA,3,NA,14.43,17.22,1.29,-0.48,0.81,NA
"5174733","5174733","Fatou Diakite","South Florida Bulls","58","Returning","stats","id","South Florida Bulls",NA,3,NA,13.62,16.25,3.14,1.2,4.35,NA
"fr_58_serenityhardy","fr_58_serenityhardy","Serenity Hardy","South Florida Bulls","58","Newcomer","newcomer","none","Winter Haven","Fr.",0,NA,10.56,12.6,0.07,0.34,0.41,NA
"fr_58_lisandravetesina","fr_58_lisandravetesina","Lisandra Vetesina","South Florida Bulls","58","International (FIBA)","newcomer","none","Tallin Sports Academy","Fr.",0,NA,9.94,11.87,-1.01,0.15,-0.86,NA
"5315053","5315053","Lee Teichman","South Florida Bulls","58","Returning","stats","id","South Florida Bulls",NA,1,NA,7.32,8.73,-3.58,-0.24,-3.81,NA
"5315052","5315052","Lana Vukcevic","South Florida Bulls","58","Returning","stats","id","South Florida Bulls",NA,1,NA,6.47,7.72,-0.87,-0.67,-1.54,NA
"5315605","5315605","Madison Ayers","Southeast Missouri State Redhawks","2546","Returning","stats","id","Southeast Missouri State Redhawks",NA,3,NA,26.5,31.63,-2.82,-0.78,-3.6,NA
"fr_2546_addiowen","fr_2546_addiowen","Addi Owen","Southeast Missouri State Redhawks","2546","Newcomer","newcomer","none","Incarnate Word Academy","Fr.",0,NA,22.42,26.75,-1.84,-0.89,-2.73,NA
"fr_2546_carringtonjones","fr_2546_carringtonjones","Carrington Jones","Southeast Missouri State Redhawks","2546","Newcomer","newcomer","none","Northwest Florida","So.",0,NA,20.65,24.64,-1.84,-0.89,-2.73,NA
"fr_2546_deborahayeni","fr_2546_deborahayeni","Deborah Ayeni","Southeast Missouri State Redhawks","2546","Newcomer","newcomer","none","Anoka HS","Fr.",0,NA,18.66,22.28,-1.84,-0.89,-2.73,NA
"fr_2546_haileybuckman","fr_2546_haileybuckman","Hailey Buckman","Southeast Missouri State Redhawks","2546","Newcomer","newcomer","none","Logan-Rogersville HS","Fr.",0,NA,17.55,20.94,-1.84,-0.89,-2.73,NA
"5315109","5315109","Courtenay Lee","Southeast Missouri State Redhawks","2546","Transfer","stats","id","Georgia Southern Eagles",NA,3,NA,16.77,20.02,-1.73,-0.79,-2.51,NA
"fr_2546_fayewilliams","fr_2546_fayewilliams","Faye Williams","Southeast Missouri State Redhawks","2546","Newcomer","newcomer","none","Bartlett HS","Fr.",0,NA,16.74,19.98,-1.84,-0.89,-2.73,NA
"5312786","5312786","Yar Manyiel","Southeast Missouri State Redhawks","2546","Transfer","stats","id","La Salle Explorers",NA,3,NA,16.19,19.32,-1.59,-0.47,-2.06,NA
"fr_2546_joliebonderer","fr_2546_joliebonderer","Jolie Bonderer","Southeast Missouri State Redhawks","2546","Newcomer","newcomer","none","Central Missouri","Jr.",0,NA,15.99,19.09,-1.84,-0.89,-2.73,NA
"fr_2546_journeeharris","fr_2546_journeeharris","Journee Harris","Southeast Missouri State Redhawks","2546","Newcomer","newcomer","none","Hill College","Jr.",0,NA,14.66,17.5,-1.84,-0.89,-2.73,NA
"fr_2546_zoenewland","fr_2546_zoenewland","Zoe Newland","Southeast Missouri State Redhawks","2546","Newcomer","newcomer","none","State Fair CC","Jr.",0,NA,13.86,16.54,-1.84,-0.89,-2.73,NA
"5106163","5106163","Kayla Cooper","Southern Illinois Salukis","79","Returning","stats","id","Southern Illinois Salukis",NA,3,NA,29.12,34.76,-1.86,-1.94,-3.8,NA
"5178537","5178537","Tkiyah Nelson","Southern Illinois Salukis","79","Returning","stats","id","Southern Illinois Salukis",NA,3,NA,25.83,30.83,-4.41,-1.39,-5.8,NA
"5314962","5314962","Kynnedi Davis","Southern Illinois Salukis","79","Returning","stats","id","Southern Illinois Salukis",NA,3,NA,20.93,24.98,-3.11,-2.14,-5.25,NA
"5242182","5242182","Braxcynn Baker","Southern Illinois Salukis","79","Transfer","stats","id","Murray State Racers",NA,2,NA,20.52,24.49,1.79,-0.84,0.94,NA
"5314964","5314964","Carmen Morales","Southern Illinois Salukis","79","Returning","stats","id","Southern Illinois Salukis",NA,2,NA,14.06,16.77,-2.56,-2.02,-4.58,NA
"fr_79_chellisejones","fr_79_chellisejones","Chellise Jones","Southern Illinois Salukis","79","Newcomer","newcomer","none","Whitney M. Young Magnet HS","Fr.",0,NA,12.76,15.22,-2.11,-1.48,-3.59,NA
"5242205","5242205","Mia Gaines","Southern Illinois Salukis","79","Returning","stats","id","Southern Illinois Salukis",NA,2,NA,12.51,14.93,-3.87,-2.2,-6.07,NA
"fr_79_haelitart","fr_79_haelitart","Haeli Tart","Southern Illinois Salukis","79","Newcomer","newcomer","none","O'Fallon Township HS","Fr.",0,NA,11.68,13.94,-2.11,-1.48,-3.59,NA
"5175041","5175041","Shakara McCline","Southern Illinois Salukis","79","Transfer","stats","id","DePaul Blue Demons",NA,3,NA,11.24,13.42,-0.88,-0.48,-1.37,NA
"fr_79_jamisengreen","fr_79_jamisengreen","Jamisen Green","Southern Illinois Salukis","79","Newcomer","newcomer","none","Harrisburg HS","Fr.",0,NA,11.04,13.17,-2.11,-1.48,-3.59,NA
"fr_79_lynelleawou","fr_79_lynelleawou","Lynelle Awou","Southern Illinois Salukis","79","Newcomer","newcomer","none","United Township HS","Fr.",0,NA,10.57,12.61,-2.11,-1.48,-3.59,NA
"fr_79_raevenboswell","fr_79_raevenboswell","Raeven Boswell","Southern Illinois Salukis","79","Newcomer","newcomer","none","Lake Travis HS / Pittsburgh","Sr.",0,NA,10.06,12,-2.11,-1.48,-3.59,NA
"fr_79_yaizaparedesdiaz","fr_79_yaizaparedesdiaz","Yaiza Paredes Diaz","Southern Illinois Salukis","79","Newcomer","newcomer","none","Club Baloncesto Alcobendas / Eastern Wyoming College","Jr.",0,NA,9.69,11.56,-2.11,-1.48,-3.59,NA
"5178431","5178431","Chloe Gannon","Southern Indiana Screaming Eagles","88","Returning","stats","id","Southern Indiana Screaming Eagles",NA,3,NA,28.01,33.43,1.49,0.03,1.52,NA
"5178430","5178430","Sophia Loden","Southern Indiana Screaming Eagles","88","Returning","stats","id","Southern Indiana Screaming Eagles",NA,3,NA,25.48,30.41,2.13,1.42,3.55,NA
"5178503","5178503","Shannon Blacher","Southern Indiana Screaming Eagles","88","Returning","stats","id","Southern Indiana Screaming Eagles",NA,3,NA,23.56,28.12,-1.83,1.07,-0.76,NA
"5178426","5178426","Amiyah Buchanan","Southern Indiana Screaming Eagles","88","Returning","stats","id","Southern Indiana Screaming Eagles",NA,3,NA,20.44,24.4,-1.37,0.75,-0.61,NA
"5178192","5178192","Tamara Ortiz","Southern Indiana Screaming Eagles","88","Transfer","stats","id","South Alabama Jaguars",NA,2,NA,16.95,20.23,0.58,0.13,0.71,NA
"5315627","5315627","Channah Gannon","Southern Indiana Screaming Eagles","88","Returning","stats","id","Southern Indiana Screaming Eagles",NA,1,NA,14.55,17.37,1.47,0.85,2.33,NA
"5242681","5242681","Lexi Sepulveda","Southern Indiana Screaming Eagles","88","Returning","stats","id","Southern Indiana Screaming Eagles",NA,2,NA,12.43,14.83,-2.87,-0.29,-3.16,NA
"5178428","5178428","Kylee Dennis","Southern Indiana Screaming Eagles","88","Returning","stats","id","Southern Indiana Screaming Eagles",NA,2,NA,11.84,14.13,1.69,0.65,2.34,NA
"5178504","5178504","Maddy Fay","Southern Indiana Screaming Eagles","88","Returning","stats","id","Southern Indiana Screaming Eagles",NA,3,NA,10.63,12.69,-1.51,-0.54,-2.05,NA
"5315624","5315624","Lily Graves","Southern Indiana Screaming Eagles","88","Returning","stats","id","Southern Indiana Screaming Eagles",NA,1,NA,9.78,11.68,-0.14,0.22,0.08,NA
"fr_88_jaidankoch","fr_88_jaidankoch","Jaidan Koch","Southern Indiana Screaming Eagles","88","Newcomer","newcomer","none","Calloway County","Fr.",0,NA,9.57,11.42,-1.04,0.18,-0.86,NA
"fr_88_maddyshirley","fr_88_maddyshirley","Maddy Shirley","Southern Indiana Screaming Eagles","88","Newcomer","newcomer","none","Central","Fr.",0,NA,9.23,11.02,-1.04,0.18,-0.86,NA
"5315626","5315626","Alli Robertson","Southern Indiana Screaming Eagles","88","Returning","stats","id","Southern Indiana Screaming Eagles",NA,1,NA,7.51,8.96,-0.03,0.14,0.11,NA
"5106186","5106186","Zaria Hurston","Southern Jaguars","2582","Returning","stats","id","Southern Jaguars",NA,3,NA,28.45,33.95,-1.31,1.14,-0.17,NA
"5243528","5243528","DeMya Porter","Southern Jaguars","2582","Returning","stats","id","Southern Jaguars",NA,2,NA,25.99,31.01,3.36,0.3,3.67,NA
"5243525","5243525","Jocelyn Tate","Southern Jaguars","2582","Returning","stats","id","Southern Jaguars",NA,2,NA,24.22,28.9,0.8,2.87,3.67,NA
"5315745","5315745","Jestiny Dixon","Southern Jaguars","2582","Returning","stats","id","Southern Jaguars",NA,3,NA,21.78,25.99,-0.03,0.77,0.73,NA
"5242918","5242918","Dalayja Hurt-Floyd","Southern Jaguars","2582","Transfer","stats","id","Alcorn State Lady Braves",NA,3,NA,16.4,19.57,-4.42,0.56,-3.85,NA
"5176488","5176488","J'yana Salton","Southern Jaguars","2582","Transfer","stats","id","Coastal Carolina Chanticleers",NA,3,NA,15.63,18.65,-0.7,0.52,-0.17,NA
"5315163","5315163","Alisha Nunley","Southern Jaguars","2582","Transfer","stats","id","Old Dominion Monarchs",NA,3,NA,15.44,18.43,-2.39,-0.05,-2.44,NA
"5250562","5250562","Deniya Thornton","Southern Jaguars","2582","Transfer (non-D1)","stats","none","Loyola New Orleans Wolfpack",NA,3,NA,15.23,18.18,-1.78,1.17,-0.6,"Valued at the D2/NAIA level (assumed)"
"5177916","5177916","Anaja Hall","Southern Jaguars","2582","Returning","stats","id","Southern Jaguars",NA,3,NA,14.7,17.54,-2.78,-1.54,-4.32,NA
"5176104","5176104","Uniyah Franklin","Southern Jaguars","2582","Transfer","stats","id","Winthrop Eagles",NA,3,NA,13.58,16.21,-4.51,-0.85,-5.36,NA
"5243526","5243526","Aubri Wilkins","Southern Jaguars","2582","Returning","stats","id","Southern Jaguars",NA,1,NA,8.59,10.25,-4.03,-0.46,-4.49,NA
"5176124","5176124","Chrysta Narcisse","Southern Miss Lady Eagles","2572","Transfer","stats","id","South Alabama Jaguars",NA,2,NA,25.01,29.85,0.07,0.3,0.37,NA
"5241104","5241104","Whitney Hart","Southern Miss Lady Eagles","2572","Returning","stats","id","Southern Miss Lady Eagles",NA,1,NA,23.36,27.88,2.05,-1.25,0.79,NA
"5174306","5174306","Kylie Marshall","Southern Miss Lady Eagles","2572","Transfer","stats","id","James Madison Dukes",NA,3,NA,21.78,26,0.88,0.25,1.14,NA
"5176537","5176537","Kennedy Langham","Southern Miss Lady Eagles","2572","Transfer","stats","id","Butler Bulldogs",NA,3,NA,21.54,25.71,-0.56,-0.63,-1.19,NA
"5315162","5315162","Nakiyah Allen","Southern Miss Lady Eagles","2572","Transfer","stats","id","Old Dominion Monarchs",NA,3,NA,17.28,20.63,2.01,-1.2,0.81,NA
"5241090","5241090","Mariah Clayton","Southern Miss Lady Eagles","2572","Transfer","stats","id","Old Dominion Monarchs",NA,2,NA,15.63,18.66,-1.25,-0.18,-1.42,NA
"5174259","5174259","Timya Thurman","Southern Miss Lady Eagles","2572","Returning","stats","id","Southern Miss Lady Eagles",NA,3,NA,14.77,17.62,-0.51,-1.19,-1.71,NA
"fr_2572_brunadasilva","fr_2572_brunadasilva","Bruna da Silva","Southern Miss Lady Eagles","2572","Newcomer","newcomer","none","Garden City CC / Eastern Florida State","Jr.",0,NA,11.42,13.63,-0.58,-1.42,-1.99,NA
"fr_2572_jadagay","fr_2572_jadagay","Jada Gay","Southern Miss Lady Eagles","2572","Newcomer","newcomer","none","Starkville HS","Fr.",0,NA,10.95,13.07,-0.58,-1.42,-1.99,NA
"5315196","5315196","Ramiah Augurson","Southern Miss Lady Eagles","2572","Returning","stats","id","Southern Miss Lady Eagles",NA,1,NA,10.93,13.04,-1.91,-0.82,-2.74,NA
"fr_2572_megbarbour","fr_2572_megbarbour","Meg Barbour","Southern Miss Lady Eagles","2572","Newcomer","newcomer","none","Jackson Preparatory School","Fr.",0,NA,10.44,12.46,-0.58,-1.42,-1.99,NA
"fr_2572_nadianorfleet","fr_2572_nadianorfleet","Nadia Norfleet","Southern Miss Lady Eagles","2572","Newcomer","newcomer","none","Shelton State CC","So.",0,NA,10.06,12.01,-0.58,-1.42,-1.99,NA
"5243428","5243428","Miriam Prince","Southern Miss Lady Eagles","2572","Returning","stats","id","Southern Miss Lady Eagles",NA,3,NA,6.82,8.14,-1.44,-1.45,-2.89,NA
"5180454","5180454","Ava Uhrich","Southern Utah Thunderbirds","253","Returning","stats","id","Southern Utah Thunderbirds",NA,3,NA,28.36,33.85,4.39,-0.27,4.11,NA
"5241787","5241787","Kortney Doman","Southern Utah Thunderbirds","253","Returning","stats","id","Southern Utah Thunderbirds",NA,2,NA,26.24,31.31,-0.62,-0.11,-0.74,NA
"5315547","5315547","Brooklyn Fely","Southern Utah Thunderbirds","253","Returning","stats","id","Southern Utah Thunderbirds",NA,3,NA,22.96,27.4,5.13,0.1,5.23,NA
"5315552","5315552","Devyn Kiernan","Southern Utah Thunderbirds","253","Returning","stats","id","Southern Utah Thunderbirds",NA,1,NA,20.82,24.85,-0.28,-1.86,-2.14,NA
"5315549","5315549","Morgan Trigueiro","Southern Utah Thunderbirds","253","Returning","stats","id","Southern Utah Thunderbirds",NA,3,NA,15.41,18.39,1.92,-1.68,0.24,NA
"5241791","5241791","Denver Anderson","Southern Utah Thunderbirds","253","Returning","stats","id","Southern Utah Thunderbirds",NA,2,NA,13.34,15.91,0.37,-1.68,-1.31,NA
"5241788","5241788","Bella Hasan","Southern Utah Thunderbirds","253","Returning","stats","id","Southern Utah Thunderbirds",NA,2,NA,11.03,13.16,-2.53,-1.47,-4,NA
"fr_253_amiahlewis","fr_253_amiahlewis","Amiah Lewis","Southern Utah Thunderbirds","253","Newcomer","newcomer","none","Mater Dei High School","Fr.",0,NA,10.41,12.43,-0.82,-1.28,-2.1,NA
"5241792","5241792","Olivia Malafu","Southern Utah Thunderbirds","253","Returning","stats","id","Southern Utah Thunderbirds",NA,2,NA,10.3,12.29,1.75,-1.33,0.41,NA
"fr_253_dianasorrondo","fr_253_dianasorrondo","Diana Sorrondo","Southern Utah Thunderbirds","253","Newcomer","newcomer","none","Oak Park High School","Fr.",0,NA,9.98,11.91,-0.82,-1.28,-2.1,NA
"fr_253_melicianelson","fr_253_melicianelson","Melicia Nelson","Southern Utah Thunderbirds","253","Newcomer","newcomer","none","Pima CC","Jr.",0,NA,9.51,11.35,-0.82,-1.28,-2.1,NA
"5180449","5180449","Charli Kay","Southern Utah Thunderbirds","253","Returning","stats","id","Southern Utah Thunderbirds",NA,3,NA,7.8,9.31,-1.25,-2.08,-3.32,NA
"5315551","5315551","Emily Scholtes","Southern Utah Thunderbirds","253","Returning","stats","id","Southern Utah Thunderbirds",NA,1,NA,7.3,8.72,-1.68,-1.14,-2.82,NA
"5315553","5315553","Vallory Kuelker","Southern Utah Thunderbirds","253","Returning","stats","id","Southern Utah Thunderbirds",NA,1,NA,6.54,7.8,-1.26,-1.12,-2.39,NA
"5240703","5240703","Mackenzie Pettinelli","St. Bonaventure Bonnies","179","Returning","stats","id","St. Bonaventure Bonnies",NA,2,NA,26.3,31.38,-1.73,-0.28,-2,NA
"5315298","5315298","Elyse MacDonough","St. Bonaventure Bonnies","179","Returning","stats","id","St. Bonaventure Bonnies",NA,1,NA,23.12,27.59,-1.69,-0.71,-2.4,NA
"5315296","5315296","Ivona Djikanovic","St. Bonaventure Bonnies","179","Returning","stats","id","St. Bonaventure Bonnies",NA,1,NA,20.47,24.43,-1.42,-0.88,-2.3,NA
"5109215","5109215","Kay Donahue","St. Bonaventure Bonnies","179","Transfer","stats","id","Lafayette Leopards",NA,4,NA,19.08,22.77,-1.22,-0.56,-1.78,"Missed 2025-26; 2024-25: 25.6 mpg, 9.6 ppg"
"5315295","5315295","Mallory Heise","St. Bonaventure Bonnies","179","Returning","stats","id","St. Bonaventure Bonnies",NA,1,NA,16.42,19.6,-1.09,-0.88,-1.98,NA
"5315300","5315300","Brillana Boyd","St. Bonaventure Bonnies","179","Returning","stats","id","St. Bonaventure Bonnies",NA,3,NA,13.67,16.31,0.35,-1.44,-1.09,NA
"5242160","5242160","Olivia DiFranco","St. Bonaventure Bonnies","179","Returning","stats","id","St. Bonaventure Bonnies",NA,2,NA,12.62,15.06,-0.25,0.22,-0.03,NA
"5312733","5312733","Kyla Hayes","St. Bonaventure Bonnies","179","Transfer","stats","id","St. John's Red Storm",NA,1,NA,10.8,12.89,-1.73,-0.58,-2.3,NA
"5178119","5178119","Kylie Buckley","St. Bonaventure Bonnies","179","Returning","stats","id","St. Bonaventure Bonnies",NA,3,NA,10.45,12.47,-3.49,-1.31,-4.79,NA
"5174512","5174512","Kaylee Krysztof","St. Bonaventure Bonnies","179","Returning","stats","id","St. Bonaventure Bonnies",NA,3,NA,9.28,11.08,-1.11,-0.65,-1.76,NA
"fr_179_ellatrinkaus","fr_179_ellatrinkaus","Ella Trinkaus","St. Bonaventure Bonnies","179","Newcomer","newcomer","none","Utica Notre Dame","Fr.",0,NA,9.16,10.93,-1.81,-0.47,-2.28,NA
"fr_179_lolagralton","fr_179_lolagralton","Lola Gralton","St. Bonaventure Bonnies","179","Newcomer","newcomer","none","St. Scholastica's College","Fr.",0,NA,8.83,10.54,-1.81,-0.47,-2.28,NA
"5242091","5242091","Jordyn Williams","St. Bonaventure Bonnies","179","Transfer","stats","id","Niagara Purple Eagles",NA,2,NA,8.75,10.45,-4.11,-1.07,-5.17,NA
"5315299","5315299","Iva Corluka","St. Bonaventure Bonnies","179","Returning","stats","id","St. Bonaventure Bonnies",NA,1,NA,6.12,7.3,-2.52,-0.69,-3.21,NA
"5315294","5315294","Diamond Fields","St. Bonaventure Bonnies","179","Returning","stats","id","St. Bonaventure Bonnies",NA,1,NA,4.93,5.89,-2.3,-0.86,-3.16,NA
"5177066","5177066","Brooke Moore","St. John's Red Storm","2599","Returning","stats","id","St. John's Red Storm",NA,3,NA,28.9,34.49,4.66,1.85,6.5,NA
"5240566","5240566","Sa'Mya Wyatt","St. John's Red Storm","2599","Returning","stats","id","St. John's Red Storm",NA,2,NA,24.87,29.68,4.99,0.08,5.07,NA
"5107620","5107620","Daniela Abies","St. John's Red Storm","2599","Returning","stats","id","St. John's Red Storm",NA,4,NA,20.38,24.32,1.2,2.72,3.92,NA
"5178279","5178279","Asia Donald","St. John's Red Storm","2599","Transfer","stats","id","West Georgia Wolves",NA,2,NA,20.21,24.12,2.37,-0.23,2.14,NA
"5241992","5241992","Sanaa Tripp","St. John's Red Storm","2599","Transfer","stats","id","Belmont Bruins",NA,2,NA,16.96,20.25,0.34,0.99,1.32,NA
"5239384","5239384","Olivia Tucker","St. John's Red Storm","2599","Transfer","stats","id","Campbell Fighting Camels",NA,2,NA,16.51,19.7,-0.94,0.17,-0.77,NA
"fr_2599_syvannahdawson","fr_2599_syvannahdawson","Syvannah Dawson","St. John's Red Storm","2599","Top-100 recruit","newcomer","none","S3 Academy (Va.)","Fr.",0,98,15.66,18.69,-0.09,0.59,0.5,NA
"5240291","5240291","Reina Green","St. John's Red Storm","2599","Transfer","stats","id","Duquesne Dukes",NA,3,NA,14.17,16.91,-0.78,1.04,0.26,NA
"5240244","5240244","Janeya Grant","St. John's Red Storm","2599","Returning","stats","id","St. John's Red Storm",NA,2,NA,13.7,16.35,0.68,-0.04,0.65,NA
"fr_2599_serenitylancaster","fr_2599_serenitylancaster","Serenity Lancaster","St. John's Red Storm","2599","Newcomer","newcomer","none","New Hampton (N.H.)/New London","Fr.",0,NA,10.45,12.47,-0.78,0.31,-0.46,NA
"fr_2599_yohanafami","fr_2599_yohanafami","Yohana Fami","St. John's Red Storm","2599","Newcomer","newcomer","none","Royal Crown School","Fr.",0,NA,9.97,11.89,-0.78,0.31,-0.46,NA
"5174926","5174926","Julie Bahati","St. John's Red Storm","2599","Returning","stats","id","St. John's Red Storm",NA,3,NA,8.23,9.82,-0.42,0.68,0.26,NA
"5240768","5240768","Alyssa Sand","St. Thomas-Minnesota Tommies","2900","Returning","stats","id","St. Thomas-Minnesota Tommies",NA,2,NA,27.85,33.24,2.59,1.03,3.62,NA
"5240767","5240767","Mikayla Werner","St. Thomas-Minnesota Tommies","2900","Returning","stats","id","St. Thomas-Minnesota Tommies",NA,2,NA,23.41,27.94,3.29,-0.7,2.59,NA
"5314715","5314715","Autumn McCall","St. Thomas-Minnesota Tommies","2900","Returning","stats","id","St. Thomas-Minnesota Tommies",NA,1,NA,20.03,23.9,-3.68,-0.48,-4.15,NA
"5178278","5178278","Savannah McGowan","St. Thomas-Minnesota Tommies","2900","Returning","stats","id","St. Thomas-Minnesota Tommies",NA,3,NA,18.3,21.85,0.6,-1.12,-0.52,NA
"5240769","5240769","Laura Hauge","St. Thomas-Minnesota Tommies","2900","Returning","stats","id","St. Thomas-Minnesota Tommies",NA,2,NA,16.29,19.44,-1.36,-1.17,-2.53,NA
"5262626","5262626","Abbey Vallance","St. Thomas-Minnesota Tommies","2900","Returning","stats","id","St. Thomas-Minnesota Tommies",NA,2,NA,13.04,15.56,-2.93,-0.08,-3,NA
"5108564","5108564","Kammie Ludwig","St. Thomas-Minnesota Tommies","2900","Returning","stats","id","St. Thomas-Minnesota Tommies",NA,4,NA,11.34,13.53,-0.81,-1.42,-2.23,NA
"5314713","5314713","Lydia Aalsma","St. Thomas-Minnesota Tommies","2900","Returning","stats","id","St. Thomas-Minnesota Tommies",NA,1,NA,10.06,12,-1.55,0.02,-1.53,NA
"fr_2900_jaycirath","fr_2900_jaycirath","Jayci Rath","St. Thomas-Minnesota Tommies","2900","Newcomer","newcomer","none","Stewartville","Fr.",0,NA,9.79,11.68,-1.76,-0.72,-2.47,NA
"fr_2900_mayakovacic","fr_2900_mayakovacic","Maya Kovacic","St. Thomas-Minnesota Tommies","2900","Newcomer","newcomer","none","East","Fr.",0,NA,9.38,11.19,-1.76,-0.72,-2.47,NA
"fr_2900_morganstaloch","fr_2900_morganstaloch","Morgan Staloch","St. Thomas-Minnesota Tommies","2900","Newcomer","newcomer","none","Jordan","Fr.",0,NA,8.93,10.66,-1.76,-0.72,-2.47,NA
"fr_2900_samanthavoll","fr_2900_samanthavoll","Samantha Voll","St. Thomas-Minnesota Tommies","2900","Newcomer","newcomer","none","Monticello","Fr.",0,NA,8.61,10.28,-1.76,-0.72,-2.47,NA
"fr_2900_tessadriscoll","fr_2900_tessadriscoll","Tessa Driscoll","St. Thomas-Minnesota Tommies","2900","Newcomer","newcomer","none","Iowa City","Fr.",0,NA,8.02,9.57,-1.76,-0.72,-2.47,NA
"5314714","5314714","Savannah Gage","St. Thomas-Minnesota Tommies","2900","Returning","stats","id","St. Thomas-Minnesota Tommies",NA,1,NA,5.91,7.06,-2.79,-0.7,-3.49,NA
"5314716","5314716","Addison Schliewe","St. Thomas-Minnesota Tommies","2900","Returning","stats","id","St. Thomas-Minnesota Tommies",NA,1,NA,4.61,5.5,-1.61,-0.81,-2.42,NA
"5240770","5240770","Savanah Gardner","St. Thomas-Minnesota Tommies","2900","Returning","stats","id","St. Thomas-Minnesota Tommies",NA,2,NA,4.44,5.3,-0.37,-0.84,-1.21,NA
"5312414","5312414","Hailee Swain","Stanford Cardinal","24","Returning","stats","id","Stanford Cardinal",NA,1,NA,26.93,32.13,1.59,2,3.59,NA
"5242181","5242181","Ilse de Vries","Stanford Cardinal","24","Transfer","stats","id","Miami (OH) RedHawks",NA,2,NA,22,26.25,1.55,1.8,3.35,NA
"5240191","5240191","Inés Sotelo","Stanford Cardinal","24","Transfer","stats","id","Michigan State Spartans",NA,2,NA,20.79,24.82,1.02,1.43,2.45,NA
"5314864","5314864","Charlotte Tuhy","Stanford Cardinal","24","Transfer","stats","id","American University Eagles",NA,1,NA,19.96,23.83,0.81,1.81,2.62,NA
"5312416","5312416","Alexandra Eschmeyer","Stanford Cardinal","24","Returning","stats","id","Stanford Cardinal",NA,1,NA,18.41,21.98,3.94,2.68,6.62,NA
"5238309","5238309","Shay Ijiwoye","Stanford Cardinal","24","Returning","stats","id","Stanford Cardinal",NA,2,NA,15.14,18.07,-0.45,2.08,1.63,NA
"fr_24_jordynwheeler","fr_24_jordynwheeler","Jordyn Wheeler","Stanford Cardinal","24","Top-100 recruit","newcomer","none","Niagara Prep","Fr.",0,89,12.39,14.78,1.19,1.68,2.86,NA
"fr_24_elysengenda","fr_24_elysengenda","Elyse Ngenda","Stanford Cardinal","24","Top-100 recruit","newcomer","none","New Hampton","Fr.",0,95,12.16,14.52,1.12,1.65,2.77,NA
"5312420","5312420","Nora Ezike","Stanford Cardinal","24","Returning","stats","id","Stanford Cardinal",NA,1,NA,11.48,13.7,0.95,0.39,1.34,"No. 85 recruit in 2025; pedigree counts 81% (36 college min)"
"fr_24_inessotelomiguez","fr_24_inessotelomiguez","Inés Sotelo Míguez","Stanford Cardinal","24","International (FIBA)","newcomer","none","Michigan State","Jr.",0,NA,10.82,12.91,0.07,1.72,1.79,NA
"fr_24_gracyngilliard","fr_24_gracyngilliard","Gracyn Gilliard","Stanford Cardinal","24","Newcomer","newcomer","none","Center Grove","Fr.",0,NA,10.39,12.4,0.4,1.36,1.76,NA
"fr_24_kiaragreen","fr_24_kiaragreen","Kiara Green","Stanford Cardinal","24","Newcomer","newcomer","none","Century","Fr.",0,NA,9.93,11.85,0.4,1.36,1.76,NA
"fr_24_wrenwyckshayijiwoye","fr_24_wrenwyckshayijiwoye","Wrenwyck 'Shay' Ijiwoye","Stanford Cardinal","24","Newcomer","newcomer","none","Desert Vista","Jr.",0,NA,9.59,11.45,0.4,1.36,1.76,NA
"5105405","5105405","Myka Perry","Stephen F. Austin Ladyjacks","2617","Returning","stats","id","Stephen F. Austin Ladyjacks",NA,2,NA,28.44,33.94,1.27,-0.45,0.82,NA
"5315700","5315700","Kaylinn Kemp","Stephen F. Austin Ladyjacks","2617","Returning","stats","id","Stephen F. Austin Ladyjacks",NA,1,NA,25.9,30.91,1.24,-0.58,0.66,NA
"5315697","5315697","Aziyah Farrier","Stephen F. Austin Ladyjacks","2617","Returning","stats","id","Stephen F. Austin Ladyjacks",NA,1,NA,22.22,26.52,1.11,1.44,2.55,NA
"5243348","5243348","Cha Gardner","Stephen F. Austin Ladyjacks","2617","Returning","stats","id","Stephen F. Austin Ladyjacks",NA,2,NA,20.18,24.08,1.02,-0.48,0.54,NA
"5175536","5175536","Lydia Cajuste","Stephen F. Austin Ladyjacks","2617","Returning","stats","id","Stephen F. Austin Ladyjacks",NA,2,NA,17.39,20.75,0.09,-1.35,-1.27,NA
"5175534","5175534","Faith Acker","Stephen F. Austin Ladyjacks","2617","Transfer","stats","id","Oklahoma State Cowgirls",NA,3,NA,15.13,18.06,1.67,0.06,1.73,NA
"5315699","5315699","Anika Hyland","Stephen F. Austin Ladyjacks","2617","Returning","stats","id","Stephen F. Austin Ladyjacks",NA,1,NA,14.86,17.74,-1.58,-1.02,-2.59,NA
"fr_2617_alexcrouse","fr_2617_alexcrouse","Alex Crouse","Stephen F. Austin Ladyjacks","2617","Newcomer","newcomer","none",NA,"Fr.",0,NA,12.66,15.11,-0.83,-0.76,-1.59,NA
"fr_2617_brayleewinfrey","fr_2617_brayleewinfrey","Braylee Winfrey","Stephen F. Austin Ladyjacks","2617","Newcomer","newcomer","none",NA,"Fr.",0,NA,11.62,13.87,-0.83,-0.76,-1.59,NA
"fr_2617_kjpinchon","fr_2617_kjpinchon","KJ Pinchon","Stephen F. Austin Ladyjacks","2617","Newcomer","newcomer","none",NA,"Fr.",0,NA,11,13.12,-0.83,-0.76,-1.59,NA
"fr_2617_katiefox","fr_2617_katiefox","Katie Fox","Stephen F. Austin Ladyjacks","2617","Newcomer","newcomer","none",NA,"Fr.",0,NA,10.55,12.59,-0.83,-0.76,-1.59,NA
"fr_2617_tajabennett","fr_2617_tajabennett","Taja Bennett","Stephen F. Austin Ladyjacks","2617","Newcomer","newcomer","none","Oak Cliff Faith Family Academy","Jr.",0,NA,10.05,12,-0.83,-0.76,-1.59,NA
"5243515","5243515","Eva Bradshaw","Stetson Hatters","56","Returning","stats","id","Stetson Hatters",NA,3,NA,25.71,30.68,-3.68,-1.79,-5.47,NA
"5179305","5179305","Jorah Eppley","Stetson Hatters","56","Returning","stats","id","Stetson Hatters",NA,3,NA,23.15,27.63,-0.26,-1.95,-2.21,NA
"5243329","5243329","Candela Garcia-Escribano Pozo","Stetson Hatters","56","Returning","stats","id","Stetson Hatters",NA,2,NA,20.03,23.91,-0.72,-1.97,-2.68,NA
"5315017","5315017","Sophie Locatelli","Stetson Hatters","56","Returning","stats","id","Stetson Hatters",NA,1,NA,17.36,20.72,-2,-1.22,-3.22,NA
"fr_56_addisongodby","fr_56_addisongodby","Addison Godby","Stetson Hatters","56","Newcomer","newcomer","none","Fairland High School","Fr.",0,NA,16.04,19.14,-0.61,-1.32,-1.92,NA
"fr_56_desirecknieves","fr_56_desirecknieves","Desireck Nieves","Stetson Hatters","56","Newcomer","newcomer","none","Central Pointe Christian Academy","Fr.",0,NA,15.98,19.07,-0.61,-1.32,-1.92,NA
"fr_56_heidirathmann","fr_56_heidirathmann","Heidi Rathmann","Stetson Hatters","56","Newcomer","newcomer","none","Antioch Community High School","Fr.",0,NA,14.57,17.39,-0.61,-1.32,-1.92,NA
"fr_56_kierensmith","fr_56_kierensmith","Kieren Smith","Stetson Hatters","56","Newcomer","newcomer","none","Bartlett High School","Fr.",0,NA,13.37,15.96,-0.61,-1.32,-1.92,NA
"5266437","5266437","Sofia Moschen","Stetson Hatters","56","Transfer","stats","id","Bowling Green Falcons",NA,1,NA,13.36,15.94,-0.24,-1.09,-1.33,NA
"fr_56_zoielofton","fr_56_zoielofton","Zoie Lofton","Stetson Hatters","56","Newcomer","newcomer","none","Grayson High School","Fr.",0,NA,12.65,15.1,-0.61,-1.32,-1.92,NA
"5315018","5315018","Cici Driessen","Stetson Hatters","56","Returning","stats","id","Stetson Hatters",NA,3,NA,10.2,12.18,-2.13,-0.84,-2.98,NA
"5315016","5315016","Favour Nmecha Anyaele","Stetson Hatters","56","Returning","stats","id","Stetson Hatters",NA,3,NA,9.35,11.16,0.3,-0.61,-0.31,NA
"5243516","5243516","Raven LeXander","Stetson Hatters","56","Returning","stats","id","Stetson Hatters",NA,2,NA,8.22,9.81,-0.3,-1.58,-1.88,NA
"5178264","5178264","Brooke Paquette","Stonehill Skyhawks","284","Returning","stats","id","Stonehill Skyhawks",NA,3,NA,27.26,32.53,0.3,-2.37,-2.07,NA
"5178265","5178265","Breana Delaney","Stonehill Skyhawks","284","Returning","stats","id","Stonehill Skyhawks",NA,3,NA,24.16,28.84,-3.34,-3.61,-6.95,NA
"5242536","5242536","Julia Webster","Stonehill Skyhawks","284","Returning","stats","id","Stonehill Skyhawks",NA,2,NA,22.6,26.97,-0.08,-2.8,-2.88,NA
"5315319","5315319","Ella Pelletier","Stonehill Skyhawks","284","Returning","stats","id","Stonehill Skyhawks",NA,1,NA,20.72,24.73,1.31,-1.32,0,NA
"5315320","5315320","Reese Roggenburk","Stonehill Skyhawks","284","Returning","stats","id","Stonehill Skyhawks",NA,1,NA,17.44,20.81,2.48,-1.2,1.27,NA
"5242533","5242533","Bella Mallory","Stonehill Skyhawks","284","Returning","stats","id","Stonehill Skyhawks",NA,3,NA,12.68,15.14,-7.22,-2.36,-9.58,NA
"fr_284_emmaarca","5178267","Emma Arcà","Stonehill Skyhawks","284","Returning","history","name","St. Andrews School","Sr.",0,NA,11.66,13.92,-4.1,-2.99,-7.09,NA
"5242535","5242535","Phoena Dadson","Stonehill Skyhawks","284","Returning","stats","id","Stonehill Skyhawks",NA,2,NA,10.73,12.81,-3.99,-1.24,-5.23,NA
"5242531","5242531","Shira Elkis","Stonehill Skyhawks","284","Returning","stats","id","Stonehill Skyhawks",NA,2,NA,9.31,11.11,-4.26,-3.19,-7.45,NA
"5315318","5315318","Rissi Smith","Stonehill Skyhawks","284","Returning","stats","id","Stonehill Skyhawks",NA,1,NA,8.43,10.06,-3.27,-1.71,-4.98,NA
"5178268","5178268","Catelyn Wheeler","Stonehill Skyhawks","284","Returning","stats","id","Stonehill Skyhawks",NA,3,NA,8.33,9.94,-0.7,-1.61,-2.3,NA
"fr_284_caitlinboyle","fr_284_caitlinboyle","Caitlin Boyle","Stonehill Skyhawks","284","Newcomer","newcomer","none","Bishop Fenwick","Fr.",0,NA,7.95,9.48,-2.86,-2.25,-5.11,NA
"fr_284_molliemullen","fr_284_molliemullen","Mollie Mullen","Stonehill Skyhawks","284","Newcomer","newcomer","none","Bishop Feehan","Fr.",0,NA,7.38,8.8,-2.86,-2.25,-5.11,NA
"fr_284_skylerwalker","fr_284_skylerwalker","Skyler Walker","Stonehill Skyhawks","284","Newcomer","newcomer","none","The Williston Northampton School","Fr.",0,NA,6.76,8.07,-2.86,-2.25,-5.11,NA
"5242532","5242532","Sydney McLaughlin","Stonehill Skyhawks","284","Returning","stats","id","Stonehill Skyhawks",NA,2,NA,4.58,5.47,-5.1,-2.92,-8.02,NA
"5240706","5240706","Caitlin Frost","Stony Brook Seawolves","2619","Returning","stats","id","Stony Brook Seawolves",NA,2,NA,26.93,32.14,-2.83,0.44,-2.39,NA
"5312022","5312022","Johanna Potter","Stony Brook Seawolves","2619","Returning","stats","id","Stony Brook Seawolves",NA,1,NA,22.22,26.52,-0.9,-1.45,-2.34,NA
"5313618","5313618","Deb Okechukwu","Stony Brook Seawolves","2619","Transfer","stats","id","Rider Broncs",NA,3,NA,17.47,20.86,-2.79,0.17,-2.62,NA
"5242185","5242185","Jada Cook","Stony Brook Seawolves","2619","Transfer","stats","id","Murray State Racers",NA,2,NA,15.81,18.87,-2.19,-0.65,-2.84,NA
"5312023","5312023","Alex Brown","Stony Brook Seawolves","2619","Returning","stats","id","Stony Brook Seawolves",NA,1,NA,15.57,18.59,-0.65,-0.66,-1.31,NA
"5241764","5241764","Irene Rey Pineda","Stony Brook Seawolves","2619","Transfer","stats","id","Canisius Golden Griffins",NA,2,NA,15.04,17.95,-4.88,-1.69,-6.58,NA
"5311600","5311600","Awa Fane","Stony Brook Seawolves","2619","Transfer","stats","id","Mississippi State Bulldogs",NA,3,NA,14.74,17.59,0.89,-0.1,0.79,NA
"5239397","5239397","Leah Philpotts","Stony Brook Seawolves","2619","Transfer","stats","id","Charleston Cougars",NA,2,NA,13.82,16.5,-0.38,-0.13,-0.51,NA
"5238279","5238279","Raiane Dias Dos Santos","Stony Brook Seawolves","2619","Transfer","stats","id","Virginia Cavaliers",NA,3,NA,13.48,16.09,-0.68,-0.29,-0.98,NA
"5174383","5174383","Melissa Mwanza","Stony Brook Seawolves","2619","Returning","stats","id","Stony Brook Seawolves",NA,3,NA,12.41,14.81,-0.35,0.02,-0.32,NA
"5240243","5240243","Ariel Little","Stony Brook Seawolves","2619","Transfer","stats","id","St. John's Red Storm",NA,2,NA,12.31,14.7,-2.85,0.17,-2.69,NA
"5239395","5239395","Alana Philpotts","Stony Brook Seawolves","2619","Transfer","stats","id","Charleston Cougars",NA,2,NA,10.99,13.11,-1.83,-0.84,-2.67,NA
"fr_2619_trinitydavis","fr_2619_trinitydavis","Trinity Davis","Stony Brook Seawolves","2619","Newcomer","newcomer","none","Bishop McNamara Catholic/Tyler","So.",0,NA,9.2,10.98,-2.38,-0.4,-2.78,NA
"5312424","5312424","Uche Izoje","Syracuse Orange","183","Returning","stats","id","Syracuse Orange",NA,1,NA,28.95,34.55,6.37,3.1,9.46,NA
"5174754","5174754","Jaleesa Molina","Syracuse Orange","183","Transfer","stats","id","Temple Owls",NA,3,NA,23.22,27.71,1.43,2,3.43,NA
"5175894","5175894","Sarah Rambus","Syracuse Orange","183","Transfer","stats","id","Oregon Ducks",NA,3,NA,20.67,24.67,2.27,1.71,3.98,NA
"4704510","4704510","Tyi Skinner","Syracuse Orange","183","Transfer","stats","id","SMU Mustangs",NA,4,NA,20.5,24.46,2.8,-0.59,2.21,NA
"5238314","5238314","Shy Hawkins","Syracuse Orange","183","Returning","stats","id","Syracuse Orange",NA,2,NA,19.03,22.71,2.49,1.29,3.78,NA
"5239475","5239475","Emely Rodriguez","Syracuse Orange","183","Transfer","stats","id","Iowa Hawkeyes",NA,2,NA,17.31,20.65,1.83,1.09,2.92,NA
"5238313","5238313","Olivia Schmitt","Syracuse Orange","183","Returning","stats","id","Syracuse Orange",NA,2,NA,14.47,17.27,-0.98,1.16,0.19,NA
"5174266","5174266","Angelica Velez","Syracuse Orange","183","Returning","stats","id","Syracuse Orange",NA,3,NA,12.89,15.38,-2.35,1.33,-1.02,NA
"5238312","5238312","Keira Scott","Syracuse Orange","183","Returning","stats","id","Syracuse Orange",NA,2,NA,11.4,13.61,-0.71,0.96,0.25,NA
"fr_183_celainericco","fr_183_celainericco","Celaine Ricco","Syracuse Orange","183","Newcomer","newcomer","none",NA,"Fr.",0,NA,10.96,13.08,0.46,1.4,1.86,NA
"fr_183_elifcayir","fr_183_elifcayir","Elif Cayir","Syracuse Orange","183","Newcomer","newcomer","none",NA,"Fr.",0,NA,10.48,12.5,0.46,1.4,1.86,NA
"fr_183_madisonhoward","fr_183_madisonhoward","Madison Howard","Syracuse Orange","183","Newcomer","newcomer","none","Monsignor Scanlon (NY)","Fr.",0,NA,10.12,12.08,0.46,1.4,1.86,NA
"5107595","5107595","Caroline Lyles","Tarleton State Texans","2627","Returning","stats","id","Tarleton State Texans",NA,3,NA,30.26,36.11,1.05,0.5,1.55,NA
"5315368","5315368","Brooklyn King","Tarleton State Texans","2627","Transfer","stats","id","Furman Paladins",NA,1,NA,26.21,31.28,-2.34,1.07,-1.27,NA
"5315731","5315731","Kristian Hieskill","Tarleton State Texans","2627","Returning","stats","id","Tarleton State Texans",NA,1,NA,22.24,26.55,-2.48,-0.86,-3.34,NA
"5315712","5315712","Rose Boisnel","Tarleton State Texans","2627","Transfer","stats","id","Utah Tech Trailblazers",NA,1,NA,21.39,25.53,-3.04,-0.87,-3.91,NA
"5174411","5174411","Lucia Navarro","Tarleton State Texans","2627","Transfer","stats","id","Oregon State Beavers",NA,3,NA,20.68,24.68,-3.56,-0.9,-4.46,NA
"5315730","5315730","Nyah Buntun","Tarleton State Texans","2627","Returning","stats","id","Tarleton State Texans",NA,1,NA,18.05,21.54,-3.01,-1.15,-4.16,NA
"5315732","5315732","Alexis Rynders","Tarleton State Texans","2627","Returning","stats","id","Tarleton State Texans",NA,1,NA,16.82,20.08,-2.39,-0.4,-2.79,NA
"5177898","5177898","Jailynn Brill","Tarleton State Texans","2627","Returning","stats","id","Tarleton State Texans",NA,3,NA,16.33,19.49,-2.12,-0.69,-2.81,NA
"5315733","5315733","Jaylynn Perez-Richard","Tarleton State Texans","2627","Returning","stats","id","Tarleton State Texans",NA,1,NA,14.01,16.72,-3.47,-0.88,-4.35,NA
"pad_2627_1","pad_2627_1","Unlisted roster spot","Tarleton State Texans","2627","Unlisted spot","pad","pad",NA,NA,0,NA,14.01,16.72,-5.46,-1.72,-7.18,NA
"5239079","5239079","Clara Silva","TCU Horned Frogs","2628","Returning","stats","id","TCU Horned Frogs",NA,2,NA,26.62,31.77,5.32,4.33,9.64,NA
"5238302","5238302","Lanie Grant","TCU Horned Frogs","2628","Transfer","stats","id","North Carolina Tar Heels",NA,2,NA,26.13,31.18,5,2.43,7.43,NA
"5239469","5239469","Jadyn Wooten","TCU Horned Frogs","2628","Transfer","stats","id","Oklahoma State Cowgirls",NA,2,NA,24.04,28.69,5.53,2.1,7.63,NA
"5312419","5312419","Lara Somfai","TCU Horned Frogs","2628","Transfer","stats","id","Stanford Cardinal",NA,1,NA,20.77,24.79,3.99,3.75,7.74,NA
"5311612","5311612","Bella Hines","TCU Horned Frogs","2628","Transfer","stats","id","LSU Tigers",NA,1,NA,18.69,22.31,4.59,2.85,7.44,"No. 32 recruit in 2025; pedigree counts 26% (430 college min)"
"5312749","5312749","Clara Bielefeld","TCU Horned Frogs","2628","Returning","stats","id","TCU Horned Frogs",NA,1,NA,15.92,18.99,1.09,3.21,4.3,NA
"5311811","5311811","Avery Hjelmstad","TCU Horned Frogs","2628","Transfer","stats","id","Utah Utes",NA,1,NA,14.72,17.57,2.75,1.54,4.29,"No. 44 recruit in 2025; pedigree counts 25% (441 college min)"
"5312392","5312392","Camille Williams","TCU Horned Frogs","2628","Redshirt (2025 recruit)","stats","none","Miami Hurricanes",NA,1,NA,12.11,14.45,3.37,3.1,6.47,"No. 36 recruit in 2025; pedigree counts 100% (no college minutes yet)"
"fr_2628_lauravilcinskas","fr_2628_lauravilcinskas","Laura Vilcinskas","TCU Horned Frogs","2628","International (FIBA)","newcomer","none",NA,"Fr.",0,NA,10.87,12.97,1.28,2.82,4.1,NA
"5312748","5312748","Sarah Portlock","TCU Horned Frogs","2628","Newcomer","stats","none","TCU Horned Frogs",NA,1,NA,10.45,12.47,1.59,2.43,4.02,NA
"fr_2628_claudiacontell","fr_2628_claudiacontell","Claudia Contell","TCU Horned Frogs","2628","Newcomer","newcomer","none",NA,"Sr.",0,NA,10,11.93,1.59,2.43,4.02,NA
"fr_2628_jessiemayhall","fr_2628_jessiemayhall","Jessie-May Hall","TCU Horned Frogs","2628","Newcomer","newcomer","none","Barker College","Fr.",0,NA,9.68,11.55,1.59,2.43,4.02,NA
"5177904","5177904","Kaylah Turner","Temple Owls","218","Returning","stats","id","Temple Owls",NA,3,NA,31.3,37.36,4.46,0.45,4.91,NA
"5174755","5174755","Tristen Taylor","Temple Owls","218","Returning","stats","id","Temple Owls",NA,3,NA,28.07,33.5,1,-0.17,0.83,NA
"5175447","5175447","Saniyah Craig","Temple Owls","218","Returning","stats","id","Temple Owls",NA,3,NA,25.82,30.81,3.36,0.43,3.79,NA
"5311699","5311699","Shayla Smith","Temple Owls","218","Transfer","stats","id","Penn State Lady Lions",NA,1,NA,19.09,22.79,0,0.73,0.73,NA
"5242485","5242485","Taliyah Logwood","Temple Owls","218","Transfer","stats","id","Texas Southern Tigers",NA,2,NA,18.1,21.61,4.59,-0.27,4.32,NA
"5239444","5239444","Timya Grice","Temple Owls","218","Transfer","stats","id","Arizona State Sun Devils",NA,2,NA,15.18,18.12,-0.55,-0.48,-1.03,NA
"5315558","5315558","Ariana Meriedy","Temple Owls","218","Returning","stats","id","Temple Owls",NA,1,NA,13.93,16.62,-0.77,-0.09,-0.85,NA
"fr_218_labreacarter","fr_218_labreacarter","LaBrea Carter","Temple Owls","218","Newcomer","newcomer","none","Digital Pioneers Academy","Fr.",0,NA,13.83,16.51,-0.83,-0.19,-1.02,NA
"fr_218_mariahcross","fr_218_mariahcross","Mariah Cross","Temple Owls","218","Newcomer","newcomer","none","Wayne Memorial High School","Fr.",0,NA,12.71,15.17,-0.83,-0.19,-1.02,NA
"fr_218_mylabenton","fr_218_mylabenton","Myla Benton","Temple Owls","218","Newcomer","newcomer","none","Greater Atlanta Christian","Jr.",0,NA,12.03,14.36,-0.83,-0.19,-1.02,NA
"5240902","5240902","Khloe Miller","Temple Owls","218","Returning","stats","id","Temple Owls",NA,1,NA,9.93,11.85,-1.01,-0.61,-1.62,NA
"5239906","5239906","Avery Mills","Tennessee Lady Volunteers","2633","Transfer","stats","id","Liberty Flames",NA,2,NA,19.83,23.66,7.19,0.9,8.09,NA
"5241484","5241484","Naomi White","Tennessee Lady Volunteers","2633","Transfer","stats","id","Northern Arizona Lumberjacks",NA,1,NA,19.82,23.65,3.38,0.56,3.94,NA
"5174444","5174444","Rylie Theuerkauf","Tennessee Lady Volunteers","2633","Transfer","stats","id","Georgia Lady Bulldogs",NA,3,NA,19.06,22.74,5.56,1.1,6.67,NA
"5106189","5106189","Kennedy Fauntleroy","Tennessee Lady Volunteers","2633","Transfer","stats","id","East Carolina Pirates",NA,4,NA,18.23,21.75,2.23,2.07,4.31,NA
"5178583","5178583","Fatmata Janneh","Tennessee Lady Volunteers","2633","Transfer","stats","id","Texas A&M Aggies",NA,3,NA,16.83,20.08,4.61,3.95,8.56,NA
"noid_2633_aaliyahmoore","4433794","Aaliyah Moore","Tennessee Lady Volunteers","2633","Transfer","stats","name","Texas Longhorns",NA,4,NA,15.9,18.98,5.47,3.55,9.02,"Missed 2025-26; 2024-25: 19.6 mpg, 7.9 ppg"
"5240239","5240239","Jada Eads","Tennessee Lady Volunteers","2633","Transfer","stats","id","Seton Hall Pirates",NA,2,NA,12.15,14.51,3.94,2.85,6.79,NA
"4618080","4618080","Kaylene Smikle","Tennessee Lady Volunteers","2633","Transfer","stats","id","Maryland Terrapins",NA,4,NA,12.05,14.38,6.5,1.72,8.22,NA
"5175046","5175046","Riley Makalusky","Tennessee Lady Volunteers","2633","Transfer","stats","id","West Virginia Mountaineers",NA,3,NA,11.78,14.06,2.71,1.67,4.38,NA
"5311713","5311713","Harissoum Coulibaly","Tennessee Lady Volunteers","2633","Transfer","stats","id","Auburn Tigers",NA,1,NA,11.76,14.03,2.78,2.23,5.01,NA
"5311702","5311702","Zhen Craft","Tennessee Lady Volunteers","2633","Transfer","stats","id","Georgia Lady Bulldogs",NA,1,NA,11.06,13.2,3.73,2.16,5.9,"No. 46 recruit in 2025; pedigree counts 26% (425 college min)"
"5240205","5240205","Shaelyn Steele","Tennessee Lady Volunteers","2633","Transfer","stats","id","Penn State Lady Lions",NA,2,NA,9.09,10.84,0.15,1.65,1.8,NA
"fr_2633_gabbyminus","fr_2633_gabbyminus","Gabby Minus","Tennessee Lady Volunteers","2633","Top-100 recruit","newcomer","none","Hebron Christian Academy","Fr.",0,64,8.47,10.11,2.42,2.27,4.69,NA
"5238310","5238310","Harper Peterson","Tennessee Lady Volunteers","2633","Transfer","stats","id","Stanford Cardinal",NA,2,NA,7.92,9.45,-0.21,0.43,0.22,NA
"fr_2633_ireneoboavwoduo","fr_2633_ireneoboavwoduo","Irene Oboavwoduo","Tennessee Lady Volunteers","2633","International (FIBA)","newcomer","none","Trinity Church of England H.S.","Fr.",0,NA,6.06,7.24,0.31,1.72,2.03,NA
"5242691","5242691","Erin Martin","Tennessee State Lady Tigers","2634","Returning","stats","id","Tennessee State Lady Tigers",NA,2,NA,28.34,33.82,2.26,-0.69,1.57,NA
"5242687","5242687","Somah Kamara","Tennessee State Lady Tigers","2634","Returning","stats","id","Tennessee State Lady Tigers",NA,2,NA,24.93,29.75,-1.87,-1.63,-3.49,NA
"5242689","5242689","Genesis Harris","Tennessee State Lady Tigers","2634","Returning","stats","id","Tennessee State Lady Tigers",NA,2,NA,21.79,26,-4.3,-2.38,-6.68,NA
"5240604","5240604","Addison Melton","Tennessee State Lady Tigers","2634","Transfer","stats","id","Lipscomb Bisons",NA,2,NA,18.31,21.85,-1.6,-2.09,-3.69,NA
"5242953","5242953","Laila Lancaster","Tennessee State Lady Tigers","2634","Returning","stats","id","Tennessee State Lady Tigers",NA,2,NA,15.33,18.3,-5.1,-2.11,-7.21,NA
"5315630","5315630","Icesis Thomas","Tennessee State Lady Tigers","2634","Returning","stats","id","Tennessee State Lady Tigers",NA,1,NA,14.96,17.86,-4.46,-1.57,-6.03,NA
"fr_2634_adriennehunt","fr_2634_adriennehunt","Adrienne Hunt","Tennessee State Lady Tigers","2634","Newcomer","newcomer","none",NA,"Fr.",0,NA,12.29,14.67,-3.01,-1.7,-4.72,NA
"5318415","5318415","Nandinkhusel Nyamjav","Tennessee State Lady Tigers","2634","Transfer (non-D1)","stats","none","Florida Tech Panthers",NA,1,NA,12.25,14.62,-2.77,-2,-4.77,"Valued at the D2/NAIA level (assumed)"
"fr_2634_danicalazic","fr_2634_danicalazic","Danica Lazic","Tennessee State Lady Tigers","2634","Newcomer","newcomer","none",NA,"Fr.",0,NA,11.6,13.85,-3.01,-1.7,-4.72,NA
"fr_2634_lakiaraalexander","fr_2634_lakiaraalexander","LaKiara Alexander","Tennessee State Lady Tigers","2634","Newcomer","newcomer","none",NA,"Fr.",0,NA,11.1,13.25,-3.01,-1.7,-4.72,NA
"fr_2634_raeganstarks","fr_2634_raeganstarks","Raegan Starks","Tennessee State Lady Tigers","2634","Newcomer","newcomer","none","Walters State","Jr.",0,NA,10.56,12.6,-3.01,-1.7,-4.72,NA
"fr_2634_sherryzheng","fr_2634_sherryzheng","Sherry Zheng","Tennessee State Lady Tigers","2634","Newcomer","newcomer","none",NA,"Fr.",0,NA,10.16,12.13,-3.01,-1.7,-4.72,NA
"5315631","5315631","Zoe Young","Tennessee State Lady Tigers","2634","Returning","stats","id","Tennessee State Lady Tigers",NA,1,NA,8.36,9.98,-4.53,-1.17,-5.69,NA
"5315632","5315632","LaReesha Cawthorn","Tennessee Tech Golden Eagles","2635","Returning","stats","id","Tennessee Tech Golden Eagles",NA,1,NA,31.59,37.7,2.69,1.3,3.99,NA
"5178124","5178124","Karson Martin","Tennessee Tech Golden Eagles","2635","Transfer","stats","id","Quinnipiac Bobcats",NA,3,NA,25.88,30.88,1.71,0.8,2.51,NA
"5239969","5239969","Savannah Davis","Tennessee Tech Golden Eagles","2635","Transfer","stats","id","Middle Tennessee Blue Raiders",NA,2,NA,25.84,30.84,-0.81,0.01,-0.8,NA
"5181733","5181733","Amaya Thomas","Tennessee Tech Golden Eagles","2635","Returning","stats","id","Tennessee Tech Golden Eagles",NA,3,NA,20.35,24.29,-1.15,-1.42,-2.57,NA
"5315633","5315633","Lyriq Mastin","Tennessee Tech Golden Eagles","2635","Returning","stats","id","Tennessee Tech Golden Eagles",NA,1,NA,19.06,22.75,-2.91,-1.16,-4.07,NA
"5176128","5176128","Morgan Sieper","Tennessee Tech Golden Eagles","2635","Transfer","stats","id","Southern Miss Lady Eagles",NA,3,NA,19.01,22.69,-2.03,-1.21,-3.24,NA
"5315635","5315635","Amaya Redd","Tennessee Tech Golden Eagles","2635","Returning","stats","id","Tennessee Tech Golden Eagles",NA,1,NA,18.06,21.55,-2.21,-0.48,-2.69,NA
"5242682","5242682","Amelia Pfeiffer","Tennessee Tech Golden Eagles","2635","Returning","stats","id","Tennessee Tech Golden Eagles",NA,2,NA,13.74,16.4,-4.86,-1.24,-6.1,NA
"5242684","5242684","Maddy Newman","Tennessee Tech Golden Eagles","2635","Returning","stats","id","Tennessee Tech Golden Eagles",NA,2,NA,13.73,16.38,0.32,-1.11,-0.79,NA
"pad_2635_1","pad_2635_1","Unlisted roster spot","Tennessee Tech Golden Eagles","2635","Unlisted spot","pad","pad",NA,NA,0,NA,12.74,15.2,-5.1,-2.21,-7.31,NA
"5182300","5182300","Asha Walker","Texas A&M-Corpus Christi Islanders","357","Returning","stats","id","Texas A&M-Corpus Christi Islanders",NA,3,NA,29.45,35.15,-1.78,-2.63,-4.41,NA
"5242462","5242462","Rayna Williams","Texas A&M-Corpus Christi Islanders","357","Returning","stats","id","Texas A&M-Corpus Christi Islanders",NA,2,NA,25.46,30.39,-3.65,-1.69,-5.34,NA
"fr_357_caitlinlord","fr_357_caitlinlord","Caitlin Lord","Texas A&M-Corpus Christi Islanders","357","Newcomer","newcomer","none","Three Rivers CC","Jr.",0,NA,17.71,21.13,-3.35,-1.76,-5.11,NA
"5108665","5108665","Andrea Chiquemba","Texas A&M-Corpus Christi Islanders","357","Transfer","stats","id","Bellarmine Knights",NA,3,NA,16.87,20.14,-3.31,-3.06,-6.37,NA
"fr_357_laurafranceswillis","fr_357_laurafranceswillis","Laura Frances Willis","Texas A&M-Corpus Christi Islanders","357","Newcomer","newcomer","none","North Oconee HS","Fr.",0,NA,16.07,19.18,-3.35,-1.76,-5.11,NA
"fr_357_carmensanchezramos","fr_357_carmensanchezramos","Carmen Sánchez-Ramos","Texas A&M-Corpus Christi Islanders","357","Newcomer","newcomer","none","Colegio Peñalar","Fr.",0,NA,15.84,18.91,-3.35,-1.76,-5.11,NA
"fr_357_lynnrieth","fr_357_lynnrieth","Lynn Rieth","Texas A&M-Corpus Christi Islanders","357","Newcomer","newcomer","none","Three Rivers CC","R-Jr.",0,NA,14.61,17.43,-3.35,-1.76,-5.11,NA
"5243321","5243321","Chelsy Singleton","Texas A&M-Corpus Christi Islanders","357","Transfer","stats","id","Shorter Hawks",NA,3,NA,13.59,16.22,-3.58,-1.11,-4.7,"Missed 2025-26; 2024-25: 5.2 mpg, 0.9 ppg"
"fr_357_nadiamerinoruiz","fr_357_nadiamerinoruiz","Nadia Merino Ruiz","Texas A&M-Corpus Christi Islanders","357","Newcomer","newcomer","none","Unicaja Málaga","Fr.",0,NA,13.35,15.93,-3.35,-1.76,-5.11,NA
"5315289","5315289","Andjela Marojevic","Texas A&M-Corpus Christi Islanders","357","Transfer","stats","id","Utah State Aggies",NA,2,NA,12.85,15.34,-1.29,-1.22,-2.51,NA
"fr_357_silleliismolder","fr_357_silleliismolder","Sille-Liis Mölder","Texas A&M-Corpus Christi Islanders","357","Newcomer","newcomer","none","Chipola College","Jr.",0,NA,12.59,15.03,-3.35,-1.76,-5.11,NA
"fr_357_lorizlatoper","fr_357_lorizlatoper","Lori Zlatoper","Texas A&M-Corpus Christi Islanders","357","International (FIBA)","newcomer","none","Prirodoslovna Škola Vladimira Preloga","Fr.",0,NA,11.6,13.84,-5,-2.37,-7.37,NA
"5174268","5174268","Janae Kent","Texas A&M Aggies","245","Returning","stats","id","Texas A&M Aggies",NA,3,NA,24.79,29.59,2.19,0.87,3.06,NA
"5174249","5174249","Essence Cody","Texas A&M Aggies","245","Transfer","stats","id","Alabama Crimson Tide",NA,3,NA,24.03,28.67,5.87,2.49,8.36,NA
"5174262","5174262","Miyah Verse","Texas A&M Aggies","245","Transfer","stats","id","Georgia Lady Bulldogs",NA,2,NA,20.17,24.07,2.7,2.91,5.62,NA
"5175426","5175426","Salese Blow","Texas A&M Aggies","245","Returning","stats","id","Texas A&M Aggies",NA,3,NA,19.6,23.4,1.75,0.42,2.17,NA
"5197230","5197230","Kaniya Boyd","Texas A&M Aggies","245","Transfer","stats","id","Tennessee Lady Volunteers",NA,2,NA,15.92,19,1.43,1.75,3.18,NA
"5105714","5105714","Kailyn Gilbert","Texas A&M Aggies","245","Transfer","stats","id","LSU Tigers",NA,4,NA,14.64,17.47,1.62,0.97,2.59,NA
"fr_245_rieyandesouze","fr_245_rieyandesouze","Rieyan DeSouze","Texas A&M Aggies","245","Top-100 recruit","newcomer","none",NA,"Fr.",0,43,13.83,16.5,1.23,1.79,3.03,NA
"5178407","5178407","Emerald Parker","Texas A&M Aggies","245","Returning","stats","id","Texas A&M Aggies",NA,2,NA,13.78,16.44,0.1,0.62,0.72,NA
"fr_245_jaydaporter","fr_245_jaydaporter","Jayda Porter","Texas A&M Aggies","245","Top-100 recruit","newcomer","none",NA,"Fr.",0,48,13.5,16.11,1.11,1.75,2.86,NA
"5311562","5311562","Anita Franchini","Texas A&M Aggies","245","Returning","stats","id","Texas A&M Aggies",NA,1,NA,10.31,12.3,-1.05,0.81,-0.25,NA
"5107444","5107444","Pien Steenbergen","Texas A&M Aggies","245","Returning","stats","id","Texas A&M Aggies",NA,3,NA,9.1,10.86,-2.01,1.32,-0.69,NA
"5311558","5311558","Chaney Spencer","Texas A&M Aggies","245","Returning","stats","id","Texas A&M Aggies",NA,1,NA,6.39,7.62,-3.52,0.16,-3.36,NA
"5174304","5174304","Vanessa Saidu","Texas A&M Aggies","245","Returning","stats","id","Texas A&M Aggies",NA,3,NA,6.32,7.54,-2.56,0.57,-1.99,NA
"5311560","5311560","Ibifaa Azogu","Texas A&M Aggies","245","Returning","stats","id","Texas A&M Aggies",NA,1,NA,4.3,5.13,-2.13,-0.38,-2.52,NA
"5311561","5311561","Gianna Gentry","Texas A&M Aggies","245","Returning","stats","id","Texas A&M Aggies",NA,1,NA,3.33,3.97,-1.65,-0.37,-2.02,NA
"5175792","5175792","Madison Booker","Texas Longhorns","251","Returning","stats","id","Texas Longhorns",NA,3,NA,29.62,35.35,10.44,6.74,17.18,NA
"5239093","5239093","Zya Vann","Texas Longhorns","251","Transfer","stats","id","Oklahoma Sooners",NA,2,NA,24.69,29.46,5.17,4.69,9.86,NA
"5175870","5175870","Breya Cunningham","Texas Longhorns","251","Returning","stats","id","Texas Longhorns",NA,3,NA,23.42,27.95,7.55,6.4,13.95,NA
"5239103","5239103","Bryanna Preston","Texas Longhorns","251","Returning","stats","id","Texas Longhorns",NA,2,NA,18.51,22.09,5.91,4.84,10.75,NA
"5240913","5240913","Lovisa Asbrink Hose","Texas Longhorns","251","Transfer","stats","id","Texas Longhorns",NA,2,NA,16.79,20.03,-0.38,1.15,0.77,"Missed 2025-26; 2024-25: 13.9 mpg, 3.2 ppg"
"5174415","5174415","Jada Bediako","Texas Longhorns","251","Transfer","stats","id","Marquette Golden Eagles",NA,3,NA,12.48,14.89,1.28,1.43,2.72,NA
"fr_251_addisonbjorn","fr_251_addisonbjorn","Addison Bjorn","Texas Longhorns","251","Top-100 recruit","newcomer","none","Park Hill South","Fr.",0,10,12.17,14.52,6.15,5.08,11.23,NA
"fr_251_brihannacrittendon","fr_251_brihannacrittendon","Brihanna Crittendon","Texas Longhorns","251","Top-100 recruit","newcomer","none","Riverdale Ridge","Fr.",0,12,11.58,13.82,5.95,5.01,10.96,NA
"fr_251_lizzyspaight","fr_251_lizzyspaight","Lizzy Spaight","Texas Longhorns","251","Top-100 recruit","newcomer","none","Bishop Gorman","Fr.",0,15,10.86,12.97,5.7,4.93,10.63,NA
"fr_251_jaydaclark","fr_251_jaydaclark","Jayda Clark","Texas Longhorns","251","Newcomer","newcomer","none","Centre of Excellence","Fr.",0,NA,9.71,11.59,2.94,3.93,6.87,NA
"fr_251_isietute","fr_251_isietute","Isi Etute","Texas Longhorns","251","Top-100 recruit","newcomer","none","IMG Academy","Fr.",0,24,9.35,11.16,5.18,4.75,9.93,NA
"fr_251_amaliaholguin","fr_251_amaliaholguin","Amalia Holguin","Texas Longhorns","251","Top-100 recruit","newcomer","none","Sage Hill","Fr.",0,47,7.19,8.59,4.44,4.49,8.93,NA
"5122915","5122915","Sarah Graves","Texas Longhorns","251","Returning","stats","id","Texas Longhorns",NA,4,NA,7.16,8.54,2.33,2.4,4.73,NA
"5311567","5311567","Grace Prenter","Texas Longhorns","251","Returning","stats","id","Texas Longhorns",NA,1,NA,6.47,7.72,-0.56,2.18,1.61,NA
"5177241","5177241","Malaya LeSueur","Texas Southern Tigers","2640","Returning","stats","id","Texas Southern Tigers",NA,3,NA,26.72,31.89,-2.96,-1.94,-4.9,NA
"5174747","5174747","Aaliyah Henderson","Texas Southern Tigers","2640","Returning","stats","id","Texas Southern Tigers",NA,3,NA,24.32,29.02,-0.74,-2.1,-2.84,NA
"5241925","5241925","Bailey Burns","Texas Southern Tigers","2640","Transfer","stats","id","Jacksonville Dolphins",NA,3,NA,21.97,26.21,-1.42,-1.19,-2.61,NA
"5242444","5242444","Michaela Bogans","Texas Southern Tigers","2640","Transfer","stats","id","Morgan State Lady Bears",NA,2,NA,16.65,19.87,-3.06,-1.61,-4.67,NA
"5315744","5315744","Fenishka Bertho","Texas Southern Tigers","2640","Returning","stats","id","Texas Southern Tigers",NA,3,NA,16.6,19.81,-2.39,-2.11,-4.49,NA
"5315211","5315211","Marianah Achol","Texas Southern Tigers","2640","Transfer","stats","id","Troy Trojans",NA,1,NA,15.51,18.52,-2.28,-0.52,-2.8,NA
"5240360","5240360","Alisa Blalock","Texas Southern Tigers","2640","Returning","stats","id","Texas Southern Tigers",NA,3,NA,15.45,18.44,-4.76,-1.94,-6.7,NA
"5315649","5315649","Jayla Cornelius","Texas Southern Tigers","2640","Transfer","stats","id","Arkansas-Pine Bluff Golden Lions",NA,2,NA,13.97,16.67,-1.75,-1.67,-3.42,NA
"5312982","5312982","DeAvion Wilson","Texas Southern Tigers","2640","Transfer","stats","id","New Mexico State Aggies",NA,1,NA,13.33,15.91,-3.13,-0.96,-4.09,NA
"5239913","5239913","Mame Kane","Texas Southern Tigers","2640","Transfer","stats","id","Kennesaw State Owls",NA,2,NA,12.22,14.59,-3.47,-1.46,-4.93,NA
"5175468","5175468","Kaitlyn Adams","Texas Southern Tigers","2640","Transfer","stats","id","Delaware State Hornets",NA,3,NA,12,14.32,-1.88,-0.81,-2.69,NA
"5314950","5314950","Kennedi Ard","Texas Southern Tigers","2640","Transfer","stats","id","Indiana State Sycamores",NA,2,NA,11.25,13.43,-3.03,-1.06,-4.1,NA
"5241466","5241466","Saniya Burks","Texas State Bobcats","326","Returning","stats","id","Texas State Bobcats",NA,2,NA,28.39,33.88,1.43,-0.44,0.99,NA
"5315206","5315206","Kyra Anderson","Texas State Bobcats","326","Returning","stats","id","Texas State Bobcats",NA,2,NA,26.17,31.24,3.26,0.66,3.92,NA
"5178505","5178505","Lay Fantroy","Texas State Bobcats","326","Transfer","stats","id","Delaware Blue Hens",NA,3,NA,20.55,24.52,1.09,2.04,3.13,NA
"5174771","5174771","Crystal Henderson","Texas State Bobcats","326","Transfer","stats","id","Georgia State Panthers",NA,3,NA,18.51,22.09,1.71,-0.79,0.92,NA
"5240605","5240605","Sofia Ceppellotti","Texas State Bobcats","326","Transfer","stats","id","North Alabama Lions",NA,2,NA,16.25,19.39,-1.01,-1.05,-2.07,NA
"5178197","5178197","Cali Denson","Texas State Bobcats","326","Transfer","stats","id","Oakland Golden Grizzlies",NA,2,NA,15.04,17.95,0.89,-1.78,-0.89,NA
"5312892","5312892","Aliyah Carter","Texas State Bobcats","326","Transfer","stats","id","Cal State Bakersfield Roadrunners",NA,2,NA,13.16,15.7,-1.42,0,-1.43,NA
"5241965","5241965","Makenna Shaffer-Lauer","Texas State Bobcats","326","Transfer","stats","id","Weber State Wildcats",NA,3,NA,12.76,15.23,-1.76,-0.26,-2.02,NA
"5315205","5315205","Kaliyah Murphy","Texas State Bobcats","326","Returning","stats","id","Texas State Bobcats",NA,1,NA,10.87,12.98,1.71,-0.45,1.25,NA
"5174276","5174276","Lucija Milkovic","Texas State Bobcats","326","Transfer","stats","id","Seattle U Redhawks",NA,3,NA,10.23,12.21,-2.6,-1.21,-3.81,NA
"fr_326_addisoncarr","fr_326_addisoncarr","Addison Carr","Texas State Bobcats","326","Newcomer","newcomer","none","Hickman HS","Fr.",0,NA,9.81,11.71,-2.26,-0.46,-2.72,NA
"fr_326_emmapique","fr_326_emmapique","Emma Pique","Texas State Bobcats","326","Newcomer","newcomer","none","Northwest College","Jr.",0,NA,9.46,11.29,-2.26,-0.46,-2.72,NA
"fr_326_haydenhearst","fr_326_haydenhearst","Hayden Hearst","Texas State Bobcats","326","Newcomer","newcomer","none","Legion Prep","Fr.",0,NA,8.81,10.51,-2.26,-0.46,-2.72,NA
"5175487","5175487","Jalynn Bristow","Texas Tech Lady Raiders","2641","Returning","stats","id","Texas Tech Lady Raiders",NA,3,NA,27.73,33.1,2.69,4.85,7.54,NA
"5174283","5174283","Rhema Collins","Texas Tech Lady Raiders","2641","Transfer","stats","id","Florida International Panthers",NA,3,NA,23.31,27.82,5.48,2.64,8.12,NA
"5239064","5239064","Kiki Smith","Texas Tech Lady Raiders","2641","Transfer","stats","id","Purdue Boilermakers",NA,3,NA,20.99,25.05,4.37,0.69,5.06,NA
"5315091","5315091","Jalayah Ingram","Texas Tech Lady Raiders","2641","Transfer","stats","id","UT Rio Grande Valley Vaqueros",NA,3,NA,20.94,24.99,3.78,1.58,5.36,NA
"5242465","5242465","Destinee Hooks","Texas Tech Lady Raiders","2641","Transfer","stats","id","New Mexico Lobos",NA,3,NA,18.48,22.05,4.05,0.58,4.62,NA
"fr_2641_giannajordan","fr_2641_giannajordan","Gianna Jordan","Texas Tech Lady Raiders","2641","Top-100 recruit","newcomer","none","Kingdom Collegiate Academy","Fr.",0,69,12.77,15.24,1.59,2.39,3.98,NA
"5331569","5331569","Stephanie Okechukwu","Texas Tech Lady Raiders","2641","Newcomer","stats","none","Texas Tech Lady Raiders",NA,1,NA,11.94,14.24,0.52,1.97,2.49,NA
"fr_2641_ambrosiacole","fr_2641_ambrosiacole","Ambrosia Cole","Texas Tech Lady Raiders","2641","Top-100 recruit","newcomer","none","Monterey HS","Fr.",0,93,11.71,13.97,1.26,2.27,3.53,NA
"fr_2641_jaydakearney","fr_2641_jaydakearney","Jayda Kearney","Texas Tech Lady Raiders","2641","Newcomer","newcomer","none","Caney Creek HS","Fr.",0,NA,11.33,13.52,0.52,1.97,2.49,NA
"fr_2641_milaniajordan","fr_2641_milaniajordan","Milania Jordan","Texas Tech Lady Raiders","2641","Newcomer","newcomer","none","Kingdom Collegiate Academy","Fr.",0,NA,10.89,13,0.52,1.97,2.49,NA
"fr_2641_moriyahdouglass","fr_2641_moriyahdouglass","Moriyah Douglass","Texas Tech Lady Raiders","2641","Newcomer","newcomer","none","John Burroughs School","Fr.",0,NA,10.41,12.43,0.52,1.97,2.49,NA
"fr_2641_nataliajordan","fr_2641_nataliajordan","Natalia Jordan","Texas Tech Lady Raiders","2641","Newcomer","newcomer","none","Kingdom Collegiate Academy","Fr.",0,NA,10.07,12.02,0.52,1.97,2.49,NA
"fr_2641_tahysdasilva","fr_2641_tahysdasilva","Tahys Da Silva","Texas Tech Lady Raiders","2641","Newcomer","newcomer","none","Salt Lake CC","Jr.",0,NA,9.43,11.26,0.52,1.97,2.49,NA
"5178258","5178258","Kendall Carruthers","Toledo Rockets","2649","Returning","stats","id","Toledo Rockets",NA,3,NA,25.99,31.02,1.75,0.29,2.04,NA
"5242210","5242210","Faith Fedd-Robinson","Toledo Rockets","2649","Returning","stats","id","Toledo Rockets",NA,2,NA,24.09,28.75,2.44,2.2,4.64,NA
"5178510","5178510","Ella Weaver","Toledo Rockets","2649","Returning","stats","id","Toledo Rockets",NA,3,NA,21.65,25.84,-0.31,0.46,0.14,NA
"5242212","5242212","Evalyse Cole","Toledo Rockets","2649","Returning","stats","id","Toledo Rockets",NA,2,NA,19.67,23.48,0.11,0.27,0.38,NA
"5240312","5240312","Miriam Diala","Toledo Rockets","2649","Returning","stats","id","Toledo Rockets",NA,2,NA,17.04,20.34,0.77,0.09,0.86,NA
"5178151","5178151","Jyah LoVett","Toledo Rockets","2649","Transfer","stats","id","Arizona State Sun Devils",NA,3,NA,14.55,17.36,0.29,1.61,1.9,NA
"5239461","5239461","Reagan Wilson","Toledo Rockets","2649","Transfer","stats","id","Iowa State Cyclones",NA,2,NA,13.71,16.36,1.63,0.24,1.86,NA
"5240226","5240226","Natiah Nelson","Toledo Rockets","2649","Transfer","stats","id","DePaul Blue Demons",NA,2,NA,13.65,16.29,1.33,0.3,1.62,NA
"5178272","5178272","Kiera Edmonds","Toledo Rockets","2649","Transfer","stats","id","Boston College Eagles",NA,2,NA,9.86,11.77,0.26,-0.68,-0.42,NA
"5174752","5174752","Judit Oliva Fernandez","Toledo Rockets","2649","Transfer","stats","id","Long Beach State Beach",NA,2,NA,9.21,11,-4.01,-0.65,-4.66,NA
"5314743","5314743","Camryn VandenBosch","Toledo Rockets","2649","Returning","stats","id","Toledo Rockets",NA,1,NA,8.66,10.34,-1.85,-0.45,-2.3,NA
"fr_2649_gabbyhelsom","fr_2649_gabbyhelsom","Gabby Helsom","Toledo Rockets","2649","Newcomer","newcomer","none","Homestead","Fr.",0,NA,7.61,9.08,-1.34,0.11,-1.23,NA
"5314744","5314744","Lizzy Puot","Toledo Rockets","2649","Returning","stats","id","Toledo Rockets",NA,3,NA,7.28,8.68,-0.61,-0.49,-1.1,NA
"fr_2649_juditoliva","fr_2649_juditoliva","Judit Oliva","Toledo Rockets","2649","Newcomer","newcomer","none","Long Beach State","Jr.",0,NA,7.02,8.38,-1.34,0.11,-1.23,NA
"5174400","5174400","Zoli Khalil","Towson Tigers","119","Returning","stats","id","Towson Tigers",NA,3,NA,27.04,32.27,-0.33,-1.2,-1.53,NA
"5178247","5178247","Thalia Shepard","Towson Tigers","119","Returning","stats","id","Towson Tigers",NA,3,NA,25,29.84,1.22,-1.05,0.17,NA
"5242514","5242514","Ava Renninger","Towson Tigers","119","Transfer","stats","id","Fairleigh Dickinson Knights",NA,2,NA,21.49,25.64,1.09,0.49,1.58,NA
"5243583","5243583","Viki Matulevicius","Towson Tigers","119","Returning","stats","id","Towson Tigers",NA,1,NA,18.53,22.11,0.08,-0.9,-0.82,NA
"5107923","5107923","Masyn Marchbanks","Towson Tigers","119","Returning","stats","id","Towson Tigers",NA,4,NA,16.75,19.99,0.16,-0.82,-0.66,NA
"5315129","5315129","Akeelah Lafleur","Towson Tigers","119","Transfer","stats","id","Fairleigh Dickinson Knights",NA,1,NA,16.63,19.85,0.43,1.48,1.91,NA
"fr_119_diamondwatters","fr_119_diamondwatters","Diamond Watters","Towson Tigers","119","Newcomer","newcomer","none","Mount Zion Prep","Fr.",0,NA,12.16,14.51,-1.47,-1.04,-2.51,NA
"fr_119_evawilkerson","fr_119_evawilkerson","Eva Wilkerson","Towson Tigers","119","Newcomer","newcomer","none","Sacred Heart Greenwich","Fr.",0,NA,11.15,13.31,-1.47,-1.04,-2.51,NA
"fr_119_keyarahrainey","fr_119_keyarahrainey","Keyarah Rainey","Towson Tigers","119","Newcomer","newcomer","none","Osbourn Park","Fr.",0,NA,10.54,12.58,-1.47,-1.04,-2.51,NA
"fr_119_peytonwhite","fr_119_peytonwhite","Peyton White","Towson Tigers","119","Newcomer","newcomer","none","Gainesville","Fr.",0,NA,10.11,12.06,-1.47,-1.04,-2.51,NA
"fr_119_samdonovan","fr_119_samdonovan","Sam Donovan","Towson Tigers","119","Newcomer","newcomer","none","Edgewood","Fr.",0,NA,9.63,11.49,-1.47,-1.04,-2.51,NA
"fr_119_lisencurman","fr_119_lisencurman","Lisen Curman","Towson Tigers","119","International (FIBA)","newcomer","none","Alvik Basket","Fr.",0,NA,8.98,10.72,-2.88,-1.47,-4.34,NA
"5312032","5312032","Asya Lara Barnes","Towson Tigers","119","Returning","stats","id","Towson Tigers",NA,1,NA,6.8,8.12,-2.82,-1.56,-4.38,NA
"5312031","5312031","Jillian Watson","Towson Tigers","119","Returning","stats","id","Towson Tigers",NA,1,NA,5.19,6.19,-1.71,-1.08,-2.79,NA
"5315207","5315207","Saniya Jackson","Troy Trojans","2653","Returning","stats","id","Troy Trojans",NA,1,NA,25.4,30.31,1.17,1.05,2.22,NA
"4899974","4899974","Aniya Finger","Troy Trojans","2653","Transfer","stats","id","North Carolina Central Eagles",NA,4,NA,21.78,25.99,1.16,0.42,1.58,NA
"5239088","5239088","Shakirah Edwards","Troy Trojans","2653","Returning","stats","id","Troy Trojans",NA,2,NA,19.57,23.36,-2.61,1.61,-1,NA
"5107921","5107921","Detavia Salter","Troy Trojans","2653","Returning","stats","id","Troy Trojans",NA,3,NA,17.03,20.32,-1.09,-0.1,-1.19,NA
"fr_2653_aniyahubbard","fr_2653_aniyahubbard","Aniya Hubbard","Troy Trojans","2653","Newcomer","newcomer","none","Hoover HS","5th",0,NA,16.02,19.12,-0.21,0.51,0.3,NA
"fr_2653_hannahsmith","fr_2653_hannahsmith","Hannah Smith","Troy Trojans","2653","Newcomer","newcomer","none","Montgomery Catholic HS","Fr.",0,NA,15.62,18.64,-0.21,0.51,0.3,NA
"fr_2653_jamonicachambers","fr_2653_jamonicachambers","Jamonica Chambers","Troy Trojans","2653","Newcomer","newcomer","none","Vigor HS","Fr.",0,NA,14.28,17.05,-0.21,0.51,0.3,NA
"fr_2653_kimorahughes","fr_2653_kimorahughes","Kimora Hughes","Troy Trojans","2653","Newcomer","newcomer","none","Meridian HS","Fr.",0,NA,13.14,15.68,-0.21,0.51,0.3,NA
"fr_2653_maliyahmeeks","fr_2653_maliyahmeeks","Maliyah Meeks","Troy Trojans","2653","Newcomer","newcomer","none","Park Crossing HS","Fr.",0,NA,12.45,14.86,-0.21,0.51,0.3,NA
"fr_2653_rianacallihan","fr_2653_rianacallihan","Riana Callihan","Troy Trojans","2653","Newcomer","newcomer","none","Lakewood HS","Jr.",0,NA,11.96,14.27,-0.21,0.51,0.3,NA
"fr_2653_taliahmartin","fr_2653_taliahmartin","Taliah Martin","Troy Trojans","2653","Newcomer","newcomer","none","Irving HS","Jr.",0,NA,11.41,13.62,-0.21,0.51,0.3,NA
"fr_2653_taylabarros","fr_2653_taylabarros","Tayla Barros","Troy Trojans","2653","Newcomer","newcomer","none","Cathedral HS","So.",0,NA,11.02,13.15,-0.21,0.51,0.3,NA
"fr_2653_tiaunaking","fr_2653_tiaunaking","Tiauna King","Troy Trojans","2653","Newcomer","newcomer","none","Pelham HS","Fr.",0,NA,10.3,12.29,-0.21,0.51,0.3,NA
"5174767","5174767","Kanija Daniel","Tulane Green Wave","2655","Returning","stats","id","Tulane Green Wave",NA,3,NA,26.96,32.17,1.71,0.84,2.55,NA
"5315056","5315056","Shiloh Kimpson","Tulane Green Wave","2655","Returning","stats","id","Tulane Green Wave",NA,1,NA,20.32,24.25,-3.54,-0.15,-3.69,NA
"5107948","5107948","Asha Sra","Tulane Green Wave","2655","Transfer","stats","id","Charleston Southern Buccaneers",NA,3,NA,19.18,22.89,-2.22,-0.01,-2.24,NA
"5174928","5174928","Jayda Brown","Tulane Green Wave","2655","Returning","stats","id","Tulane Green Wave",NA,3,NA,18.44,22.01,0.37,0.86,1.23,NA
"5240233","5240233","Khadee Hession","Tulane Green Wave","2655","Transfer","stats","id","Georgetown Hoyas",NA,2,NA,18.15,21.66,0.05,1.45,1.5,NA
"5240308","5240308","Edina Strausz","Tulane Green Wave","2655","Transfer","stats","id","Davidson Wildcats",NA,2,NA,15.95,19.04,1.29,1.01,2.3,NA
"5311603","5311603","Nataliyah Gray","Tulane Green Wave","2655","Transfer","stats","id","Mississippi State Bulldogs",NA,1,NA,15.72,18.76,0.06,0.42,0.48,"No. 93 recruit in 2025; pedigree counts 61% (94 college min)"
"5315116","5315116","Makayla Carter","Tulane Green Wave","2655","Transfer","stats","id","Nevada Wolf Pack",NA,1,NA,14.74,17.59,-1.01,0.32,-0.69,NA
"5240943","5240943","Sadie Shores","Tulane Green Wave","2655","Returning","stats","id","Tulane Green Wave",NA,2,NA,12.76,15.23,-2.51,-0.4,-2.91,NA
"5106191","5106191","Aizhanique Mayo","Tulane Green Wave","2655","Transfer","stats","id","DePaul Blue Demons",NA,3,NA,12.2,14.56,-0.56,-0.68,-1.25,NA
"fr_2655_jakyahsmith","fr_2655_jakyahsmith","Ja'Kyah Smith","Tulane Green Wave","2655","Newcomer","newcomer","none","Bob Jones HS","Fr.",0,NA,9.99,11.92,-1.49,-0.15,-1.64,NA
"fr_2655_kennedysimpson","fr_2655_kennedysimpson","Kennedy Simpson","Tulane Green Wave","2655","Newcomer","newcomer","none","Summer Creek HS","Fr.",0,NA,9.52,11.36,-1.49,-0.15,-1.64,NA
"5315057","5315057","Madison Gordon","Tulane Green Wave","2655","Returning","stats","id","Tulane Green Wave",NA,1,NA,6.08,7.26,-1.43,-0.88,-2.31,NA
"5175401","5175401","Mady Cartwright","Tulsa Golden Hurricane","202","Returning","stats","id","Tulsa Golden Hurricane",NA,3,NA,29.88,35.66,1.97,0.63,2.59,NA
"5315158","5315158","Dora Toman","Tulsa Golden Hurricane","202","Returning","stats","id","Tulsa Golden Hurricane",NA,1,NA,26.61,31.76,1.72,1.44,3.17,NA
"5175790","5175790","Jade Clack","Tulsa Golden Hurricane","202","Returning","stats","id","Tulsa Golden Hurricane",NA,3,NA,24.55,29.3,-0.6,1.09,0.49,NA
"5240373","5240373","Alexa Kinas","Tulsa Golden Hurricane","202","Transfer","stats","id","Loyola Chicago Ramblers",NA,2,NA,19.52,23.29,1.42,1.56,2.97,NA
"5315153","5315153","Alisha Peavy","Tulsa Golden Hurricane","202","Returning","stats","id","Tulsa Golden Hurricane",NA,1,NA,17.88,21.34,-2.38,0.78,-1.61,NA
"5315152","5315152","Haven Fisher","Tulsa Golden Hurricane","202","Returning","stats","id","Tulsa Golden Hurricane",NA,1,NA,15.1,18.02,-1.28,-0.2,-1.49,NA
"5174426","5174426","RyLee Grays","Tulsa Golden Hurricane","202","Returning","stats","id","Tulsa Golden Hurricane",NA,3,NA,12.43,14.84,-2.98,0.6,-2.38,NA
"5315157","5315157","Laura Di Stefano","Tulsa Golden Hurricane","202","Returning","stats","id","Tulsa Golden Hurricane",NA,3,NA,11.55,13.79,-2.4,-0.65,-3.05,NA
"fr_202_camrynschmidt","fr_202_camrynschmidt","Camryn Schmidt","Tulsa Golden Hurricane","202","Newcomer","newcomer","none","Northside HS","Fr.",0,NA,11.31,13.5,-1.47,0.13,-1.34,NA
"fr_202_hadarcohen","fr_202_hadarcohen","Hadar Cohen","Tulsa Golden Hurricane","202","Newcomer","newcomer","none","Dror HS/Hebrew University of Jerusalem","Fr.",0,NA,10.85,12.95,-1.47,0.13,-1.34,NA
"fr_202_jaelynnscott","fr_202_jaelynnscott","Jaelynn Scott","Tulsa Golden Hurricane","202","Newcomer","newcomer","none","Wachusett Regional HS","Fr.",0,NA,10.34,12.34,-1.47,0.13,-1.34,NA
"fr_202_mckenziejones","fr_202_mckenziejones","McKenzie Jones","Tulsa Golden Hurricane","202","Newcomer","newcomer","none","Springboro HS","Fr.",0,NA,9.98,11.91,-1.47,0.13,-1.34,NA
"5176510","5176510","Eleecia Carter","UAB Blazers","5","Returning","stats","id","UAB Blazers",NA,2,NA,29.69,35.43,0.18,-0.89,-0.71,NA
"5311696","5311696","Viktoria Ranisavljevic","UAB Blazers","5","Transfer","stats","id","Penn State Lady Lions",NA,1,NA,24.61,29.37,1.32,-0.86,0.46,NA
"5240956","5240956","Emilia Dannebauer","UAB Blazers","5","Transfer","stats","id","UTSA Roadrunners",NA,2,NA,22.18,26.47,-1.64,-0.09,-1.73,NA
"5312383","5312383","Peyton Bradley","UAB Blazers","5","Transfer","stats","id","Louisville Cardinals",NA,1,NA,18.64,22.24,1.14,-0.15,0.99,NA
"fr_5_ashleygarner","fr_5_ashleygarner","Ashley Garner","UAB Blazers","5","Newcomer","newcomer","none","Wasatch HS (Previous: College of Southern Idaho)","Jr.",0,NA,17.44,20.82,-0.9,-1.17,-2.08,NA
"fr_5_bellaharmon","fr_5_bellaharmon","Bella Harmon","UAB Blazers","5","Newcomer","newcomer","none","Saint Joseph HS","Fr.",0,NA,15.66,18.69,-0.9,-1.17,-2.08,NA
"fr_5_haileyjackson","fr_5_haileyjackson","Hailey Jackson","UAB Blazers","5","Newcomer","newcomer","none","Charles Page HS (Previous: Hutchinson CC)","Jr.",0,NA,15.26,18.21,-0.9,-1.17,-2.08,NA
"fr_5_nyaburns","fr_5_nyaburns","Nya Burns","UAB Blazers","5","Newcomer","newcomer","none","Grace Christian Academy","Fr.",0,NA,13.91,16.61,-0.9,-1.17,-2.08,NA
"fr_5_serenaheeren","fr_5_serenaheeren","Serena Heeren","UAB Blazers","5","Newcomer","newcomer","none","Lincoln Northeast HS (Previous: Chipola College)","Jr.",0,NA,12.77,15.24,-0.9,-1.17,-2.08,NA
"fr_5_terryaunagriffin","fr_5_terryaunagriffin","Terryauna Griffin","UAB Blazers","5","Newcomer","newcomer","none","South-Doyle HS (Previous: Walters State CC)","Jr.",0,NA,12.07,14.41,-0.9,-1.17,-2.08,NA
"5315332","5315332","Ashlyn Howard","UAB Blazers","5","Returning","stats","id","UAB Blazers",NA,1,NA,9.09,10.84,-3.17,-0.62,-3.79,NA
"5315333","5315333","Mari Miller","UAB Blazers","5","Returning","stats","id","UAB Blazers",NA,1,NA,8.68,10.36,-1.5,-1.17,-2.67,NA
"5177268","5177268","Lara Langermann","UAlbany Great Danes","399","Returning","stats","id","UAlbany Great Danes",NA,3,NA,29.22,34.87,-2.58,-0.78,-3.36,NA
"5178245","5178245","Madison Roman","UAlbany Great Danes","399","Transfer","stats","id","Merrimack Warriors",NA,3,NA,23.14,27.62,1.19,1.31,2.49,NA
"5242036","5242036","Daria Shishkina","UAlbany Great Danes","399","Transfer","stats","id","Merrimack Warriors",NA,2,NA,20.64,24.63,-1.37,-0.69,-2.06,NA
"fr_399_abriyahcunningham","fr_399_abriyahcunningham","Abriyah Cunningham","UAlbany Great Danes","399","Newcomer","newcomer","none","Liverpool","Fr.",0,NA,17.35,20.71,-1.45,-0.35,-1.8,NA
"fr_399_alexiabujold","fr_399_alexiabujold","Alexia Bujold","UAlbany Great Danes","399","Newcomer","newcomer","none","Cégep de St-Jean-sur-Richelieu","Fr.",0,NA,15.58,18.6,-1.45,-0.35,-1.8,NA
"fr_399_frankiemclain","fr_399_frankiemclain","Frankie McLain","UAlbany Great Danes","399","Newcomer","newcomer","none","Spire Academy","Fr.",0,NA,15.07,17.98,-1.45,-0.35,-1.8,NA
"fr_399_jenavaegan","fr_399_jenavaegan","Jenava Egan","UAlbany Great Danes","399","Newcomer","newcomer","none","The Newman School (Boston)","Fr.",0,NA,13.74,16.4,-1.45,-0.35,-1.8,NA
"fr_399_kohenmarshall","fr_399_kohenmarshall","Kohen Marshall","UAlbany Great Danes","399","Newcomer","newcomer","none","Vista Murrieta (Previous: Mt. San Jacinto)","Jr.",0,NA,12.61,15.05,-1.45,-0.35,-1.8,NA
"fr_399_noalopeztallon","fr_399_noalopeztallon","Noa López Tallón","UAlbany Great Danes","399","Newcomer","newcomer","none","ÍES Xograr Afonso Gómez","Fr.",0,NA,11.93,14.24,-1.45,-0.35,-1.8,NA
"fr_399_sabelacarro","fr_399_sabelacarro","Sabela Carro","UAlbany Great Danes","399","Newcomer","newcomer","none","IES Lucus Augusti (Previous: Laramie County CC)","Jr.",0,NA,11.44,13.66,-1.45,-0.35,-1.8,NA
"fr_399_shylamontgomery","fr_399_shylamontgomery","Shyla Montgomery","UAlbany Great Danes","399","Newcomer","newcomer","none","Lawrence Academy (Previous: Daemen)","Gr.",0,NA,10.91,13.02,-1.45,-0.35,-1.8,NA
"fr_399_sofiacaraus","fr_399_sofiacaraus","Sofia Caraus","UAlbany Great Danes","399","Newcomer","newcomer","none","Virginia Academy","Fr.",0,NA,10.52,12.55,-1.45,-0.35,-1.8,NA
"5312994","5312994","Emma Zuccon","UAlbany Great Danes","399","Returning","stats","id","UAlbany Great Danes",NA,1,NA,7.84,9.36,-2.55,-0.42,-2.97,NA
"5240755","5240755","Avery Sussex","UC Davis Aggies","302","Returning","stats","id","UC Davis Aggies",NA,2,NA,28.98,34.59,2.99,0.12,3.11,NA
"5176878","5176878","Tegan Young","UC Davis Aggies","302","Returning","stats","id","UC Davis Aggies",NA,3,NA,24.75,29.53,-1.16,-1.67,-2.83,NA
"5241561","5241561","Angeliki Ziaka","UC Davis Aggies","302","Transfer","stats","id","Davidson Wildcats",NA,2,NA,20.5,24.47,-0.14,1.29,1.16,NA
"5312802","5312802","Emmy Ersdala","UC Davis Aggies","302","Returning","stats","id","UC Davis Aggies",NA,1,NA,18.92,22.58,-0.19,-0.31,-0.5,NA
"5312803","5312803","Sophie Lentfer","UC Davis Aggies","302","Returning","stats","id","UC Davis Aggies",NA,1,NA,14.93,17.82,-0.51,-0.63,-1.14,NA
"fr_302_annabassett","fr_302_annabassett","Anna Bassett","UC Davis Aggies","302","Newcomer","newcomer","none","Ipswich Force","Fr.",0,NA,13.86,16.54,-1.01,-0.67,-1.68,NA
"fr_302_layladixon","fr_302_layladixon","Layla Dixon","UC Davis Aggies","302","Newcomer","newcomer","none","Cal Stars Nike EYBL","Fr.",0,NA,12.65,15.09,-1.01,-0.67,-1.68,NA
"fr_302_martaforsline","fr_302_martaforsline","Marta Forsline","UC Davis Aggies","302","Newcomer","newcomer","none","MN Suns P24","Fr.",0,NA,11.61,13.85,-1.01,-0.67,-1.68,NA
"fr_302_rebeccadonnelly","fr_302_rebeccadonnelly","Rebecca Donnelly","UC Davis Aggies","302","Newcomer","newcomer","none","North Bears","Fr.",0,NA,10.98,13.11,-1.01,-0.67,-1.68,NA
"fr_302_taylorhicks","fr_302_taylorhicks","Taylor Hicks","UC Davis Aggies","302","Newcomer","newcomer","none","Team Southwest Adidas 3SSB","Fr.",0,NA,10.53,12.57,-1.01,-0.67,-1.68,NA
"fr_302_hollyensoll","fr_302_hollyensoll","Holly Ensoll","UC Davis Aggies","302","International (FIBA)","newcomer","none","Ipswich Basketball Club","Fr.",0,NA,9.88,11.79,-1.91,-0.72,-2.64,NA
"5312801","5312801","Carrington Davis","UC Davis Aggies","302","Returning","stats","id","UC Davis Aggies",NA,1,NA,8.21,9.79,-2.04,-0.54,-2.58,NA
"5174965","5174965","Sahana Kanagasabay","UC Davis Aggies","302","Returning","stats","id","UC Davis Aggies",NA,2,NA,7.19,8.58,-1.24,-0.79,-2.03,NA
"5176548","5176548","Theoni Tsami","UC Davis Aggies","302","Returning","stats","id","UC Davis Aggies",NA,2,NA,7.01,8.37,-2.12,-0.66,-2.78,NA
"4899725","4899725","Hunter Hernandez","UC Irvine Anteaters","300","Returning","stats","id","UC Irvine Anteaters",NA,4,NA,27.25,32.52,6.66,1.11,7.77,NA
"5240751","5240751","Lauryn Madsen","UC Irvine Anteaters","300","Returning","stats","id","UC Irvine Anteaters",NA,2,NA,24.11,28.78,-0.02,0.59,0.58,NA
"5176551","5176551","Shirel Nahum","UC Irvine Anteaters","300","Returning","stats","id","UC Irvine Anteaters",NA,3,NA,21.2,25.3,-1.07,-0.07,-1.14,NA
"5176489","5176489","Summah Hanson","UC Irvine Anteaters","300","Returning","stats","id","UC Irvine Anteaters",NA,3,NA,16.61,19.82,1.76,1.64,3.4,NA
"5177946","5177946","Makiah Asidanya","UC Irvine Anteaters","300","Transfer","stats","id","UNC Greensboro Spartans",NA,3,NA,15.8,18.86,-0.01,0.07,0.06,NA
"5107599","5107599","Ahrray Young","UC Irvine Anteaters","300","Transfer","stats","id","Nevada Wolf Pack",NA,3,NA,12.62,15.06,1.14,0.7,1.84,NA
"5312798","5312798","Nohe'alani Stores","UC Irvine Anteaters","300","Returning","stats","id","UC Irvine Anteaters",NA,1,NA,11.63,13.88,3.14,0.38,3.52,NA
"5312796","5312796","Ameerah Grant","UC Irvine Anteaters","300","Returning","stats","id","UC Irvine Anteaters",NA,1,NA,9.89,11.8,1.34,-0.35,0.99,NA
"5175963","5175963","Daniela Falcon Hernandez","UC Irvine Anteaters","300","Returning","stats","id","UC Irvine Anteaters",NA,2,NA,9.01,10.76,-1.83,-0.58,-2.41,NA
"fr_300_alleahhanson","fr_300_alleahhanson","Alleah Hanson","UC Irvine Anteaters","300","Newcomer","newcomer","none","Brisbane State HS","Fr.",0,NA,8.13,9.7,-0.13,0.12,-0.01,NA
"5241863","5241863","Sarah Miller","UC Irvine Anteaters","300","Transfer","stats","id","Pennsylvania Quakers",NA,2,NA,7.96,9.49,0.64,-0.52,0.12,NA
"fr_300_delaneywhite","fr_300_delaneywhite","Delaney White","UC Irvine Anteaters","300","Newcomer","newcomer","none","Sierra Canyon HS","Fr.",0,NA,7.85,9.37,-0.13,0.12,-0.01,NA
"5108749","5108749","Gracie Gallegos","UC Irvine Anteaters","300","Transfer","stats","id","UC San Diego Tritons",NA,3,NA,7.56,9.03,-1.8,-0.38,-2.18,NA
"5176550","5176550","Haley Hernandez","UC Irvine Anteaters","300","Returning","stats","id","UC Irvine Anteaters",NA,3,NA,7.44,8.88,-1.44,-0.14,-1.58,NA
"fr_300_elleryburkebrown","fr_300_elleryburkebrown","Ellery Burke-Brown","UC Irvine Anteaters","300","Newcomer","newcomer","none","Roosevelt HS","Fr.",0,NA,7.33,8.75,-0.13,0.12,-0.01,NA
"5240753","5240753","Reese Noa","UC Irvine Anteaters","300","Returning","stats","id","UC Irvine Anteaters",NA,2,NA,5.61,6.69,-1.36,0.37,-0.99,NA
"5240775","5240775","Kaylani Polk","UC Riverside Highlanders","27","Returning","stats","id","UC Riverside Highlanders",NA,2,NA,28.99,34.6,-2.12,-1.2,-3.32,NA
"5312265","5312265","Taylor Swanson","UC Riverside Highlanders","27","Returning","stats","id","UC Riverside Highlanders",NA,1,NA,22.83,27.25,-0.73,0.16,-0.57,NA
"5177890","5177890","Aaliyah Stanton","UC Riverside Highlanders","27","Returning","stats","id","UC Riverside Highlanders",NA,3,NA,22.49,26.84,-1.45,-1.54,-2.99,NA
"5312808","5312808","Morgan Mack","UC Riverside Highlanders","27","Transfer","stats","id","Long Beach State Beach",NA,1,NA,16.77,20.02,-2.15,-0.86,-3.01,NA
"5312267","5312267","Lucia Moreno Tallon","UC Riverside Highlanders","27","Returning","stats","id","UC Riverside Highlanders",NA,1,NA,14.18,16.93,-2.58,-0.92,-3.5,NA
"fr_27_celestemack","fr_27_celestemack","Celeste Mack","UC Riverside Highlanders","27","Newcomer","newcomer","none","Caruthers HS","Fr.",0,NA,13.11,15.65,-1.89,-0.74,-2.63,NA
"5312266","5312266","Maria Mejia","UC Riverside Highlanders","27","Returning","stats","id","UC Riverside Highlanders",NA,1,NA,12.91,15.41,-4.25,-0.96,-5.21,NA
"5314916","5314916","Amy Pateman","UC Riverside Highlanders","27","Transfer","stats","id","San Francisco Dons",NA,1,NA,12.28,14.65,-1.87,-0.61,-2.48,NA
"fr_27_dylantse","fr_27_dylantse","Dylan Tse","UC Riverside Highlanders","27","Newcomer","newcomer","none","Mt. SAC","Jr.",0,NA,12.02,14.35,-1.89,-0.74,-2.63,NA
"5109405","5109405","London Gamble","UC Riverside Highlanders","27","Transfer","stats","id","Northern Colorado Bears",NA,4,NA,11.96,14.27,-0.32,-0.87,-1.19,NA
"fr_27_graecynparahi","fr_27_graecynparahi","Graecyn Parahi","UC Riverside Highlanders","27","Newcomer","newcomer","none","Tauranga Girls College/Napier Girls HS","Fr.",0,NA,11.37,13.57,-1.89,-0.74,-2.63,NA
"fr_27_kyorilloyd","fr_27_kyorilloyd","Kyori Lloyd","UC Riverside Highlanders","27","Newcomer","newcomer","none","Cal Poly Humboldt","Sr.",0,NA,10.9,13,-1.89,-0.74,-2.63,NA
"5315186","5315186","Harisa Mehmedovic","UC Riverside Highlanders","27","Transfer","stats","id","San José State Spartans",NA,3,NA,10.19,12.16,-3.71,-1.3,-5.01,NA
"5177876","5177876","Erin Condron","UC San Diego Tritons","28","Returning","stats","id","UC San Diego Tritons",NA,3,NA,28.15,33.6,4.09,1.01,5.09,NA
"5177255","5177255","Dymonique Maxie","UC San Diego Tritons","28","Returning","stats","id","UC San Diego Tritons",NA,3,NA,25.31,30.2,-2.22,0.34,-1.87,NA
"5107648","5107648","Rosa Smith","UC San Diego Tritons","28","Returning","stats","id","UC San Diego Tritons",NA,3,NA,23.02,27.48,0.29,0.08,0.38,NA
"5239532","5239532","Coryn Watts","UC San Diego Tritons","28","Transfer","stats","id","Denver Pioneers",NA,2,NA,16.71,19.95,2.23,-0.47,1.77,NA
"5177868","5177868","Allie Cummins","UC San Diego Tritons","28","Transfer","stats","id","San José State Spartans",NA,3,NA,13.92,16.61,-1,-1.82,-2.82,NA
"5239096","5239096","Jite Gbemuotor","UC San Diego Tritons","28","Transfer","stats","id","Cal State Northridge Matadors",NA,2,NA,13.55,16.17,1.58,2.02,3.6,NA
"5312254","5312254","Lev Feiman","UC San Diego Tritons","28","Returning","stats","id","UC San Diego Tritons",NA,1,NA,13.01,15.53,2.74,0.5,3.24,NA
"5312252","5312252","Michaela Fairwell","UC San Diego Tritons","28","Returning","stats","id","UC San Diego Tritons",NA,1,NA,9.67,11.54,-3.21,0.54,-2.67,NA
"fr_28_alexandracummins","fr_28_alexandracummins","Alexandra Cummins","UC San Diego Tritons","28","Newcomer","newcomer","none","Carondelet HS","Sr.",0,NA,9.67,11.54,-1.02,0.19,-0.83,NA
"fr_28_emmacook","fr_28_emmacook","Emma Cook","UC San Diego Tritons","28","Newcomer","newcomer","none","Archbishop Mitty HS","Fr.",0,NA,9.28,11.07,-1.02,0.19,-0.83,NA
"fr_28_meganroberts","fr_28_meganroberts","Megan Roberts","UC San Diego Tritons","28","Newcomer","newcomer","none","Eastlake HS","Fr.",0,NA,8.85,10.56,-1.02,0.19,-0.83,NA
"fr_28_noellemulvanny","fr_28_noellemulvanny","Noelle Mulvanny","UC San Diego Tritons","28","Newcomer","newcomer","none","Mater Dei HS","Fr.",0,NA,8.54,10.19,-1.02,0.19,-0.83,NA
"fr_28_sadiesin","fr_28_sadiesin","Sadie Sin","UC San Diego Tritons","28","Newcomer","newcomer","none","Clovis HS","Fr.",0,NA,7.97,9.51,-1.02,0.19,-0.83,NA
"5312255","5312255","Niya Price","UC San Diego Tritons","28","Returning","stats","id","UC San Diego Tritons",NA,1,NA,6.57,7.84,-1.12,0.66,-0.46,NA
"5312253","5312253","Tatum Jones","UC San Diego Tritons","28","Returning","stats","id","UC San Diego Tritons",NA,1,NA,5.79,6.91,-1.01,-0.43,-1.44,NA
"5177878","5177878","Zoe Borter","UC Santa Barbara Gauchos","2540","Returning","stats","id","UC Santa Barbara Gauchos",NA,3,NA,26.89,32.1,2.44,-1.55,0.88,NA
"5174931","5174931","Maddie Naro","UC Santa Barbara Gauchos","2540","Returning","stats","id","UC Santa Barbara Gauchos",NA,3,NA,23.98,28.62,-0.6,-0.24,-0.85,NA
"5240707","5240707","Zoe Shaw","UC Santa Barbara Gauchos","2540","Returning","stats","id","UC Santa Barbara Gauchos",NA,2,NA,22.38,26.71,1.31,-0.19,1.11,NA
"5312877","5312877","Nicole Steiner","UC Santa Barbara Gauchos","2540","Transfer","stats","id","Cal State Fullerton Titans",NA,1,NA,17.16,20.47,1.63,0.11,1.74,NA
"5312249","5312249","Chauncey Andersen","UC Santa Barbara Gauchos","2540","Returning","stats","id","UC Santa Barbara Gauchos",NA,1,NA,15.66,18.68,1.25,1.7,2.95,NA
"rec_2540_karismalewis","rec_2540_karismalewis","Karisma Lewis","UC Santa Barbara Gauchos","2540","Top-100 recruit","newcomer","recruit","Top-100 recruit (added)","Fr.",0,61,15.37,18.34,0.17,0.29,0.46,NA
"5312800","5312800","Naomy Zonzon-Huyghe","UC Santa Barbara Gauchos","2540","Transfer","stats","id","UC Irvine Anteaters",NA,2,NA,13.45,16.05,1.76,0.33,2.08,NA
"5240808","5240808","Mauriana Hashemian-Orr","UC Santa Barbara Gauchos","2540","Transfer","stats","id","Saint Mary's Gaels",NA,2,NA,13.21,15.77,-1.15,1.08,-0.08,NA
"5175968","5175968","Olivia Anderson","UC Santa Barbara Gauchos","2540","Transfer","stats","id","Washington Huskies",NA,3,NA,10.97,13.09,-1.19,0.22,-0.96,NA
"5312248","5312248","Ava Rawlins","UC Santa Barbara Gauchos","2540","Returning","stats","id","UC Santa Barbara Gauchos",NA,1,NA,8.71,10.4,-3.26,-0.23,-3.49,NA
"fr_2540_avaalbanese","fr_2540_avaalbanese","Ava Albanese","UC Santa Barbara Gauchos","2540","Newcomer","newcomer","none","Incarnate Word Academy","Fr.",0,NA,8.63,10.31,-1.03,-0.17,-1.2,NA
"fr_2540_charlottelipkin","fr_2540_charlottelipkin","Charlotte Lipkin","UC Santa Barbara Gauchos","2540","Newcomer","newcomer","none","Bothell HS","Fr.",0,NA,8.23,9.83,-1.03,-0.17,-1.2,NA
"fr_2540_karismaflores","fr_2540_karismaflores","Karisma Flores","UC Santa Barbara Gauchos","2540","Newcomer","newcomer","none","Oak Park HS","Fr.",0,NA,7.94,9.48,-1.03,-0.17,-1.2,NA
"fr_2540_sarahheyn","fr_2540_sarahheyn","Sarah Heyn","UC Santa Barbara Gauchos","2540","Newcomer","newcomer","none","Westview HS","Fr.",0,NA,7.41,8.84,-1.03,-0.17,-1.2,NA
"5239479","5239479","Mahogany Chandler-Roberts","UCF Knights","2116","Returning","stats","id","UCF Knights",NA,2,NA,26.97,32.19,0.42,0.24,0.67,NA
"5174750","5174750","Vittoria Blasigh","UCF Knights","2116","Transfer","stats","id","Miami Hurricanes",NA,3,NA,22.59,26.96,2.68,0.63,3.31,NA
"5136989","5136989","Mikayla Johnson","UCF Knights","2116","Transfer","stats","id","Pittsburgh Panthers",NA,3,NA,20.75,24.77,-0.22,-0.13,-0.35,NA
"5314940","5314940","Kya Hurt","UCF Knights","2116","Transfer","stats","id","Illinois State Redbirds",NA,1,NA,18.95,22.62,0.9,0,0.9,NA
"5312440","5312440","Caitlyn Jones","UCF Knights","2116","Transfer","stats","id","Wake Forest Demon Deacons",NA,1,NA,17.71,21.13,2.36,0.26,2.62,NA
"5311697","5311697","Nyla McFadden","UCF Knights","2116","Transfer","stats","id","Penn State Lady Lions",NA,1,NA,15.66,18.69,2.21,0.48,2.69,NA
"5240634","5240634","Jasmynne Gibson","UCF Knights","2116","Returning","stats","id","UCF Knights",NA,2,NA,14.25,17.01,-2.17,0.79,-1.37,NA
"5175977","5175977","Candace Kpetikou","UCF Knights","2116","Transfer","stats","id","Miami Hurricanes",NA,2,NA,14.17,16.92,-1.82,0.66,-1.16,NA
"5241145","5241145","Jennica Suggs","UCF Knights","2116","Transfer","stats","id","Robert Morris Colonials",NA,2,NA,12.56,14.99,-2.22,0.72,-1.5,NA
"fr_2116_jabrialindsey","fr_2116_jabrialindsey","Jabria Lindsey","UCF Knights","2116","Newcomer","newcomer","none","Central","Freshman",0,NA,10.06,12,-1.21,0.08,-1.13,NA
"fr_2116_salomeboyomokeedi","fr_2116_salomeboyomokeedi","Salome Boyomo Keedi","UCF Knights","2116","Newcomer","newcomer","none",NA,"Freshman",0,NA,9.59,11.45,-1.21,0.08,-1.13,NA
"fr_2116_mariacintas","fr_2116_mariacintas","Maria Cintas","UCF Knights","2116","International (FIBA)","newcomer","none",NA,"Freshman",0,NA,9.14,10.9,-1.98,0.12,-1.87,NA
"5312745","5312745","Felicia Schölander","UCF Knights","2116","Returning","stats","id","UCF Knights",NA,1,NA,7.61,9.08,-1.75,-0.2,-1.94,NA
"5175915","5175915","Donovyn Hunter","UCLA Bruins","26","Transfer","stats","id","TCU Horned Frogs",NA,3,NA,28.55,34.07,5.01,3.14,8.15,NA
"5175490","5175490","Addy Brown","UCLA Bruins","26","Transfer","stats","id","Iowa State Cyclones",NA,3,NA,25.66,30.62,5.56,3.79,9.35,NA
"5239704","5239704","Elina Aarnisalo","UCLA Bruins","26","Transfer","stats","id","North Carolina Tar Heels",NA,2,NA,24.86,29.67,5.26,3.83,9.08,NA
"4565508","4565508","KK Bransford","UCLA Bruins","26","Transfer","stats","id","Notre Dame Fighting Irish",NA,4,NA,19.13,22.83,3.77,2.43,6.2,NA
"5311719","5311719","Bonnie Deas","UCLA Bruins","26","Transfer","stats","id","Arkansas Razorbacks",NA,1,NA,18.49,22.06,3.33,3.33,6.66,NA
"5105734","5105734","Timea Gardiner","UCLA Bruins","26","Returning","stats","id","UCLA Bruins",NA,4,NA,16.38,19.55,5.91,4.18,10.09,"Missed 2025-26; 2024-25: 18.3 mpg, 7.6 ppg"
"5311746","5311746","Sienna Betts","UCLA Bruins","26","Returning","stats","id","UCLA Bruins",NA,1,NA,15.34,18.31,6.87,4.52,11.38,"No. 2 recruit in 2025; pedigree counts 27% (396 college min)"
"5311745","5311745","Lena Bilic","UCLA Bruins","26","Returning","stats","id","UCLA Bruins",NA,1,NA,12.46,14.87,3.32,3.31,6.63,NA
"fr_26_somtookafor","fr_26_somtookafor","Somto Okafor","UCLA Bruins","26","International (FIBA)","newcomer","none",NA,"Fr.",0,NA,11,13.13,3.59,3.85,7.44,NA
"5175937","5175937","Amanda Muse","UCLA Bruins","26","Returning","stats","id","UCLA Bruins",NA,2,NA,10.58,12.62,1.21,2.74,3.95,NA
"fr_26_linajerkovic","fr_26_linajerkovic","Lina Jerkovic","UCLA Bruins","26","International (FIBA)","newcomer","none",NA,"Fr.",0,NA,10.26,12.25,2.51,3.05,5.56,NA
"5311744","5311744","Christina Karamouzi","UCLA Bruins","26","Returning","stats","id","UCLA Bruins",NA,1,NA,7.3,8.71,0.63,1.65,2.28,NA
"5239592","5239592","Sarah Strong","UConn Huskies","41","Returning","stats","id","UConn Huskies",NA,2,NA,28.69,34.24,14.85,9.2,24.05,NA
"5174493","5174493","Ashlynn Shade","UConn Huskies","41","Returning","stats","id","UConn Huskies",NA,3,NA,24.68,29.46,4.53,6.12,10.65,NA
"5174491","5174491","KK Arnold","UConn Huskies","41","Returning","stats","id","UConn Huskies",NA,3,NA,22.78,27.19,5.38,6.58,11.97,NA
"5312306","5312306","Blanca Quiñonez","UConn Huskies","41","Returning","stats","id","UConn Huskies",NA,1,NA,19.93,23.79,6.27,5.24,11.51,NA
"5239664","5239664","Kayleigh Heckel","UConn Huskies","41","Returning","stats","id","UConn Huskies",NA,2,NA,18.21,21.74,6.48,6.28,12.76,NA
"fr_41_oliviavukosa","fr_41_oliviavukosa","Olivia Vukosa","UConn Huskies","41","Top-100 recruit","newcomer","none","Christ the King","Fr",0,2,15.82,18.88,8.22,6.13,14.34,NA
"5239591","5239591","Allie Ziebell","UConn Huskies","41","Returning","stats","id","UConn Huskies",NA,2,NA,15.69,18.72,7.57,5.2,12.77,NA
"5125264","5125264","Jana El Alfy","UConn Huskies","41","Returning","stats","id","UConn Huskies",NA,2,NA,12.69,15.15,5.59,5.35,10.94,NA
"fr_41_marinedursus","fr_41_marinedursus","Marine Dursus","UConn Huskies","41","International (FIBA)","newcomer","none",NA,"Fr",0,NA,9.79,11.68,3.05,4.83,7.88,NA
"fr_41_jovanapopovic","fr_41_jovanapopovic","Jovana Popovic","UConn Huskies","41","International (FIBA)","newcomer","none",NA,"Fr",0,NA,9.43,11.26,2.83,4.67,7.49,NA
"5239593","5239593","Morgan Cheli","UConn Huskies","41","Returning","stats","id","UConn Huskies",NA,2,NA,9.15,10.92,1.87,3.73,5.6,"Missed 2025-26; 2024-25: 13.3 mpg, 2.5 ppg"
"5312307","5312307","Kelis Fisher","UConn Huskies","41","Returning","stats","id","UConn Huskies",NA,1,NA,8.48,10.12,4.09,3.48,7.57,"No. 25 recruit in 2025; pedigree counts 47% (170 college min)"
"5312308","5312308","Gandy Malou-Mamel","UConn Huskies","41","Returning","stats","id","UConn Huskies",NA,1,NA,4.64,5.54,0.84,0.99,1.83,"No. 75 recruit in 2025; pedigree counts 97% (4 college min)"
"5176145","5176145","Julia Coleman","UIC Flames","82","Returning","stats","id","UIC Flames",NA,3,NA,29.94,35.73,3.63,0.38,4.01,NA
"5314968","5314968","TuTu Clayton","UIC Flames","82","Returning","stats","id","UIC Flames",NA,2,NA,26.63,31.79,-1.07,-0.79,-1.85,NA
"5242217","5242217","Magdalena Winter","UIC Flames","82","Returning","stats","id","UIC Flames",NA,2,NA,20.98,25.03,-0.73,-1.2,-1.92,NA
"5177897","5177897","Nevaeh Foster","UIC Flames","82","Transfer","stats","id","IU Indianapolis Jaguars",NA,3,NA,20.78,24.8,2.29,-0.82,1.47,NA
"5178517","5178517","Evyn Carrier","UIC Flames","82","Transfer","stats","id","Toledo Rockets",NA,2,NA,17.33,20.69,-1.38,0.36,-1.02,NA
"5240002","5240002","Salma Khedr","UIC Flames","82","Transfer","stats","id","Western Kentucky Lady Toppers",NA,2,NA,16.77,20.01,1.84,0.12,1.97,NA
"fr_82_aniyahmckenzie","fr_82_aniyahmckenzie","Aniyah McKenzie","UIC Flames","82","Newcomer","newcomer","none","Lawrence Central","Fr.",0,NA,13.37,15.96,-1.12,-1.01,-2.14,NA
"fr_82_daniellebrooks","fr_82_daniellebrooks","Danielle Brooks","UIC Flames","82","Newcomer","newcomer","none","Kenwood Academy","Fr.",0,NA,12.27,14.64,-1.12,-1.01,-2.14,NA
"fr_82_danyellelondon","fr_82_danyellelondon","Danyelle London","UIC Flames","82","Newcomer","newcomer","none","Fort Erie International Academy","Fr.",0,NA,11.6,13.84,-1.12,-1.01,-2.14,NA
"fr_82_lylakahrimanovic","fr_82_lylakahrimanovic","Lyla Kahrimanovic","UIC Flames","82","Newcomer","newcomer","none","Salt Lake CC/McNeese State","Jr.",0,NA,11.12,13.27,-1.12,-1.01,-2.14,NA
"fr_82_meccacrawford","fr_82_meccacrawford","Mecca Crawford","UIC Flames","82","Newcomer","newcomer","none","North Crowley","Fr.",0,NA,10.6,12.65,-1.12,-1.01,-2.14,NA
"5314972","5314972","London Walker-George","UIC Flames","82","Returning","stats","id","UIC Flames",NA,1,NA,8.62,10.28,-2.33,-1.18,-3.51,NA
"5178539","5178539","Erin Henry","UL Monroe Warhawks","2433","Transfer","stats","id","Coppin State Eagles",NA,3,NA,23.95,28.58,-1.45,-0.12,-1.58,NA
"5315161","5315161","Nevaeh Scott","UL Monroe Warhawks","2433","Transfer","stats","id","Old Dominion Monarchs",NA,3,NA,23.37,27.89,-1.6,-0.6,-2.2,NA
"5242507","5242507","Aiyanna Culver","UL Monroe Warhawks","2433","Transfer","stats","id","Chicago State Cougars",NA,2,NA,18.92,22.58,-0.1,-1.38,-1.48,NA
"5313608","5313608","Kayla Lindsey","UL Monroe Warhawks","2433","Transfer","stats","id","Mount St. Mary's Mountaineers",NA,3,NA,18.68,22.29,-0.75,1.04,0.29,NA
"5315203","5315203","Kyla McBride","UL Monroe Warhawks","2433","Transfer","stats","id","Texas State Bobcats",NA,2,NA,16.56,19.76,-2.93,-0.47,-3.4,NA
"5313061","5313061","Kylee Hunt","UL Monroe Warhawks","2433","Transfer","stats","id","Northern Kentucky Norse",NA,3,NA,16.2,19.34,-0.81,-0.88,-1.69,NA
"5313834","5313834","Amani Williams","UL Monroe Warhawks","2433","Transfer","stats","id","Presbyterian Blue Hose",NA,1,NA,13.23,15.79,-2.76,-1.94,-4.7,NA
"5106105","5106105","Destini Ward","UL Monroe Warhawks","2433","Newcomer","stats","id","Georgia Southern Eagles",NA,3,NA,12.95,15.46,-1,-0.28,-1.28,NA
"5315237","5315237","Roge'Ne' Hillard","UL Monroe Warhawks","2433","Newcomer","stats","none","UL Monroe Warhawks",NA,3,NA,12.26,14.63,-1,-0.28,-1.28,NA
"fr_2433_chardelterrell","fr_2433_chardelterrell","Chardel Terrell","UL Monroe Warhawks","2433","Newcomer","newcomer","none","Murray State College","2nd",0,NA,11.76,14.04,-1,-0.28,-1.28,NA
"fr_2433_leanadolny","fr_2433_leanadolny","Lea Nadolny","UL Monroe Warhawks","2433","Newcomer","newcomer","none","Southern Idaho","2nd",0,NA,11.21,13.38,-1,-0.28,-1.28,NA
"fr_2433_nuriamucongo","fr_2433_nuriamucongo","Nuria Mucongo","UL Monroe Warhawks","2433","Newcomer","newcomer","none","Clarendon College","3rd",0,NA,10.82,12.91,-1,-0.28,-1.28,NA
"fr_2433_summerfaleafa","fr_2433_summerfaleafa","Summer Faleafa","UL Monroe Warhawks","2433","Newcomer","newcomer","none","North Idaho College","3rd",0,NA,10.09,12.04,-1,-0.28,-1.28,NA
"5174537","5174537","Maddie Rice","UMass Lowell River Hawks","2349","Returning","stats","id","UMass Lowell River Hawks",NA,3,NA,28.14,33.58,-0.3,-2.03,-2.32,NA
"5313525","5313525","Tyanna Medina","UMass Lowell River Hawks","2349","Returning","stats","id","UMass Lowell River Hawks",NA,1,NA,24.7,29.48,-2.85,-2.54,-5.39,NA
"5240890","5240890","Nia Chima","UMass Lowell River Hawks","2349","Returning","stats","id","UMass Lowell River Hawks",NA,2,NA,20.24,24.16,0.48,-2.44,-1.96,NA
"5313526","5313526","Kiki Modeva","UMass Lowell River Hawks","2349","Returning","stats","id","UMass Lowell River Hawks",NA,2,NA,18.54,22.12,1.02,-0.63,0.39,NA
"5239971","5239971","Adna Halilbasic","UMass Lowell River Hawks","2349","Returning","stats","id","UMass Lowell River Hawks",NA,2,NA,14.63,17.46,-3.45,-2.69,-6.15,NA
"fr_2349_acholagok","fr_2349_acholagok","Achol Agok","UMass Lowell River Hawks","2349","Newcomer","newcomer","none",NA,"Fr.",0,NA,13.77,16.43,-2.97,-2.67,-5.64,NA
"fr_2349_izabellaasp","fr_2349_izabellaasp","Izabella Asp","UMass Lowell River Hawks","2349","Newcomer","newcomer","none",NA,"Fr.",0,NA,12.5,14.92,-2.97,-2.67,-5.64,NA
"fr_2349_kaylasolomon","fr_2349_kaylasolomon","Kayla Solomon","UMass Lowell River Hawks","2349","Newcomer","newcomer","none",NA,"Fr.",0,NA,11.42,13.63,-2.97,-2.67,-5.64,NA
"fr_2349_klimentinamodeva","fr_2349_klimentinamodeva","Klimentina Modeva","UMass Lowell River Hawks","2349","Newcomer","newcomer","none","OEMUC St. Naum of Ohrid","Jr.",0,NA,10.77,12.85,-2.97,-2.67,-5.64,NA
"fr_2349_kyliediaz","fr_2349_kyliediaz","Kylie Diaz","UMass Lowell River Hawks","2349","Newcomer","newcomer","none","Peru State","Sr.",0,NA,10.3,12.29,-2.97,-2.67,-5.64,NA
"fr_2349_yazminedwards","fr_2349_yazminedwards","Yazmin Edwards","UMass Lowell River Hawks","2349","Newcomer","newcomer","none","Eastern Arizona","Jr.",0,NA,9.79,11.68,-2.97,-2.67,-5.64,NA
"fr_2349_milenalund","fr_2349_milenalund","Milena Lund","UMass Lowell River Hawks","2349","International (FIBA)","newcomer","none",NA,"Fr.",0,NA,9.14,10.9,-4.24,-3,-7.24,NA
"5240889","5240889","Carla Subirats","UMass Lowell River Hawks","2349","Returning","stats","id","UMass Lowell River Hawks",NA,2,NA,8.52,10.17,-5.37,-2.09,-7.46,NA
"fr_2349_heddahakanson","fr_2349_heddahakanson","Hedda Hakanson","UMass Lowell River Hawks","2349","International (FIBA)","newcomer","none",NA,"Fr.",0,NA,7.54,9,-4.84,-3.45,-8.29,NA
"5313532","5313532","Heidi Williams","UMBC Retrievers","2378","Returning","stats","id","UMBC Retrievers",NA,1,NA,26.63,31.79,-0.2,2.02,1.83,NA
"5109401","5109401","Tiara Bellamy","UMBC Retrievers","2378","Returning","stats","id","UMBC Retrievers",NA,3,NA,22.97,27.41,-3.15,0.35,-2.8,NA
"5313533","5313533","Kennedy Austin","UMBC Retrievers","2378","Returning","stats","id","UMBC Retrievers",NA,1,NA,21.52,25.68,1.18,0.84,2.02,NA
"5175993","5175993","Alaina Williams","UMBC Retrievers","2378","Returning","stats","id","UMBC Retrievers",NA,3,NA,19.73,23.55,-0.42,0.44,0.02,NA
"5108883","5108883","Gabby Scott","UMBC Retrievers","2378","Returning","stats","id","UMBC Retrievers",NA,3,NA,16.74,19.98,-2.65,0.42,-2.23,NA
"5240845","5240845","Angela Williams","UMBC Retrievers","2378","Transfer","stats","id","James Madison Dukes",NA,2,NA,15.78,18.83,0.52,2.86,3.37,NA
"5242505","5242505","Dagny Slomack","UMBC Retrievers","2378","Returning","stats","id","UMBC Retrievers",NA,2,NA,14.27,17.03,-0.3,-1.22,-1.52,NA
"5178134","5178134","Alden Yergey","UMBC Retrievers","2378","Transfer","stats","id","Siena Saints",NA,2,NA,12.31,14.69,-2.7,-0.89,-3.59,NA
"5239430","5239430","Shariah Baynes","UMBC Retrievers","2378","Transfer","stats","id","Towson Tigers",NA,2,NA,10.5,12.53,-1.17,-0.43,-1.6,NA
"5106078","5106078","Jeanine Brandsma","UMBC Retrievers","2378","Transfer","stats","id","Austin Peay Governors",NA,4,NA,10.33,12.32,-2.41,-0.46,-2.87,NA
"5313536","5313536","Maisie Crowley","UMBC Retrievers","2378","Returning","stats","id","UMBC Retrievers",NA,1,NA,9.94,11.86,0.47,0.44,0.91,NA
"fr_2378_cairoberson","fr_2378_cairoberson","Cai Roberson","UMBC Retrievers","2378","Newcomer","newcomer","none",NA,"Fr.",0,NA,9.87,11.79,-2.01,0.27,-1.74,NA
"fr_2378_sydsutton","fr_2378_sydsutton","Syd Sutton","UMBC Retrievers","2378","Newcomer","newcomer","none",NA,"Fr.",0,NA,9.41,11.23,-2.01,0.27,-1.74,NA
"5313855","5313855","Jamaria Freeman","UNC Asheville Bulldogs","2427","Returning","stats","id","UNC Asheville Bulldogs",NA,1,NA,28.91,34.5,-4.57,-0.4,-4.97,NA
"5242250","5242250","Amany Lopez","UNC Asheville Bulldogs","2427","Transfer","stats","id","Rider Broncs",NA,2,NA,20.61,24.59,-4.14,-1.27,-5.41,NA
"5315751","5315751","Mercy Wamet","UNC Asheville Bulldogs","2427","Transfer","stats","id","Prairie View A&M Lady Panthers",NA,3,NA,17.79,21.23,-3.31,-1.16,-4.47,NA
"5313858","5313858","Clementina Odom","UNC Asheville Bulldogs","2427","Returning","stats","id","UNC Asheville Bulldogs",NA,3,NA,16.73,19.97,-6.11,-1.51,-7.62,NA
"fr_2427_laniciaparker","fr_2427_laniciaparker","LaNicia Parker","UNC Asheville Bulldogs","2427","Newcomer","newcomer","none","Missouri Western State / Park Hill South HS","So.",0,NA,15.32,18.29,-3.55,-1.14,-4.69,NA
"5315670","5315670","Dariasia Pitts","UNC Asheville Bulldogs","2427","Transfer","stats","id","Bethune-Cookman Wildcats",NA,1,NA,15.01,17.92,-4.15,-0.87,-5.01,NA
"fr_2427_niyonnaasbelle","fr_2427_niyonnaasbelle","Niyonna Asbelle","UNC Asheville Bulldogs","2427","Newcomer","newcomer","none","Andrew Jackson HS","Fr.",0,NA,13.93,16.63,-3.55,-1.14,-4.69,NA
"5314199","5314199","Amaya Shaw","UNC Asheville Bulldogs","2427","Transfer","stats","id","East Carolina Pirates",NA,1,NA,13.11,15.64,-1.25,-1.19,-2.44,NA
"fr_2427_rileymilausnic","fr_2427_rileymilausnic","Riley Milausnic","UNC Asheville Bulldogs","2427","Newcomer","newcomer","none","Purdue Northwest / Lake Central HS","Jr.",0,NA,12.74,15.21,-3.55,-1.14,-4.69,NA
"5243260","5243260","Tre'Miyah Berry","UNC Asheville Bulldogs","2427","Transfer","stats","id","Alabama A&M Bulldogs",NA,2,NA,12.53,14.95,-4.23,-1.44,-5.67,NA
"fr_2427_sophiaross","fr_2427_sophiaross","Sophia Ross","UNC Asheville Bulldogs","2427","Newcomer","newcomer","none","Oak Ridge HS","Fr.",0,NA,12.02,14.35,-3.55,-1.14,-4.69,NA
"fr_2427_tristanstoutermire","fr_2427_tristanstoutermire","Tristan Stoutermire","UNC Asheville Bulldogs","2427","Newcomer","newcomer","none","Purdue Northwest / Montevallo HS","So.",0,NA,11.51,13.73,-3.55,-1.14,-4.69,NA
"5323686","5323686","Olivia Johnson","UNC Asheville Bulldogs","2427","Transfer (non-D1)","stats","none","Wisconsin Stout Blue Devils",NA,1,NA,9.78,11.67,-3,-0.07,-3.07,"Valued at the D2/NAIA level (assumed)"
"5315714","5315714","Leyla Minor","UNC Greensboro Spartans","2430","Returning","stats","id","UNC Greensboro Spartans",NA,1,NA,24.59,29.34,-2.02,-0.29,-2.3,NA
"5243530","5243530","Kristina Rakotobe","UNC Greensboro Spartans","2430","Returning","stats","id","UNC Greensboro Spartans",NA,2,NA,20.56,24.54,-1.71,-0.99,-2.7,NA
"5315120","5315120","Savannah Robinson-Holmes","UNC Greensboro Spartans","2430","Transfer","stats","id","Georgia State Panthers",NA,1,NA,20.34,24.27,0.03,-1.1,-1.08,NA
"5177945","5177945","Joelle Davis","UNC Greensboro Spartans","2430","Returning","stats","id","UNC Greensboro Spartans",NA,3,NA,16.48,19.67,-1.22,-1.37,-2.59,NA
"fr_2430_amyjakpa","fr_2430_amyjakpa","Amy Jakpa","UNC Greensboro Spartans","2430","Newcomer","newcomer","none","IIS Norberto Bobbio","Fr.",0,NA,15.01,17.92,-2.49,-0.92,-3.41,NA
"fr_2430_clarafelix","fr_2430_clarafelix","Clara Felix","UNC Greensboro Spartans","2430","Newcomer","newcomer","none","Kyoto Seika Gakuen","Fr.",0,NA,14.2,16.95,-2.49,-0.92,-3.41,NA
"fr_2430_gloriatony","fr_2430_gloriatony","Gloria Tony","UNC Greensboro Spartans","2430","Newcomer","newcomer","none","Panola College","Jr.",0,NA,12.93,15.43,-2.49,-0.92,-3.41,NA
"fr_2430_kylacantey","fr_2430_kylacantey","Kyla Cantey","UNC Greensboro Spartans","2430","Newcomer","newcomer","none","River Ridge","Fr.",0,NA,11.84,14.14,-2.49,-0.92,-3.41,NA
"fr_2430_laneighscales","fr_2430_laneighscales","Laneigh Scales","UNC Greensboro Spartans","2430","Newcomer","newcomer","none","Glenn","Fr.",0,NA,11.19,13.36,-2.49,-0.92,-3.41,NA
"fr_2430_marinakusanovic","fr_2430_marinakusanovic","Marina Kusanovic","UNC Greensboro Spartans","2430","Newcomer","newcomer","none","First Private Grammar School","Fr.",0,NA,10.72,12.79,-2.49,-0.92,-3.41,NA
"fr_2430_ninastavrov","fr_2430_ninastavrov","Nina Stavrov","UNC Greensboro Spartans","2430","Newcomer","newcomer","none","Gimnazija Kranj","Jr.",0,NA,10.2,12.18,-2.49,-0.92,-3.41,NA
"fr_2430_rosesimpson","fr_2430_rosesimpson","Rose Simpson","UNC Greensboro Spartans","2430","Newcomer","newcomer","none","Brandeis","Fr.",0,NA,9.83,11.73,-2.49,-0.92,-3.41,NA
"fr_2430_sydneymurphy","fr_2430_sydneymurphy","Sydney Murphy","UNC Greensboro Spartans","2430","Newcomer","newcomer","none","Memorial","Fr.",0,NA,9.14,10.91,-2.49,-0.92,-3.41,NA
"fr_2430_tiarnachambersdesmond","fr_2430_tiarnachambersdesmond","Tiarna Chambers-Desmond","UNC Greensboro Spartans","2430","International (FIBA)","newcomer","none","Nottingham Academy","Fr.",0,NA,8.02,9.57,-4.14,-1.53,-5.67,NA
"5315716","5315716","Salimata Traore","UNC Greensboro Spartans","2430","Returning","stats","id","UNC Greensboro Spartans",NA,1,NA,4.94,5.89,-3.92,-1.04,-4.95,NA
"5175800","5175800","Loghan Johnson","UNC Wilmington Seahawks","350","Transfer","stats","id","West Virginia Mountaineers",NA,3,NA,25.53,30.47,0.09,0.98,1.07,NA
"5178558","5178558","Kimmie Hicks","UNC Wilmington Seahawks","350","Transfer","stats","id","Loyola Maryland Greyhounds",NA,3,NA,24.29,28.99,-0.26,-0.12,-0.38,NA
"5178215","5178215","Bella Toomey","UNC Wilmington Seahawks","350","Transfer","stats","id","Fairleigh Dickinson Knights",NA,3,NA,23.58,28.15,-1.84,-0.9,-2.74,NA
"fr_350_jazlynbowman","fr_350_jazlynbowman","Jazlyn Bowman","UNC Wilmington Seahawks","350","Newcomer","newcomer","none","Windermere Prep","Fr.",0,NA,17.01,20.3,-2.79,-1.83,-4.62,NA
"5240304","5240304","Sienna Dauer","UNC Wilmington Seahawks","350","Transfer","stats","id","Davidson Wildcats",NA,2,NA,15.68,18.71,-2.88,-0.11,-2.99,NA
"fr_350_morganwhite","fr_350_morganwhite","Morgan White","UNC Wilmington Seahawks","350","Newcomer","newcomer","none","Dorman High School","Fr.",0,NA,15.23,18.17,-2.79,-1.83,-4.62,NA
"5108754","5108754","Naylee Cortes","UNC Wilmington Seahawks","350","Transfer","stats","id","Charleston Cougars",NA,4,NA,14.9,17.78,-1.36,-0.4,-1.75,NA
"fr_350_promisenjoku","fr_350_promisenjoku","Promise Njoku","UNC Wilmington Seahawks","350","Newcomer","newcomer","none","Mt. Zion Prep","Fr.",0,NA,14.78,17.64,-2.79,-1.83,-4.62,NA
"5312777","5312777","Leah Keyes","UNC Wilmington Seahawks","350","Transfer","stats","id","George Mason Patriots",NA,1,NA,14.32,17.09,-2.07,-1.31,-3.38,NA
"fr_350_tiarathompson","fr_350_tiarathompson","Tiara Thompson","UNC Wilmington Seahawks","350","Newcomer","newcomer","none","West Rowan High School","Fr.",0,NA,13.44,16.04,-2.79,-1.83,-4.62,NA
"fr_350_alvahagerstrom","fr_350_alvahagerstrom","Alva Hägerström","UNC Wilmington Seahawks","350","International (FIBA)","newcomer","none",NA,"Fr.",0,NA,11.98,14.3,-4.12,-2.2,-6.33,NA
"5312044","5312044","Ebbony Wilson","UNC Wilmington Seahawks","350","Returning","stats","id","UNC Wilmington Seahawks",NA,1,NA,9.26,11.05,-3.29,-1.66,-4.95,NA
"5178158","5178158","Meadow Roland","UNLV Lady Rebels","2439","Returning","stats","id","UNLV Lady Rebels",NA,2,NA,28.74,34.3,5.45,2.22,7.67,NA
"5109818","5109818","Jasmyn Lott","UNLV Lady Rebels","2439","Returning","stats","id","UNLV Lady Rebels",NA,4,NA,25.8,30.79,3.86,-0.55,3.31,NA
"5107733","5107733","Marley Washenitz","UNLV Lady Rebels","2439","Transfer","stats","id","Arizona State Sun Devils",NA,4,NA,22.19,26.49,0.99,2.5,3.49,NA
"5315013","5315013","Norah Moo","UNLV Lady Rebels","2439","Transfer","stats","id","Grand Canyon Lopes",NA,1,NA,18.64,22.25,1.58,0.43,2.01,NA
"5178149","5178149","Sydni Summers","UNLV Lady Rebels","2439","Returning","stats","id","UNLV Lady Rebels",NA,3,NA,14.64,17.47,-0.11,-1.02,-1.13,NA
"fr_2439_keonnilewis","fr_2439_keonnilewis","Keonni Lewis","UNLV Lady Rebels","2439","Top-100 recruit","newcomer","none","Democracy Prep, The Agassi Campus","Freshman",0,88,14.06,16.78,0.87,0.21,1.09,NA
"fr_2439_jaylaconstant","fr_2439_jaylaconstant","Jayla Constant","UNLV Lady Rebels","2439","Top-100 recruit","newcomer","none","Putnam City North HS","Freshman",0,90,13.99,16.69,0.85,0.2,1.05,NA
"5242661","5242661","Maia Rosarion","UNLV Lady Rebels","2439","Transfer","stats","id","Nevada Wolf Pack",NA,2,NA,13.53,16.15,4.64,0.01,4.65,NA
"5315200","5315200","Trystan James","UNLV Lady Rebels","2439","Returning","stats","id","UNLV Lady Rebels",NA,1,NA,12.4,14.79,-0.15,-0.34,-0.49,NA
"fr_2439_avabergeson","fr_2439_avabergeson","Ava Bergeson","UNLV Lady Rebels","2439","Newcomer","newcomer","none","La Salle Catholic College Preparatory","Freshman",0,NA,9.64,11.5,0.08,-0.11,-0.04,NA
"fr_2439_bergankinnebrew","fr_2439_bergankinnebrew","Bergan Kinnebrew","UNLV Lady Rebels","2439","Newcomer","newcomer","none","UMary","Senior",0,NA,9.2,10.98,0.08,-0.11,-0.04,NA
"fr_2439_terriarussell","fr_2439_terriarussell","Terri'A Russell","UNLV Lady Rebels","2439","Newcomer","newcomer","none","Oakland Technical HS","Freshman",0,NA,8.88,10.6,0.08,-0.11,-0.04,NA
"fr_2439_tristanwilliams","fr_2439_tristanwilliams","Tristan Williams","UNLV Lady Rebels","2439","Newcomer","newcomer","none","Laurel School","Freshman",0,NA,8.29,9.9,0.08,-0.11,-0.04,NA
"5311754","5311754","Jazzy Davidson","USC Trojans","30","Returning","stats","id","USC Trojans",NA,1,NA,27.61,32.95,6.32,4.88,11.2,NA
"5239665","5239665","Kennedy Smith","USC Trojans","30","Returning","stats","id","USC Trojans",NA,2,NA,25.42,30.34,3.58,4.97,8.55,NA
"fr_30_saniyahhall","fr_30_saniyahhall","Saniyah Hall","USC Trojans","30","Top-100 recruit","newcomer","none","SPIRE Academy","Fr.",0,1,25.17,30.04,6.36,4.52,10.89,NA
"5175946","5175946","JuJu Watkins","USC Trojans","30","Returning","stats","id","USC Trojans",NA,3,NA,24.14,28.81,12.18,6.8,18.98,"Missed 2025-26; 2024-25: 33.8 mpg, 23.9 ppg"
"fr_30_saraokeke","fr_30_saraokeke","Sara Okeke","USC Trojans","30","Top-100 recruit","newcomer","none","DME Academy","Fr.",0,5,19.83,23.67,4.58,3.91,8.49,NA
"5240754","5240754","Ryann Bennett","USC Trojans","30","Transfer","stats","id","UC Davis Aggies",NA,2,NA,18.75,22.38,3.28,0.44,3.72,NA
"5239663","5239663","Laura Williams","USC Trojans","30","Returning","stats","id","USC Trojans",NA,1,NA,16.54,19.74,1.87,3.55,5.42,NA
"5311990","5311990","Pania Davis","USC Trojans","30","Transfer","stats","id","Florida State Seminoles",NA,3,NA,16.09,19.2,1.89,1.9,3.8,NA
"5331305","5331305","Sitaya Fagan","USC Trojans","30","Newcomer","stats","none","USC Trojans",NA,1,NA,10.64,12.7,0.62,2.49,3.1,NA
"5239662","5239662","Rian Forestier","USC Trojans","30","Returning","stats","id","USC Trojans",NA,2,NA,8.58,10.25,0.12,1.25,1.37,NA
"5239667","5239667","Brooklyn Shamblin","USC Trojans","30","Returning","stats","id","USC Trojans",NA,2,NA,7.22,8.62,-1.43,1.22,-0.21,NA
"5175720","5175720","Amiyah Reynolds","UT Arlington Mavericks","250","Returning","stats","id","UT Arlington Mavericks",NA,2,NA,25.74,30.72,-3.51,0.41,-3.1,NA
"5312983","5312983","Morane Dossou","UT Arlington Mavericks","250","Transfer","stats","id","New Mexico State Aggies",NA,3,NA,22.3,26.61,-1.51,1.44,-0.07,NA
"5263811","5263811","Liz Murphy","UT Arlington Mavericks","250","Transfer","stats","id","Akron Zips",NA,2,NA,20.9,24.95,1.13,-1.17,-0.04,NA
"5175522","5175522","Miraya Perkins","UT Arlington Mavericks","250","Returning","stats","id","UT Arlington Mavericks",NA,3,NA,19.01,22.68,-0.16,-1.11,-1.27,NA
"5241088","5241088","Nisaa Muhammad","UT Arlington Mavericks","250","Transfer","stats","id","Old Dominion Monarchs",NA,2,NA,18.21,21.73,-2.73,-0.36,-3.09,NA
"fr_250_ahniyahbennett","fr_250_ahniyahbennett","Ahniyah Bennett","UT Arlington Mavericks","250","Newcomer","newcomer","none","Connersville HS","Fr.",0,NA,15.9,18.98,-2.44,-0.09,-2.53,NA
"fr_250_avaraymond","fr_250_avaraymond","Ava Raymond","UT Arlington Mavericks","250","Newcomer","newcomer","none","Zachary HS","Fr.",0,NA,14.5,17.3,-2.44,-0.09,-2.53,NA
"5175718","5175718","Faith Carson","UT Arlington Mavericks","250","Transfer","stats","id","Grand Canyon Lopes",NA,2,NA,14.06,16.78,-2.54,0.37,-2.17,NA
"fr_250_chelseabishop","fr_250_chelseabishop","Chelsea Bishop","UT Arlington Mavericks","250","Newcomer","newcomer","none","Eastern Michigan / Florida Southwestern State College","Jr.",0,NA,13.29,15.86,-2.44,-0.09,-2.53,NA
"fr_250_journeehampton","fr_250_journeehampton","Journee Hampton","UT Arlington Mavericks","250","Newcomer","newcomer","none","Lancaster HS","Fr.",0,NA,12.57,15,-2.44,-0.09,-2.53,NA
"fr_250_katelynbrinkley","fr_250_katelynbrinkley","Katelyn Brinkley","UT Arlington Mavericks","250","Newcomer","newcomer","none","Jackson State / Mississippi Gulf Coast CC","Jr.",0,NA,12.05,14.38,-2.44,-0.09,-2.53,NA
"fr_250_keshantigordon","fr_250_keshantigordon","Keshanti Gordon","UT Arlington Mavericks","250","Newcomer","newcomer","none","Murray State College","Jr.",0,NA,11.47,13.69,-2.44,-0.09,-2.53,NA
"5315638","5315638","Sidni Middleton","UT Martin Skyhawks","2630","Returning","stats","id","UT Martin Skyhawks",NA,1,NA,31.04,37.04,-1.62,-0.71,-2.33,NA
"5108967","5108967","Chloe Chard Peloquin","UT Martin Skyhawks","2630","Transfer","stats","id","Wright State Raiders",NA,4,NA,22.28,26.59,-0.21,-0.95,-1.16,NA
"5315637","5315637","Kennedy Horton","UT Martin Skyhawks","2630","Returning","stats","id","UT Martin Skyhawks",NA,1,NA,19.45,23.21,-3.41,-1.19,-4.6,NA
"fr_2630_alorianstory","fr_2630_alorianstory","Alorian Story","UT Martin Skyhawks","2630","Newcomer","newcomer","none","Northwest Mississippi CC","Jr.",0,NA,17.74,21.17,-2.03,-0.93,-2.96,NA
"fr_2630_angelamirkovic","fr_2630_angelamirkovic","Angela Mirkovic","UT Martin Skyhawks","2630","Newcomer","newcomer","none","Eastern Florida State College","So.",0,NA,15.91,18.99,-2.03,-0.93,-2.96,NA
"fr_2630_curneshataylor","fr_2630_curneshataylor","Curnesha Taylor","UT Martin Skyhawks","2630","Newcomer","newcomer","none","Memphis Business Academy","Fr.",0,NA,15.88,18.95,-2.03,-0.93,-2.96,NA
"fr_2630_lilyespelet","fr_2630_lilyespelet","Lily Espelet","UT Martin Skyhawks","2630","Newcomer","newcomer","none","Page HS","Fr.",0,NA,14.47,17.27,-2.03,-0.93,-2.96,NA
"5312958","5312958","Tyler Jones","UT Martin Skyhawks","2630","Transfer","stats","id","New Mexico Lobos",NA,1,NA,13.99,16.7,-3.46,-0.27,-3.72,NA
"fr_2630_madelinepenney","fr_2630_madelinepenney","Madeline Penney","UT Martin Skyhawks","2630","Newcomer","newcomer","none","Tallahassee State College","Sr.",0,NA,13.26,15.83,-2.03,-0.93,-2.96,NA
"fr_2630_mimilazarevic","fr_2630_mimilazarevic","Mimi Lazarevic","UT Martin Skyhawks","2630","Newcomer","newcomer","none","Eastern Florida State College","So.",0,NA,12.53,14.96,-2.03,-0.93,-2.96,NA
"fr_2630_nakayjahholman","fr_2630_nakayjahholman","Na'Kayjah Holman","UT Martin Skyhawks","2630","Newcomer","newcomer","none","Franklin County HS","Fr.",0,NA,12.01,14.33,-2.03,-0.93,-2.96,NA
"fr_2630_sophiechardpeloquin","fr_2630_sophiechardpeloquin","Sophie Chard Peloquin","UT Martin Skyhawks","2630","Newcomer","newcomer","none","Findlay","So.",0,NA,11.43,13.65,-2.03,-0.93,-2.96,NA
"5108609","5108609","Erin Maguire","UT Rio Grande Valley Vaqueros","292","Returning","stats","id","UT Rio Grande Valley Vaqueros",NA,3,NA,24.73,29.52,-3.52,-1.4,-4.92,NA
"5241968","5241968","Gianna Angiolet","UT Rio Grande Valley Vaqueros","292","Returning","stats","id","UT Rio Grande Valley Vaqueros",NA,2,NA,21.66,25.85,-1.12,-1.63,-2.76,NA
"5315089","5315089","Chazlyn Dettor","UT Rio Grande Valley Vaqueros","292","Returning","stats","id","UT Rio Grande Valley Vaqueros",NA,1,NA,19.95,23.81,0.12,-1.05,-0.93,NA
"5243622","5243622","Jesslynn Jalomo","UT Rio Grande Valley Vaqueros","292","Transfer","stats","id","Nicholls Colonels",NA,2,NA,15.69,18.73,0.3,-1.26,-0.96,NA
"5314984","5314984","Bhret Clay","UT Rio Grande Valley Vaqueros","292","Transfer","stats","id","Air Force Falcons",NA,1,NA,14.73,17.58,-0.3,-0.28,-0.58,NA
"5175485","5175485","Kierra Merchant","UT Rio Grande Valley Vaqueros","292","Transfer","stats","id","Houston Cougars",NA,3,NA,12.82,15.3,1.12,1.6,2.73,NA
"5106161","5106161","Praise Egharevba","UT Rio Grande Valley Vaqueros","292","Transfer","stats","id","Oklahoma State Cowgirls",NA,3,NA,12.71,15.17,0.51,1.24,1.75,NA
"5315780","5315780","Kamryn McLaurin","UT Rio Grande Valley Vaqueros","292","Transfer","stats","id","Houston Christian Huskies",NA,1,NA,10.14,12.1,0.29,-0.38,-0.09,NA
"5312750","5312750","Emily Hunter","UT Rio Grande Valley Vaqueros","292","Transfer","stats","id","TCU Horned Frogs",NA,1,NA,9.72,11.6,-1.03,-0.97,-2.01,NA
"5178502","5178502","Madison Huhn","UT Rio Grande Valley Vaqueros","292","Returning","stats","id","UT Rio Grande Valley Vaqueros",NA,3,NA,9.69,11.56,-2.4,-1.61,-4.01,NA
"5241969","5241969","Elizabeth Romer","UT Rio Grande Valley Vaqueros","292","Returning","stats","id","UT Rio Grande Valley Vaqueros",NA,2,NA,8.48,10.12,0.48,-1.69,-1.21,NA
"5107573","5107573","Janette Aarnio","UT Rio Grande Valley Vaqueros","292","Transfer","stats","id","South Florida Bulls",NA,4,NA,8.14,9.71,-1.18,-0.78,-1.96,NA
"5315710","5315710","Trinity Bane","UT Rio Grande Valley Vaqueros","292","Transfer","stats","id","New Orleans Privateers",NA,3,NA,7.04,8.4,-2.18,-1.48,-3.66,NA
"5315095","5315095","Rylie Whitehair","UT Rio Grande Valley Vaqueros","292","Returning","stats","id","UT Rio Grande Valley Vaqueros",NA,1,NA,6.83,8.15,0.58,-0.51,0.07,NA
"fr_292_jessicaborders","fr_292_jessicaborders","Jessica Borders","UT Rio Grande Valley Vaqueros","292","Newcomer","newcomer","none","Olathe West High School","Freshman",0,NA,6.3,7.52,-1.37,-0.94,-2.31,NA
"5315093","5315093","Elise Horne","UT Rio Grande Valley Vaqueros","292","Returning","stats","id","UT Rio Grande Valley Vaqueros",NA,1,NA,5.95,7.1,-1.89,-1.02,-2.92,NA
"fr_292_linafimbo","fr_292_linafimbo","Lina Fimbo","UT Rio Grande Valley Vaqueros","292","Newcomer","newcomer","none","Cavigal Nice Basket 06","Freshman",0,NA,5.42,6.47,-1.37,-0.94,-2.31,NA
"5105747","5105747","Aaliyah Gayles","Utah State Aggies","328","Returning","stats","id","Utah State Aggies",NA,3,NA,31.33,37.39,-1.44,0.21,-1.23,NA
"5315286","5315286","Aitana Rosello Lopez","Utah State Aggies","328","Returning","stats","id","Utah State Aggies",NA,1,NA,25.25,30.14,-3.11,-1.83,-4.95,NA
"5315291","5315291","Macie Brown","Utah State Aggies","328","Returning","stats","id","Utah State Aggies",NA,2,NA,22.04,26.3,-3.55,-0.88,-4.43,NA
"5175730","5175730","Lisa Thompson","Utah State Aggies","328","Transfer","stats","id","Missouri Tigers",NA,3,NA,20.96,25.01,-0.44,-0.84,-1.28,NA
"5239061","5239061","Danika Galea","Utah State Aggies","328","Transfer","stats","id","Arkansas Razorbacks",NA,2,NA,18.82,22.47,-1.59,-0.92,-2.51,NA
"5315287","5315287","Paloma Munoz Herreros","Utah State Aggies","328","Returning","stats","id","Utah State Aggies",NA,1,NA,17.7,21.12,-1.52,-1.34,-2.87,NA
"5321714","5321714","Kylani Rookstool","Utah State Aggies","328","Transfer (non-D1)","stats","none","Western Oregon Wolves",NA,3,NA,17.42,20.78,-2.36,-1.73,-4.09,"Valued at the D2/NAIA level (assumed)"
"5312721","5312721","Sami Mancini","Utah State Aggies","328","Transfer","stats","id","Providence Friars",NA,1,NA,17.4,20.77,-1.54,-0.41,-1.94,NA
"5315288","5315288","Bella Cosme","Utah State Aggies","328","Returning","stats","id","Utah State Aggies",NA,1,NA,16.76,20.01,-3.48,-1.37,-4.85,NA
"pad_328_1","pad_328_1","Unlisted roster spot","Utah State Aggies","328","Unlisted spot","pad","pad",NA,NA,0,NA,12.31,14.7,-6.07,-2.44,-8.51,NA
"fr_3101_alyssabowen","fr_3101_alyssabowen","Alyssa Bowen","Utah Tech Trailblazers","3101","Newcomer","newcomer","none","ATC Academy","Fr.",0,NA,21.2,25.31,-2.32,-0.75,-3.07,NA
"5242479","5242479","Ava Smith","Utah Tech Trailblazers","3101","Transfer","stats","id","Bellarmine Knights",NA,2,NA,20.32,24.25,-2.94,-2.72,-5.66,NA
"fr_3101_calynwood","fr_3101_calynwood","Calyn Wood","Utah Tech Trailblazers","3101","Newcomer","newcomer","none","College of Southern Idaho","Sr.",0,NA,19.52,23.3,-2.32,-0.75,-3.07,NA
"fr_3101_ellaseymore","fr_3101_ellaseymore","Ella Seymore","Utah Tech Trailblazers","3101","Newcomer","newcomer","none","Westlake HS","Fr.",0,NA,17.64,21.06,-2.32,-0.75,-3.07,NA
"fr_3101_evawoodward","fr_3101_evawoodward","Eva Woodward","Utah Tech Trailblazers","3101","Newcomer","newcomer","none","Argyle Secondary School","Fr.",0,NA,15.82,18.88,-2.32,-0.75,-3.07,NA
"fr_3101_gabbygomez","fr_3101_gabbygomez","Gabby Gomez","Utah Tech Trailblazers","3101","Newcomer","newcomer","none","Cedar HS","Fr.",0,NA,15.72,18.76,-2.32,-0.75,-3.07,NA
"fr_3101_kendalldykstra","fr_3101_kendalldykstra","Kendall Dykstra","Utah Tech Trailblazers","3101","Newcomer","newcomer","none","Valdosta State","So.",0,NA,14.32,17.09,-2.32,-0.75,-3.07,NA
"5315175","5315175","Aubrey Cook","Utah Tech Trailblazers","3101","Transfer","stats","id","San Diego State Aztecs",NA,1,NA,14.06,16.78,-1.68,-0.79,-2.47,NA
"fr_3101_kyaravargas","fr_3101_kyaravargas","Kyara Vargas","Utah Tech Trailblazers","3101","Newcomer","newcomer","none","Canyon HS","Fr.",0,NA,13.12,15.66,-2.32,-0.75,-3.07,NA
"5241970","5241970","Sophia Zufelt","Utah Tech Trailblazers","3101","Transfer","stats","id","UT Rio Grande Valley Vaqueros",NA,2,NA,12.67,15.12,-2.8,-0.79,-3.59,NA
"fr_3101_macihess","fr_3101_macihess","Maci Hess","Utah Tech Trailblazers","3101","Newcomer","newcomer","none","College of Southern Idaho","So.",0,NA,12.4,14.8,-2.32,-0.75,-3.07,NA
"fr_3101_maiarhay","fr_3101_maiarhay","Maia Rhay","Utah Tech Trailblazers","3101","Newcomer","newcomer","none","Westminster University / Western Wyoming CC","Jr.",0,NA,11.88,14.18,-2.32,-0.75,-3.07,NA
"fr_3101_savannahstoker","fr_3101_savannahstoker","Savannah Stoker","Utah Tech Trailblazers","3101","Newcomer","newcomer","none","College of Southern Idaho","Jr.",0,NA,11.31,13.5,-2.32,-0.75,-3.07,NA
"5107944","5107944","Filipa Barros","Utah Utes","254","Transfer","stats","id","California Baptist Lancers",NA,3,NA,24.75,29.53,2.87,2.61,5.48,NA
"5107846","5107846","Chyra Evans","Utah Utes","254","Returning","stats","id","Utah Utes",NA,3,NA,23.64,28.22,2.33,1.29,3.62,NA
"5177879","5177879","Olivia Bradley","Utah Utes","254","Transfer","stats","id","UC Santa Barbara Gauchos",NA,2,NA,20.72,24.73,2.16,1.08,3.24,NA
"5175747","5175747","Laia Conesa","Utah Utes","254","Transfer","stats","id","Kansas Jayhawks",NA,3,NA,18.87,22.52,0.15,2.29,2.44,NA
"5312751","5312751","Lena Girardi","Utah Utes","254","Transfer","stats","id","Oklahoma State Cowgirls",NA,1,NA,16.9,20.17,5.58,1.15,6.73,"No. 56 recruit in 2025; pedigree counts 27% (416 college min)"
"5242484","5242484","Elise Livingston","Utah Utes","254","Transfer","stats","id","Utah State Aggies",NA,2,NA,16.69,19.91,-0.2,-1.04,-1.25,NA
"rec_254_peytonjones","rec_254_peytonjones","Peyton Jones","Utah Utes","254","Top-100 recruit","newcomer","recruit","Top-100 recruit (added)","Fr.",0,67,14.35,17.13,1.1,1.22,2.32,NA
"5311813","5311813","Evelina Otto","Utah Utes","254","Returning","stats","id","Utah Utes",NA,1,NA,14.3,17.07,1.5,1.27,2.77,NA
"fr_254_ryleelittle","fr_254_ryleelittle","Rylee Little","Utah Utes","254","Top-100 recruit","newcomer","none","Kanab HS","Fr.",0,84,13.59,16.22,0.85,1.14,1.98,NA
"5311814","5311814","Ella Todd","Utah Utes","254","Newcomer","stats","none","Utah Utes",NA,1,NA,10.03,11.97,0,0.8,0.79,NA
"fr_254_emmapetrie","fr_254_emmapetrie","Emma Petrie","Utah Utes","254","Newcomer","newcomer","none",NA,"Fr.",0,NA,9.58,11.43,0,0.8,0.79,NA
"fr_254_milikasatuala","fr_254_milikasatuala","Milika Satuala","Utah Utes","254","Newcomer","newcomer","none","Bountiful HS","Fr.",0,NA,9.25,11.04,0,0.8,0.79,NA
"5239496","5239496","Kamryn Mafua","Utah Utes","254","Returning","stats","id","Utah Utes",NA,2,NA,7.33,8.75,0.06,0.05,0.11,NA
"5241806","5241806","Cambree Blackham","Utah Valley Wolverines","3084","Returning","stats","id","Utah Valley Wolverines",NA,2,NA,31.27,37.32,-1.23,0.58,-0.66,NA
"5240223","5240223","Elizabeth Gentry","Utah Valley Wolverines","3084","Transfer","stats","id","Creighton Bluejays",NA,2,NA,25.37,30.27,0.27,-0.86,-0.59,NA
"5239445","5239445","Naia Tanuvasa","Utah Valley Wolverines","3084","Returning","stats","id","Utah Valley Wolverines",NA,2,NA,19.45,23.21,-4.43,1.15,-3.28,NA
"fr_3084_gabimoultrie","fr_3084_gabimoultrie","Gabi Moultrie","Utah Valley Wolverines","3084","Newcomer","newcomer","none","Wilsonville HS","Fr.",0,NA,18.08,21.58,-2.21,0.2,-2.01,NA
"fr_3084_kendrakitchen","fr_3084_kendrakitchen","Kendra Kitchen","Utah Valley Wolverines","3084","Newcomer","newcomer","none","Davis HS","R-Fr.",0,NA,16.38,19.54,-2.21,0.2,-2.01,NA
"fr_3084_graciejohnson","fr_3084_graciejohnson","Gracie Johnson","Utah Valley Wolverines","3084","Newcomer","newcomer","none","Utah State","Jr.",0,NA,16.23,19.37,-2.21,0.2,-2.01,NA
"fr_3084_laurenjohnson","fr_3084_laurenjohnson","Lauren Johnson","Utah Valley Wolverines","3084","Newcomer","newcomer","none","Utah Tech","Sr.",0,NA,14.94,17.83,-2.21,0.2,-2.01,NA
"fr_3084_marenmckenna","fr_3084_marenmckenna","Maren McKenna","Utah Valley Wolverines","3084","Newcomer","newcomer","none","Wyoming","So.",0,NA,13.7,16.36,-2.21,0.2,-2.01,NA
"fr_3084_oliviastephens","fr_3084_oliviastephens","Olivia Stephens","Utah Valley Wolverines","3084","Newcomer","newcomer","none","Alta HS","Fr.",0,NA,12.96,15.47,-2.21,0.2,-2.01,NA
"fr_3084_tabiclark","fr_3084_tabiclark","Tabi Clark","Utah Valley Wolverines","3084","Newcomer","newcomer","none","Pleasant Grove HS","Fr.",0,NA,12.43,14.83,-2.21,0.2,-2.01,NA
"5315517","5315517","Anna Shreeve","Utah Valley Wolverines","3084","Returning","stats","id","Utah Valley Wolverines",NA,1,NA,10.07,12.02,-0.74,0.49,-0.25,NA
"5315519","5315519","Evie Leeson","Utah Valley Wolverines","3084","Returning","stats","id","Utah Valley Wolverines",NA,1,NA,9.14,10.91,-1.91,-0.46,-2.37,NA
"5239992","5239992","Mary Moses Amaniyo","UTEP Miners","2638","Returning","stats","id","UTEP Miners",NA,2,NA,29.12,34.75,2.64,-0.39,2.24,NA
"5313017","5313017","Aolani Woldai","UTEP Miners","2638","Returning","stats","id","UTEP Miners",NA,1,NA,21.56,25.73,-2.49,-1.82,-4.3,NA
"5313015","5313015","Tatiana Collazo","UTEP Miners","2638","Returning","stats","id","UTEP Miners",NA,3,NA,19.43,23.19,-2.38,-1.43,-3.81,NA
"fr_2638_armandasindalawa","fr_2638_armandasindalawa","Armanda Sindalawa","UTEP Miners","2638","Newcomer","newcomer","none","Clarendon College","Jr.",0,NA,18.24,21.77,-1.86,-1.65,-3.51,NA
"fr_2638_charlottealdridge","fr_2638_charlottealdridge","Charlotte Aldridge","UTEP Miners","2638","Newcomer","newcomer","none","Downingtown East HS","Fr.",0,NA,16.86,20.12,-1.86,-1.65,-3.51,NA
"fr_2638_armindajoaquim","fr_2638_armindajoaquim","Arminda Joaquim","UTEP Miners","2638","Newcomer","newcomer","none","Odessa College","Jr.",0,NA,16.35,19.51,-1.86,-1.65,-3.51,NA
"fr_2638_dilanguecruz","fr_2638_dilanguecruz","Dilangue Cruz","UTEP Miners","2638","Newcomer","newcomer","none","South Plains College","Jr.",0,NA,15.35,18.32,-1.86,-1.65,-3.51,NA
"fr_2638_isabeljoao","fr_2638_isabeljoao","Isabel Joao","UTEP Miners","2638","Newcomer","newcomer","none","South Plains College","Jr.",0,NA,14.06,16.78,-1.86,-1.65,-3.51,NA
"fr_2638_kobejohnson","fr_2638_kobejohnson","Kobe Johnson","UTEP Miners","2638","Newcomer","newcomer","none","North Shore Senior HS","Fr.",0,NA,13.28,15.85,-1.86,-1.65,-3.51,NA
"fr_2638_zainabolalekan","fr_2638_zainabolalekan","Zainab Olalekan","UTEP Miners","2638","Newcomer","newcomer","none","Clarendon College","Jr.",0,NA,12.72,15.18,-1.86,-1.65,-3.51,NA
"fr_2638_apostoliazormpala","fr_2638_apostoliazormpala","Apostolia Zormpala","UTEP Miners","2638","International (FIBA)","newcomer","none",NA,"Fr.",0,NA,11.76,14.04,-3.18,-2.01,-5.19,NA
"fr_2638_kristalukasevica","fr_2638_kristalukasevica","Krista Lukasevica","UTEP Miners","2638","International (FIBA)","newcomer","none",NA,"Fr.",0,NA,11.27,13.45,-3.32,-2.12,-5.44,NA
"5240953","5240953","Damara Allen","UTSA Roadrunners","2636","Returning","stats","id","UTSA Roadrunners",NA,2,NA,31.86,38,0.32,1.95,2.26,NA
"5240954","5240954","Mia Hammonds","UTSA Roadrunners","2636","Returning","stats","id","UTSA Roadrunners",NA,2,NA,28.91,34.5,-1.15,3.03,1.88,NA
"5175421","5175421","Idara Udo","UTSA Roadrunners","2636","Returning","stats","id","UTSA Roadrunners",NA,3,NA,26.98,32.2,1.83,1.97,3.8,NA
"5315341","5315341","Adriana Robles","UTSA Roadrunners","2636","Returning","stats","id","UTSA Roadrunners",NA,1,NA,23.33,27.85,-1.37,1.5,0.14,NA
"fr_2636_amayamcdonald","fr_2636_amayamcdonald","Amaya McDonald","UTSA Roadrunners","2636","Newcomer","newcomer","none","Braswell HS","Freshman",0,NA,18.34,21.89,-1.55,1.06,-0.49,NA
"fr_2636_janaros","fr_2636_janaros","Jana Ros","UTSA Roadrunners","2636","Newcomer","newcomer","none","Escola Pia Santa Anna","Freshman",0,NA,16.76,20,-1.55,1.06,-0.49,NA
"5315340","5315340","Sanaa Bean","UTSA Roadrunners","2636","Returning","stats","id","UTSA Roadrunners",NA,1,NA,16.37,19.54,-3.28,0.58,-2.7,NA
"fr_2636_rihyanakinsey","fr_2636_rihyanakinsey","Rihyana Kinsey","UTSA Roadrunners","2636","Newcomer","newcomer","none","La Vega HS","Freshman",0,NA,15.41,18.39,-1.55,1.06,-0.49,NA
"5326279","5326279","Marie Han","UTSA Roadrunners","2636","Returning","stats","id","UTSA Roadrunners",NA,2,NA,11.02,13.15,-2.48,-0.41,-2.9,NA
"pad_2636_1","pad_2636_1","Unlisted roster spot","UTSA Roadrunners","2636","Unlisted spot","pad","pad",NA,NA,0,NA,11.02,13.15,-5.24,-0.09,-5.33,NA
"5314974","5314974","Allia von Schlegell","Valparaiso Beacons","2674","Returning","stats","id","Valparaiso Beacons",NA,1,NA,31.29,37.34,-0.31,-2.67,-2.98,NA
"5314976","5314976","Autumn Dibb","Valparaiso Beacons","2674","Returning","stats","id","Valparaiso Beacons",NA,1,NA,24.22,28.9,-5.18,-1.64,-6.81,NA
"5242012","5242012","Kylee Norkus","Valparaiso Beacons","2674","Transfer","stats","id","Evansville Purple Aces",NA,2,NA,22.08,26.35,-0.75,-0.42,-1.17,NA
"5241142","5241142","Hillary Offing","Valparaiso Beacons","2674","Transfer","stats","id","Purdue Fort Wayne Mastodons",NA,2,NA,19.74,23.56,-0.12,-0.68,-0.81,NA
"5107753","5107753","Maddie Vejsicky","Valparaiso Beacons","2674","Transfer","stats","id","Akron Zips",NA,4,NA,19.06,22.74,-2.92,-2.21,-5.13,NA
"5314975","5314975","Isabella Anderson","Valparaiso Beacons","2674","Returning","stats","id","Valparaiso Beacons",NA,1,NA,15.62,18.64,-4.79,-2.43,-7.22,NA
"fr_2674_constanzaaravena","fr_2674_constanzaaravena","Constanza Aravena","Valparaiso Beacons","2674","Newcomer","newcomer","none","Miami Dade College","So.",0,NA,15.18,18.11,-4.12,-2.26,-6.38,NA
"fr_2674_daniguedet","fr_2674_daniguedet","Dani Guedet","Valparaiso Beacons","2674","Newcomer","newcomer","none","Washington","Fr.",0,NA,13.85,16.53,-4.12,-2.26,-6.38,NA
"5239993","5239993","Osadebamwen Igbinedion Omoruyi","Valparaiso Beacons","2674","Transfer","stats","id","UTEP Miners",NA,2,NA,13.46,16.06,-2.66,-1.28,-3.95,NA
"fr_2674_denzaallen","fr_2674_denzaallen","Denza Allen","Valparaiso Beacons","2674","Newcomer","newcomer","none","Big Walnut","R-Fr.",0,NA,13.05,15.58,-4.12,-2.26,-6.38,NA
"fr_2674_jananogues","fr_2674_jananogues","Jana Nogues","Valparaiso Beacons","2674","Newcomer","newcomer","none","Escola Sant Gervasi a Mollet del Vallès","Fr.",0,NA,12.47,14.89,-4.12,-2.26,-6.38,NA
"5239107","5239107","Mikayla Blakes","Vanderbilt Commodores","238","Returning","stats","id","Vanderbilt Commodores",NA,2,NA,32.2,38,15.62,3.38,19,NA
"5311546","5311546","Aubrey Galvan","Vanderbilt Commodores","238","Returning","stats","id","Vanderbilt Commodores",NA,1,NA,28.2,33.66,4.44,2.72,7.16,NA
"5239076","5239076","Mia Woolfolk","Vanderbilt Commodores","238","Transfer","stats","id","Georgia Lady Bulldogs",NA,2,NA,21.8,26.02,9.51,2.46,11.97,NA
"5243322","5243322","Vernell Atamah","Vanderbilt Commodores","238","Transfer","stats","id","Northwestern State Lady Demons",NA,2,NA,20.97,25.02,5.57,0.64,6.21,NA
"5174310","5174310","Aiyana Mitchell","Vanderbilt Commodores","238","Returning","stats","id","Vanderbilt Commodores",NA,3,NA,16.8,20.05,5.61,3.19,8.8,NA
"5174307","5174307","Madison Greene","Vanderbilt Commodores","238","Returning","stats","id","Vanderbilt Commodores",NA,3,NA,16.29,19.44,3.18,1.95,5.13,"Missed 2025-26; 2024-25: 20.3 mpg, 6.8 ppg"
"rec_238_oliviajones","rec_238_oliviajones","Olivia Jones","Vanderbilt Commodores","238","Top-100 recruit","newcomer","recruit","Top-100 recruit (added)","Fr.",0,16,15.23,18.18,5.28,2.69,7.97,NA
"fr_238_jhaijohnson","fr_238_jhaijohnson","Jhai Johnson","Vanderbilt Commodores","238","Top-100 recruit","newcomer","none",NA,"Freshman",0,37,12.25,14.62,4.35,2.37,6.72,NA
"fr_238_stherubaka","fr_238_stherubaka","Sther Ubaka","Vanderbilt Commodores","238","Newcomer","newcomer","none",NA,"Freshman",0,NA,11.62,13.87,2.6,1.72,4.31,NA
"5174269","5174269","Aalyah Del Rosario","Vanderbilt Commodores","238","Returning","stats","id","Vanderbilt Commodores",NA,3,NA,9.1,10.86,-1.33,1.89,0.56,NA
"5311548","5311548","Monique Williams","Vanderbilt Commodores","238","Returning","stats","id","Vanderbilt Commodores",NA,1,NA,7.95,9.49,-0.31,-0.15,-0.46,NA
"5239108","5239108","Trinity Wilson","Vanderbilt Commodores","238","Returning","stats","id","Vanderbilt Commodores",NA,2,NA,7.6,9.07,-0.31,0.51,0.2,NA
"5315305","5315305","Daija Preston","VCU Rams","2670","Returning","stats","id","VCU Rams",NA,1,NA,29.32,34.99,-1.51,0.53,-0.98,NA
"5315306","5315306","Patricia Augustin","VCU Rams","2670","Returning","stats","id","VCU Rams",NA,1,NA,25.29,30.18,-0.31,0.99,0.68,NA
"5178156","5178156","Macy Spencer","VCU Rams","2670","Transfer","stats","id","High Point Panthers",NA,3,NA,25.29,30.18,3.49,0.06,3.55,NA
"5240700","5240700","Cyriah Griffin","VCU Rams","2670","Returning","stats","id","VCU Rams",NA,2,NA,22.6,26.97,-1.83,-0.38,-2.21,NA
"5315308","5315308","Laia Crespín","VCU Rams","2670","Returning","stats","id","VCU Rams",NA,1,NA,19.61,23.41,-2.46,-0.65,-3.12,NA
"5178468","5178468","Lucy Ghaifan","VCU Rams","2670","Returning","stats","id","VCU Rams",NA,3,NA,18.69,22.3,1.91,0.22,2.13,NA
"5177221","5177221","Ann Zachariah","VCU Rams","2670","Returning","stats","id","VCU Rams",NA,3,NA,16.84,20.09,-1.86,-0.73,-2.59,NA
"4704867","4704867","Lexi Fleming","VCU Rams","2670","Transfer","stats","id","High Point Panthers",NA,4,NA,16.02,19.12,-0.65,-0.43,-1.07,NA
"5174402","5174402","Lucía Sotelo","VCU Rams","2670","Returning","stats","id","VCU Rams",NA,3,NA,15.04,17.95,-1.12,-1.63,-2.75,NA
"pad_2670_1","pad_2670_1","Unlisted roster spot","VCU Rams","2670","Unlisted spot","pad","pad",NA,NA,0,NA,11.31,13.5,-5.95,-1.55,-7.5,NA
"5174549","5174549","Malia Lenz","Vermont Catamounts","261","Returning","stats","id","Vermont Catamounts",NA,3,NA,28.76,34.32,2.07,2.93,5,NA
"5240891","5240891","Emma Haan","Vermont Catamounts","261","Returning","stats","id","Vermont Catamounts",NA,2,NA,24.96,29.79,-1,1,0,NA
"4898987","4898987","Catherine Gilwee","Vermont Catamounts","261","Returning","stats","id","Vermont Catamounts",NA,4,NA,23.31,27.82,-2.56,-0.42,-2.98,NA
"5313537","5313537","Jacklynn Hosier","Vermont Catamounts","261","Returning","stats","id","Vermont Catamounts",NA,1,NA,17.44,20.81,-1.69,0.45,-1.24,NA
"5240897","5240897","Savanna Creal","Vermont Catamounts","261","Returning","stats","id","Vermont Catamounts",NA,2,NA,14.75,17.6,1.18,-0.05,1.13,NA
"5177755","5177755","Arantxa Portalez","Vermont Catamounts","261","Transfer","stats","id","Delaware Blue Hens",NA,3,NA,14.13,16.86,-3.04,-0.09,-3.13,NA
"5245558","5245558","Meja Jägerskog","Vermont Catamounts","261","Transfer","stats","id","Saint Joseph's Hawks",NA,2,NA,12.26,14.63,-0.99,0.33,-0.65,NA
"fr_261_mejajaegerskog","fr_261_mejajaegerskog","Meja Jaegerskog","Vermont Catamounts","261","Newcomer","newcomer","none","Saint Joseph's University","Junior",0,NA,12.18,14.54,-0.36,0.53,0.17,NA
"fr_261_siennapapanastasiouthomas","fr_261_siennapapanastasiouthomas","Sienna Papanastasiou-Thomas","Vermont Catamounts","261","Newcomer","newcomer","none","J. Addison School","Freshman",0,NA,11.2,13.37,-0.36,0.53,0.17,NA
"fr_261_netamayshar","fr_261_netamayshar","Neta Mayshar","Vermont Catamounts","261","International (FIBA)","newcomer","none","Hapoel Lev Jerusalem","Freshman",0,NA,10.4,12.41,-1.52,0.28,-1.24,NA
"fr_261_maisiekeyes","fr_261_maisiekeyes","Maisie Keyes","Vermont Catamounts","261","International (FIBA)","newcomer","none","Ipswich Basketball Club","Freshman",0,NA,9.78,11.67,-2.25,-0.26,-2.5,NA
"5313540","5313540","Lia Hanson","Vermont Catamounts","261","Returning","stats","id","Vermont Catamounts",NA,1,NA,8.14,9.71,-1.09,0.29,-0.8,NA
"5240894","5240894","Piper Risdon","Vermont Catamounts","261","Returning","stats","id","Vermont Catamounts",NA,2,NA,7.11,8.49,0.4,-0.31,0.09,NA
"5313538","5313538","Maren Maxon","Vermont Catamounts","261","Returning","stats","id","Vermont Catamounts",NA,1,NA,5.59,6.67,-2.67,-0.07,-2.75,NA
"5240245","5240245","Jasmine Bascoe","Villanova Wildcats","222","Returning","stats","id","Villanova Wildcats",NA,2,NA,28.58,34.11,7.36,2.99,10.35,NA
"5312737","5312737","Kennedy Henry","Villanova Wildcats","222","Returning","stats","id","Villanova Wildcats",NA,1,NA,23.14,27.62,3.24,3.39,6.63,NA
"5174764","5174764","Brynn McCurry","Villanova Wildcats","222","Returning","stats","id","Villanova Wildcats",NA,3,NA,23.01,27.46,4.8,2.37,7.17,NA
"5175489","5175489","Kelsey Joens","Villanova Wildcats","222","Returning","stats","id","Villanova Wildcats",NA,3,NA,19.32,23.06,3.25,2.64,5.89,NA
"5240246","5240246","Dani Ceseretti","Villanova Wildcats","222","Returning","stats","id","Villanova Wildcats",NA,2,NA,17.51,20.9,-0.05,2.03,1.98,NA
"5178121","5178121","Anna Foley","Villanova Wildcats","222","Transfer","stats","id","Quinnipiac Bobcats",NA,3,NA,16.24,19.39,3.42,2.84,6.26,NA
"5312736","5312736","Brooke Bender","Villanova Wildcats","222","Returning","stats","id","Villanova Wildcats",NA,1,NA,13.2,15.75,2.45,1.69,4.14,NA
"5238296","5238296","Simone Pelish","Villanova Wildcats","222","Transfer","stats","id","Miami Hurricanes",NA,1,NA,11.73,14,1.7,0.03,1.73,NA
"5312735","5312735","Elise Bender","Villanova Wildcats","222","Newcomer","stats","none","Villanova Wildcats",NA,1,NA,10.7,12.77,0.7,1.63,2.33,NA
"5343112","5343112","Miky Panait","Villanova Wildcats","222","Newcomer","stats","none","Villanova Wildcats",NA,2,NA,10.15,12.12,0.7,1.63,2.33,NA
"fr_222_alexiseberz","fr_222_alexiseberz","Alexis Eberz","Villanova Wildcats","222","Newcomer","newcomer","none",NA,"Fr.",0,NA,9.76,11.65,0.7,1.63,2.33,NA
"fr_222_janetoriakhi","fr_222_janetoriakhi","Janet Oriakhi","Villanova Wildcats","222","Newcomer","newcomer","none",NA,"Fr.",0,NA,9.33,11.14,0.7,1.63,2.33,NA
"5240247","5240247","Rachel Wirts","Villanova Wildcats","222","Returning","stats","id","Villanova Wildcats",NA,2,NA,7.33,8.75,-2.36,0.76,-1.6,NA
"5174436","5174436","Kymora Johnson","Virginia Cavaliers","258","Returning","stats","id","Virginia Cavaliers",NA,3,NA,30.45,36.35,8.26,2.36,10.62,NA
"4698733","4698733","Tabitha Amanze","Virginia Cavaliers","258","Returning","stats","id","Virginia Cavaliers",NA,4,NA,23.78,28.38,4.74,2.43,7.17,NA
"5311711","5311711","Caterina Piatti","Virginia Cavaliers","258","Transfer","stats","id","Florida Gators",NA,1,NA,20.24,24.16,-0.17,0.39,0.22,NA
"5107544","5107544","Mary-Anna Asare","Virginia Cavaliers","258","Transfer","stats","id","VCU Rams",NA,4,NA,19.53,23.31,2.73,0.54,3.27,NA
"5239477","5239477","Adeang Ring","Virginia Cavaliers","258","Returning","stats","id","Virginia Cavaliers",NA,2,NA,15.17,18.11,1.07,1.24,2.3,NA
"5174265","5174265","Janae Walker","Virginia Cavaliers","258","Transfer","stats","id","Rutgers Scarlet Knights",NA,3,NA,14.51,17.31,-1.4,-0.12,-1.51,NA
"5239058","5239058","Eris Lester","Virginia Cavaliers","258","Transfer","stats","id","Alabama Crimson Tide",NA,2,NA,13.17,15.72,0.77,0.8,1.58,NA
"5238318","5238318","Breona Hurd","Virginia Cavaliers","258","Returning","stats","id","Virginia Cavaliers",NA,2,NA,12.32,14.7,1.74,0.21,1.96,NA
"fr_258_ericagribble","fr_258_ericagribble","Erica Gribble","Virginia Cavaliers","258","Top-100 recruit","newcomer","none","Greensburg Central Catholic","Fr.",0,82,11.49,13.72,2.14,1.31,3.45,NA
"5174434","5174434","Olivia McGhee","Virginia Cavaliers","258","Returning","stats","id","Virginia Cavaliers",NA,3,NA,10.56,12.61,-1.05,-0.08,-1.13,NA
"fr_258_lylacoogen","fr_258_lylacoogen","Lyla Coogen","Virginia Cavaliers","258","Newcomer","newcomer","none","The St. James Performance Academy","Fr.",0,NA,10.07,12.02,1.26,0.96,2.23,NA
"fr_258_sintijaaukstikalnyte","fr_258_sintijaaukstikalnyte","Sintija Aukštikalnytė","Virginia Cavaliers","258","International (FIBA)","newcomer","none",NA,"Fr.",0,NA,9.56,11.4,0.64,1.11,1.76,NA
"fr_258_emiliebrzonova","fr_258_emiliebrzonova","Emilie Brzonova","Virginia Cavaliers","258","International (FIBA)","newcomer","none","Faenza Basket Project","Fr.",0,NA,9.15,10.92,0.3,0.86,1.16,NA
"4683000","4683000","Carleigh Wenzel","Virginia Tech Hokies","259","Returning","stats","id","Virginia Tech Hokies",NA,3,NA,28.18,33.63,3.18,2.6,5.78,NA
"5174441","5174441","Samyha Suffren","Virginia Tech Hokies","259","Returning","stats","id","Virginia Tech Hokies",NA,3,NA,23.47,28.01,3.55,3.09,6.64,NA
"5174433","5174433","Alyssa Latham","Virginia Tech Hokies","259","Transfer","stats","id","Tennessee Lady Volunteers",NA,3,NA,21.99,26.24,2.61,2.08,4.69,NA
"5238319","5238319","Leila Wells","Virginia Tech Hokies","259","Returning","stats","id","Virginia Tech Hokies",NA,2,NA,19.75,23.58,0.39,1.63,2.02,NA
"5311571","5311571","Lauren Hurst","Virginia Tech Hokies","259","Transfer","stats","id","Tennessee Lady Volunteers",NA,1,NA,16.84,20.1,2.73,1.66,4.39,"No. 45 recruit in 2025; pedigree counts 38% (241 college min)"
"5312438","5312438","Aniya Trent","Virginia Tech Hokies","259","Returning","stats","id","Virginia Tech Hokies",NA,1,NA,14.73,17.58,-0.17,2.14,1.96,NA
"fr_259_kaleoanderson","fr_259_kaleoanderson","Kaleo Anderson","Virginia Tech Hokies","259","Top-100 recruit","newcomer","none","King's School","Fr.",0,72,12.66,15.11,1.28,2.09,3.37,NA
"rp_259_katesears","rp_259_katesears","Kate Sears","Virginia Tech Hokies","259","Redshirt (2025 recruit)","newcomer","none","Did not play 2025-26","R-Fr.",0,NA,12.22,14.59,1.14,2.04,3.18,"Redshirted 2025-26 recovering from injury; on the 2026-27 roster (verified Sept 2026); No. 82 recruit in 2025; pedigree counts 100% (no college minutes yet)"
"5312437","5312437","Amani Jenkins","Virginia Tech Hokies","259","Returning","stats","id","Virginia Tech Hokies",NA,1,NA,10.94,13.05,1.07,1.74,2.81,"No. 74 recruit in 2025; pedigree counts 60% (100 college min)"
"fr_259_ariannaharrismott","fr_259_ariannaharrismott","Arianna Harris-Mott","Virginia Tech Hokies","259","Newcomer","newcomer","none","St. Vincent Pallotti High School","Fr.",0,NA,10.64,12.7,0.26,1.69,1.95,NA
"fr_259_jessicadimaro","fr_259_jessicadimaro","Jessica Dimaro","Virginia Tech Hokies","259","Newcomer","newcomer","none",NA,"Fr.",0,NA,10.23,12.21,0.26,1.69,1.95,NA
"fr_259_nataleegoff","fr_259_nataleegoff","Natalee Goff","Virginia Tech Hokies","259","Newcomer","newcomer","none","Emmanuel","Jr.",0,NA,9.78,11.67,0.26,1.69,1.95,NA
"fr_259_francescabaldassarre","fr_259_francescabaldassarre","Francesca Baldassarre","Virginia Tech Hokies","259","International (FIBA)","newcomer","none",NA,"Fr.",0,NA,8.59,10.25,-1.06,1.32,0.26,NA
"5242476","5242476","Stella Sgro","Wagner Seahawks","2681","Transfer","stats","id","San José State Spartans",NA,2,NA,22.36,26.69,-3.1,-0.51,-3.61,NA
"5242489","5242489","Lana Beslic","Wagner Seahawks","2681","Transfer","stats","id","Wyoming Cowgirls",NA,2,NA,21.33,25.46,-4.08,0.1,-3.97,NA
"5315328","5315328","Alivia Landy","Wagner Seahawks","2681","Returning","stats","id","Wagner Seahawks",NA,1,NA,18.67,22.28,-1.47,0.56,-0.91,NA
"5315327","5315327","Saioa San Francisco","Wagner Seahawks","2681","Returning","stats","id","Wagner Seahawks",NA,3,NA,17.48,20.86,-1.33,-0.92,-2.25,NA
"fr_2681_agathaagba","fr_2681_agathaagba","Agatha Agba","Wagner Seahawks","2681","Newcomer","newcomer","none","Southern Illinois","Jr.",0,NA,14.8,17.66,-4.14,-0.61,-4.74,NA
"fr_2681_amaoforiboampong","fr_2681_amaoforiboampong","Ama Ofori Boampong","Wagner Seahawks","2681","Newcomer","newcomer","none","Triple Threat","Fr.",0,NA,13.98,16.69,-4.14,-0.61,-4.74,NA
"fr_2681_averyblue","fr_2681_averyblue","Avery Blue","Wagner Seahawks","2681","Newcomer","newcomer","none","Madison Memorial HS","Fr.",0,NA,12.71,15.17,-4.14,-0.61,-4.74,NA
"fr_2681_fatifall","fr_2681_fatifall","Fati Fall","Wagner Seahawks","2681","Newcomer","newcomer","none","Fort Hays Tech/Northwest","Jr.",0,NA,11.62,13.87,-4.14,-0.61,-4.74,NA
"fr_2681_jannadauer","fr_2681_jannadauer","Janna Dauer","Wagner Seahawks","2681","Newcomer","newcomer","none","Westcliff/Mississippi Valley State","So.",0,NA,10.97,13.09,-4.14,-0.61,-4.74,NA
"5314918","5314918","Sophia Priestley","Wagner Seahawks","2681","Transfer","stats","id","San Francisco Dons",NA,1,NA,10.79,12.87,-2.25,-0.35,-2.6,NA
"fr_2681_laylamapp","fr_2681_laylamapp","Layla Mapp","Wagner Seahawks","2681","Newcomer","newcomer","none","Ardrey Kell HS","Fr.",0,NA,10.5,12.53,-4.14,-0.61,-4.74,NA
"fr_2681_nahiaesnaola","fr_2681_nahiaesnaola","Nahia Esnaola","Wagner Seahawks","2681","Newcomer","newcomer","none","Southwest Baptist","Jr.",0,NA,9.98,11.91,-4.14,-0.61,-4.74,NA
"5242202","5242202","Ternadoo Agatha Agba","Wagner Seahawks","2681","Transfer","stats","id","Southern Illinois Salukis",NA,2,NA,9.74,11.63,-3.92,-0.87,-4.79,NA
"fr_2681_syliavigka","fr_2681_syliavigka","Sylia Vigka","Wagner Seahawks","2681","Newcomer","newcomer","none","GS Esperides Kalliotheas","Fr.",0,NA,9.61,11.47,-4.14,-0.61,-4.74,NA
"5315326","5315326","Jada Johnson","Wagner Seahawks","2681","Returning","stats","id","Wagner Seahawks",NA,3,NA,5.44,6.5,-3.85,-0.74,-4.59,NA
"5175904","5175904","Mary Carter","Wake Forest Demon Deacons","154","Returning","stats","id","Wake Forest Demon Deacons",NA,3,NA,29.84,35.61,2.79,1.11,3.9,NA
"5238323","5238323","Aurora Sorbye","Wake Forest Demon Deacons","154","Returning","stats","id","Wake Forest Demon Deacons",NA,2,NA,26.52,31.65,0.02,-0.42,-0.39,NA
"5312442","5312442","Opal Bird","Wake Forest Demon Deacons","154","Returning","stats","id","Wake Forest Demon Deacons",NA,1,NA,23.19,27.68,-2.33,-0.17,-2.5,NA
"5107533","5107533","Breauna Ware","Wake Forest Demon Deacons","154","Transfer","stats","id","Wisconsin Badgers",NA,3,NA,20.86,24.89,1.67,-0.1,1.56,NA
"5175483","5175483","Ramiyah Byrd","Wake Forest Demon Deacons","154","Transfer","stats","id","Cincinnati Bearcats",NA,2,NA,18.67,22.28,0.58,1.3,1.88,NA
"5174445","5174445","Madisyn Jordan","Wake Forest Demon Deacons","154","Returning","stats","id","Wake Forest Demon Deacons",NA,3,NA,14.64,17.47,-2.27,-0.14,-2.42,NA
"5312443","5312443","Grace Galbavy","Wake Forest Demon Deacons","154","Returning","stats","id","Wake Forest Demon Deacons",NA,1,NA,12.94,15.45,-0.34,0.59,0.25,NA
"fr_154_adoranwude","fr_154_adoranwude","Adora Nwude","Wake Forest Demon Deacons","154","Newcomer","newcomer","none","Bulls School (MD)","Fr.",0,NA,12.17,14.53,-0.9,-0.04,-0.95,NA
"fr_154_alexiscashdollar","fr_154_alexiscashdollar","Alexis Cashdollar","Wake Forest Demon Deacons","154","Newcomer","newcomer","none","Mars Area High School","Fr.",0,NA,11.52,13.75,-0.9,-0.04,-0.95,NA
"fr_154_oshaunaholland","fr_154_oshaunaholland","Oshauna Holland","Wake Forest Demon Deacons","154","Newcomer","newcomer","none","Stuart Cramer High School","Fr.",0,NA,11.06,13.19,-0.9,-0.04,-0.95,NA
"fr_154_helenadanielewicz","fr_154_helenadanielewicz","Helena Danielewicz","Wake Forest Demon Deacons","154","International (FIBA)","newcomer","none","Pawel Adamowicz Secondary School","Fr.",0,NA,10.29,12.28,-2.09,-0.31,-2.4,NA
"5312441","5312441","Savannah Metcalfe","Wake Forest Demon Deacons","154","Returning","stats","id","Wake Forest Demon Deacons",NA,1,NA,8.32,9.93,-1.64,-0.07,-1.71,NA
"5239666","5239666","Avery Howell","Washington Huskies","264","Returning","stats","id","Washington Huskies",NA,2,NA,30.74,36.68,9.19,5.06,14.25,NA
"5175965","5175965","Sayvia Sellers","Washington Huskies","264","Returning","stats","id","Washington Huskies",NA,3,NA,27.7,33.06,8.92,2.83,11.75,NA
"5238301","5238301","Tilda Trygger","Washington Huskies","264","Transfer","stats","id","NC State Wolfpack",NA,2,NA,24.53,29.28,5.45,2.25,7.7,NA
"5242455","5242455","Brooke Carlson","Washington Huskies","264","Transfer","stats","id","Colorado State Rams",NA,2,NA,20.79,24.81,3.52,1.36,4.88,NA
"5311756","5311756","Brynn McGaughy","Washington Huskies","264","Returning","stats","id","Washington Huskies",NA,1,NA,18.61,22.2,5.15,2.06,7.21,NA
"5311619","5311619","Kaelyn Carroll","Washington Huskies","264","Transfer","stats","id","Kentucky Wildcats",NA,1,NA,17.9,21.37,3.35,2.48,5.83,"No. 18 recruit in 2025; pedigree counts 27% (399 college min)"
"5240010","5240010","Devin Coppinger","Washington Huskies","264","Returning","stats","id","Washington Huskies",NA,2,NA,16.1,19.22,2.68,1.37,4.05,NA
"rec_264_amayahgarcia","rec_264_amayahgarcia","Amayah Garcia","Washington Huskies","264","Top-100 recruit","newcomer","recruit","Top-100 recruit (added)","Fr.",0,51,12.53,14.95,2.59,2.4,4.99,NA
"5311755","5311755","Daniella McLean","Washington Huskies","264","Newcomer","stats","none","Washington Huskies",NA,1,NA,11.01,13.14,1.19,1.87,3.06,NA
"5311757","5311757","Nina Cain","Washington Huskies","264","Returning","stats","id","Washington Huskies",NA,1,NA,10.72,12.79,-0.16,0.63,0.47,"No. 72 recruit in 2025; pedigree counts 78% (43 college min)"
"pad_264_1","pad_264_1","Unlisted roster spot","Washington Huskies","264","Unlisted spot","pad","pad",NA,NA,0,NA,9.38,11.19,-2.5,0.72,-1.78,NA
"5175978","5175978","Eleonora Villa","Washington State Cougars","265","Returning","stats","id","Washington State Cougars",NA,3,NA,29.13,34.76,4.55,-1.7,2.85,NA
"5241568","5241568","Charlotte Abraham","Washington State Cougars","265","Returning","stats","id","Washington State Cougars",NA,2,NA,25.01,29.85,3.83,0.14,3.96,NA
"5177896","5177896","Mackenzie Chatfield","Washington State Cougars","265","Returning","stats","id","Washington State Cougars",NA,3,NA,22.09,26.36,-0.73,-0.91,-1.65,NA
"5313393","5313393","Malia Ruud","Washington State Cougars","265","Returning","stats","id","Washington State Cougars",NA,1,NA,20.32,24.26,1.9,-1.63,0.27,NA
"5175979","5175979","Alex Covill","Washington State Cougars","265","Returning","stats","id","Washington State Cougars",NA,3,NA,18.69,22.31,0.91,-0.87,0.04,NA
"5313392","5313392","Tanja Valancic","Washington State Cougars","265","Returning","stats","id","Washington State Cougars",NA,1,NA,15.36,18.33,-3,-1.11,-4.11,NA
"5313390","5313390","Malvina Haziri","Washington State Cougars","265","Returning","stats","id","Washington State Cougars",NA,1,NA,11.42,13.63,-2,-1.6,-3.61,NA
"5313391","5313391","Tahara Magassa","Washington State Cougars","265","Newcomer","stats","none","Washington State Cougars",NA,1,NA,10.72,12.8,-1.24,-1.29,-2.53,NA
"fr_265_gianellaespadale","fr_265_gianellaespadale","Gianella Espadale","Washington State Cougars","265","Newcomer","newcomer","none",NA,"Freshman",0,NA,10.14,12.1,-1.24,-1.29,-2.53,NA
"fr_265_lizzyfilchagina","fr_265_lizzyfilchagina","Lizzy Filchagina","Washington State Cougars","265","Newcomer","newcomer","none","SMU (Spartak Saint Petersburg)","Sophomore",0,NA,9.72,11.6,-1.24,-1.29,-2.53,NA
"5312412","5312412","Elizaveta Filchagina","Washington State Cougars","265","Transfer","stats","id","SMU Mustangs",NA,1,NA,9.53,11.37,-2.45,-1.58,-4.03,NA
"fr_265_reesejordan","fr_265_reesejordan","Reese Jordan","Washington State Cougars","265","Newcomer","newcomer","none","West Linn HS","Freshman",0,NA,9.26,11.05,-1.24,-1.29,-2.53,NA
"fr_265_aichabah","fr_265_aichabah","Aicha Bah","Washington State Cougars","265","International (FIBA)","newcomer","none","Kangoeroes Basket Mechelen","Freshman",0,NA,8.61,10.27,-2.75,-1.8,-4.55,NA
"5109760","5109760","Hannah Robbins","Weber State Wildcats","2692","Returning","stats","id","Weber State Wildcats",NA,3,NA,29.53,35.25,-1.59,0.58,-1.01,NA
"5175540","5175540","Sydney White","Weber State Wildcats","2692","Returning","stats","id","Weber State Wildcats",NA,3,NA,26.98,32.2,-4.44,-1.28,-5.72,NA
"5177269","5177269","Paris Lauro","Weber State Wildcats","2692","Returning","stats","id","Weber State Wildcats",NA,3,NA,21.85,26.07,-1.8,-1.71,-3.51,NA
"5175513","5175513","Nicole Willardson","Weber State Wildcats","2692","Returning","stats","id","Weber State Wildcats",NA,3,NA,19.09,22.78,-2.54,-0.61,-3.15,NA
"5315656","5315656","Grace Hintz","Weber State Wildcats","2692","Transfer","stats","id","Montana State Bobcats",NA,1,NA,18.45,22.02,-2.12,-0.24,-2.36,NA
"5107676","5107676","Draya Wacker","Weber State Wildcats","2692","Transfer","stats","id","Montana Lady Griz",NA,3,NA,16.36,19.53,-1.85,-0.29,-2.14,NA
"5312752","5312752","Favour Onoh","Weber State Wildcats","2692","Transfer","stats","id","Oklahoma State Cowgirls",NA,2,NA,16.03,19.14,-1.06,-0.43,-1.49,NA
"5108347","5108347","Siena Guttadauro","Weber State Wildcats","2692","Transfer","stats","id","UTSA Roadrunners",NA,3,NA,14.35,17.12,-3.46,-0.39,-3.85,NA
"fr_2692_berkleyhart","fr_2692_berkleyhart","Berkley Hart","Weber State Wildcats","2692","Newcomer","newcomer","none","Alamo Heights HS","Fr.",0,NA,13.37,15.95,-2.18,-0.69,-2.87,NA
"fr_2692_izabellajuarez","fr_2692_izabellajuarez","Izabella Juarez","Weber State Wildcats","2692","Newcomer","newcomer","none","Bella Vista College Preparatory","Fr.",0,NA,12.25,14.62,-2.18,-0.69,-2.87,NA
"5175996","5175996","Adria Lincoln","Weber State Wildcats","2692","Transfer","stats","id","Montana Lady Griz",NA,3,NA,11.74,14.01,-3.78,-1.08,-4.86,NA
"5240650","5240650","Sydne Tolbert","West Georgia Wolves","2698","Returning","stats","id","West Georgia Wolves",NA,3,NA,34.57,38,3.27,-1.7,1.57,NA
"5181594","5181594","Grace O'Gara","West Georgia Wolves","2698","Returning","stats","id","West Georgia Wolves",NA,3,NA,31.66,37.78,-0.08,-1.86,-1.94,NA
"5178196","5178196","Meghan Gentile","West Georgia Wolves","2698","Newcomer","stats","id","New Jersey City NEW JERSEY CITY",NA,2,NA,20.7,24.7,-1.07,-1.64,-2.7,NA
"fr_2698_areillemarc","fr_2698_areillemarc","Areille Marc","West Georgia Wolves","2698","Newcomer","newcomer","none","Evangelical Christian","So.",0,NA,18.71,22.33,-1.07,-1.64,-2.7,NA
"5315199","5315199","Ongolea Afu","West Georgia Wolves","2698","Transfer","stats","id","UNLV Lady Rebels",NA,3,NA,18.66,22.27,-1.66,-1.25,-2.91,NA
"fr_2698_kobibarnes","fr_2698_kobibarnes","Kobi Barnes","West Georgia Wolves","2698","Newcomer","newcomer","none","Hebron Christian Academy","Fr.",0,NA,17.64,21.05,-1.07,-1.64,-2.7,NA
"fr_2698_jaylarankin","fr_2698_jaylarankin","Jayla Rankin","West Georgia Wolves","2698","Newcomer","newcomer","none","Triton College","Jr.",0,NA,16.79,20.03,-1.07,-1.64,-2.7,NA
"fr_2698_liyahwilliams","fr_2698_liyahwilliams","Liyah Williams","West Georgia Wolves","2698","Newcomer","newcomer","none","Grayson","Fr.",0,NA,16.07,19.18,-1.07,-1.64,-2.7,NA
"pad_2698_1","pad_2698_1","Unlisted roster spot","West Georgia Wolves","2698","Unlisted spot","pad","pad",NA,NA,0,NA,12.89,15.39,-4.76,-2.79,-7.55,NA
"pad_2698_2","pad_2698_2","Unlisted roster spot","West Georgia Wolves","2698","Unlisted spot","pad","pad",NA,NA,0,NA,12.31,14.7,-4.76,-2.79,-7.55,NA
"4607456","4607456","Gia Cooke","West Virginia Mountaineers","277","Returning","stats","id","West Virginia Mountaineers",NA,3,NA,26.73,31.9,5.46,2.23,7.69,NA
"5107451","5107451","Zahirah Walton","West Virginia Mountaineers","277","Transfer","stats","id","George Mason Patriots",NA,3,NA,23.19,27.67,5.17,2.67,7.84,NA
"5174358","5174358","Kennedy Harris","West Virginia Mountaineers","277","Transfer","stats","id","George Mason Patriots",NA,3,NA,21.56,25.73,4.07,2.53,6.6,NA
"5175019","5175019","Skylar Forbes","West Virginia Mountaineers","277","Transfer","stats","id","Marquette Golden Eagles",NA,3,NA,18.1,21.6,3.72,2.11,5.83,NA
"5311508","5311508","Alexis Bordas","West Virginia Mountaineers","277","Transfer","stats","id","Duquesne Dukes",NA,1,NA,17.36,20.72,2.77,0.77,3.54,NA
"5108570","5108570","Marya Hudgins","West Virginia Mountaineers","277","Transfer","stats","id","BYU Cougars",NA,3,NA,14.97,17.87,2.31,2.95,5.26,NA
"5175812","5175812","Khyala Ngodu","West Virginia Mountaineers","277","Transfer","stats","id","UCF Knights",NA,3,NA,14.61,17.43,2.62,2.84,5.47,NA
"5312406","5312406","Nylah Wilson","West Virginia Mountaineers","277","Transfer","stats","id","Pittsburgh Panthers",NA,1,NA,11.06,13.2,1.05,0.46,1.51,"No. 30 recruit in 2025; pedigree counts 69% (67 college min)"
"4683156","4683156","Kate Hollifield","West Virginia Mountaineers","277","Transfer","stats","id","UNC Wilmington Seahawks",NA,4,NA,9.91,11.82,0.44,-0.38,0.06,NA
"fr_277_divinetumba","fr_277_divinetumba","Divine Tumba","West Virginia Mountaineers","277","Newcomer","newcomer","none","Pitt","R-Fr.",0,NA,9.08,10.84,1.37,2.49,3.85,NA
"5242511","5242511","Kayla Mount","West Virginia Mountaineers","277","Transfer","stats","id","Chicago State Cougars",NA,2,NA,8.98,10.71,0.62,-0.62,0,NA
"fr_277_chantemurray","fr_277_chantemurray","Chanté Murray","West Virginia Mountaineers","277","Top-100 recruit","newcomer","none","Crestwood Preparatory College","Fr.",0,91,8.42,10.05,2.13,2.8,4.93,NA
"5175685","5175685","Hawa Doumbouya","West Virginia Mountaineers","277","Transfer","stats","id","VCU Rams",NA,2,NA,8.2,9.79,-1.1,0.81,-0.29,NA
"5311809","5311809","Madison Parrish","West Virginia Mountaineers","277","Returning","stats","id","West Virginia Mountaineers",NA,1,NA,7.85,9.36,-0.86,1.63,0.78,"No. 88 recruit in 2025; pedigree counts 67% (73 college min)"
"5174741","5174741","Ally Hollifield","Western Carolina Catamounts","2717","Returning","stats","id","Western Carolina Catamounts",NA,3,NA,34.76,38,-0.93,-0.94,-1.86,NA
"5315719","5315719","Ellie Richardson","Western Carolina Catamounts","2717","Returning","stats","id","Western Carolina Catamounts",NA,1,NA,28.96,34.56,-1.6,-1.24,-2.84,NA
"5315723","5315723","Justice Zimmerman","Western Carolina Catamounts","2717","Returning","stats","id","Western Carolina Catamounts",NA,1,NA,22.08,26.36,-4.35,-2.25,-6.6,NA
"fr_2717_camrihobbs","fr_2717_camrihobbs","Camri Hobbs","Western Carolina Catamounts","2717","Newcomer","newcomer","none","Mallard Creek High School","Fr.",0,NA,18.76,22.39,-3.62,-1.97,-5.6,NA
"5315720","5315720","Riley Price","Western Carolina Catamounts","2717","Returning","stats","id","Western Carolina Catamounts",NA,1,NA,18.21,21.73,-3.42,-1.85,-5.27,NA
"fr_2717_avajarrett","fr_2717_avajarrett","Ava Jarrett","Western Carolina Catamounts","2717","Newcomer","newcomer","none","Lipscomb Academy","Fr.",0,NA,17.07,20.38,-3.62,-1.97,-5.6,NA
"fr_2717_finleyvanbree","fr_2717_finleyvanbree","Finley Van Bree","Western Carolina Catamounts","2717","Newcomer","newcomer","none",NA,"Jr.",0,NA,17.04,20.33,-3.62,-1.97,-5.6,NA
"fr_2717_myasiayoung","fr_2717_myasiayoung","My'Asia Young","Western Carolina Catamounts","2717","Newcomer","newcomer","none","Mallard Creek High School","Fr.",0,NA,15.56,18.57,-3.62,-1.97,-5.6,NA
"fr_2717_tinabowers","fr_2717_tinabowers","Tina Bowers","Western Carolina Catamounts","2717","Newcomer","newcomer","none","Western Alamance HS","So.",0,NA,14.67,17.51,-3.62,-1.97,-5.6,NA
"pad_2717_1","pad_2717_1","Unlisted roster spot","Western Carolina Catamounts","2717","Unlisted spot","pad","pad",NA,NA,0,NA,12.89,15.39,-7.31,-3.12,-10.44,NA
"5178454","5178454","Kaylen Reed","Western Illinois Leathernecks","2710","Returning","stats","id","Western Illinois Leathernecks",NA,3,NA,32.95,38,-2.74,-0.04,-2.77,NA
"5242701","5242701","Madison Davis","Western Illinois Leathernecks","2710","Returning","stats","id","Western Illinois Leathernecks",NA,2,NA,27.28,32.55,3.99,0.48,4.48,NA
"5242702","5242702","Shelby Bowman","Western Illinois Leathernecks","2710","Returning","stats","id","Western Illinois Leathernecks",NA,2,NA,20.31,24.24,0.59,-0.49,0.1,NA
"fr_2710_jaelynjones","fr_2710_jaelynjones","Jaelyn Jones","Western Illinois Leathernecks","2710","Newcomer","newcomer","none","Ryle HS","Freshman",0,NA,19.56,23.34,-0.12,-0.09,-0.21,NA
"fr_2710_myarobinson","fr_2710_myarobinson","Mya Robinson","Western Illinois Leathernecks","2710","Newcomer","newcomer","none","Troy Buchanan HS","Freshman",0,NA,18.92,22.58,-0.12,-0.09,-0.21,NA
"fr_2710_melainagranquist","fr_2710_melainagranquist","Melaina Granquist","Western Illinois Leathernecks","2710","Newcomer","newcomer","none","Wittenberg-Birnamwood HS","Freshman",0,NA,17.59,20.99,-0.12,-0.09,-0.21,NA
"fr_2710_myleestiefel","fr_2710_myleestiefel","Mylee Stiefel","Western Illinois Leathernecks","2710","Newcomer","newcomer","none","Burlington Community HS","Freshman",0,NA,17.29,20.64,-0.12,-0.09,-0.21,NA
"5315653","5315653","Sidney Skrobot","Western Illinois Leathernecks","2710","Returning","stats","id","Western Illinois Leathernecks",NA,1,NA,12.68,15.13,-3.49,-0.13,-3.62,NA
"5242704","5242704","Katelyn Eggena","Western Illinois Leathernecks","2710","Returning","stats","id","Western Illinois Leathernecks",NA,1,NA,12.06,14.39,-2.84,-0.35,-3.19,NA
"5242703","5242703","Kennedy Herrig","Western Illinois Leathernecks","2710","Returning","stats","id","Western Illinois Leathernecks",NA,1,NA,11.54,13.77,0.46,-0.53,-0.07,NA
"5178452","5178452","Ainsley Holthaus","Western Illinois Leathernecks","2710","Returning","stats","id","Western Illinois Leathernecks",NA,3,NA,9.81,11.71,-1.93,-0.86,-2.79,NA
"5241101","5241101","Trinity Rowe","Western Kentucky Lady Toppers","98","Returning","stats","id","Western Kentucky Lady Toppers",NA,2,NA,29.91,35.69,1.23,-1.81,-0.58,NA
"5239998","5239998","Torri James","Western Kentucky Lady Toppers","98","Returning","stats","id","Western Kentucky Lady Toppers",NA,2,NA,25.59,30.54,1.08,-1.66,-0.58,NA
"5239999","5239999","Tatum Boettjer","Western Kentucky Lady Toppers","98","Returning","stats","id","Western Kentucky Lady Toppers",NA,3,NA,21.53,25.69,-2.61,-1.82,-4.43,NA
"5315235","5315235","Kamille Brown","Western Kentucky Lady Toppers","98","Transfer","stats","id","UL Monroe Warhawks",NA,3,NA,19.53,23.31,-0.86,0.38,-0.48,NA
"5240225","5240225","Ellery Minch","Western Kentucky Lady Toppers","98","Transfer","stats","id","Murray State Racers",NA,2,NA,16.24,19.38,-1.46,-1.55,-3,NA
"5240170","5240170","Hayven Smith","Western Kentucky Lady Toppers","98","Transfer","stats","id","Illinois Fighting Illini",NA,2,NA,14.92,17.8,-1.96,-0.77,-2.73,NA
"5313018","5313018","Lola Bond","Western Kentucky Lady Toppers","98","Returning","stats","id","Western Kentucky Lady Toppers",NA,1,NA,14.55,17.36,-3.73,-1.29,-5.02,NA
"5313020","5313020","Enni Ahervuo","Western Kentucky Lady Toppers","98","Returning","stats","id","Western Kentucky Lady Toppers",NA,1,NA,14.05,16.77,0.38,-1.15,-0.77,NA
"fr_98_avamoore","fr_98_avamoore","Ava Moore","Western Kentucky Lady Toppers","98","Newcomer","newcomer","none","Assumption HS","Fr.",0,NA,11.77,14.05,-2.39,-1.24,-3.64,NA
"fr_98_elisecoleman","fr_98_elisecoleman","Elise Coleman","Western Kentucky Lady Toppers","98","Newcomer","newcomer","none","Floyd Central HS","Fr.",0,NA,11.12,13.27,-2.39,-1.24,-3.64,NA
"fr_98_jamilaray","fr_98_jamilaray","Jamila Ray","Western Kentucky Lady Toppers","98","Newcomer","newcomer","none","Montverde Academy","Fr.",0,NA,10.65,12.71,-2.39,-1.24,-3.64,NA
"fr_98_mafaldafontan","fr_98_mafaldafontan","Mafalda Fontan","Western Kentucky Lady Toppers","98","Newcomer","newcomer","none",NA,"Fr.",0,NA,10.14,12.1,-2.39,-1.24,-3.64,NA
"5241110","5241110","Kailey Starks","Western Michigan Broncos","2711","Returning","stats","id","Western Michigan Broncos",NA,2,NA,30.94,36.92,1.73,-0.16,1.58,NA
"5178518","5178518","Nile Muguira Orbe","Western Michigan Broncos","2711","Returning","stats","id","Western Michigan Broncos",NA,3,NA,26.95,32.16,-2.68,-0.35,-3.03,NA
"5242220","5242220","Alli Harness","Western Michigan Broncos","2711","Returning","stats","id","Western Michigan Broncos",NA,2,NA,24.17,28.85,-0.36,-0.51,-0.87,NA
"fr_2711_avarodriguez","fr_2711_avarodriguez","Ava Rodriguez","Western Michigan Broncos","2711","Newcomer","newcomer","none","Father Gabriel Richard","Fr.",0,NA,17.75,21.18,-2.66,-0.56,-3.22,NA
"5240173","5240173","Faith Wiseman","Western Michigan Broncos","2711","Transfer","stats","id","Indiana Hoosiers",NA,2,NA,15.99,19.08,-2.26,-0.49,-2.76,NA
"fr_2711_emilyvantimmeren","fr_2711_emilyvantimmeren","Emily Van Timmeren","Western Michigan Broncos","2711","Newcomer","newcomer","none","Miami (OH)","Jr.",0,NA,15.92,19,-2.66,-0.56,-3.22,NA
"fr_2711_caseyvyverman","fr_2711_caseyvyverman","Casey Vyverman","Western Michigan Broncos","2711","Newcomer","newcomer","none","Mundelein","Fr.",0,NA,15.91,18.99,-2.66,-0.56,-3.22,NA
"fr_2711_isabellamiljkovic","fr_2711_isabellamiljkovic","Isabella Miljkovic","Western Michigan Broncos","2711","Newcomer","newcomer","none","Argyle Secondary","Fr.",0,NA,14.5,17.31,-2.66,-0.56,-3.22,NA
"fr_2711_kaylynbuchanon","fr_2711_kaylynbuchanon","Kaylyn Buchanon","Western Michigan Broncos","2711","Newcomer","newcomer","none","Dominican","Sr.",0,NA,13.29,15.86,-2.66,-0.56,-3.22,NA
"fr_2711_mayrevah","fr_2711_mayrevah","May Revah","Western Michigan Broncos","2711","Newcomer","newcomer","none",NA,"Fr.",0,NA,12.55,14.98,-2.66,-0.56,-3.22,NA
"fr_2711_vanessarodriguez","fr_2711_vanessarodriguez","Vanessa Rodriguez","Western Michigan Broncos","2711","Newcomer","newcomer","none","Father Gabriel Richard","Fr.",0,NA,12.03,14.35,-2.66,-0.56,-3.22,NA
"5239092","5239092","Ma'Riya Vincent","Wichita State Shockers","2724","Transfer","stats","id","Missouri Tigers",NA,1,NA,24.63,29.39,-0.51,0.03,-0.48,NA
"5174761","5174761","Lily Ba","Wichita State Shockers","2724","Transfer","stats","id","Louisiana Ragin' Cajuns",NA,3,NA,24.57,29.32,-3.49,-1.16,-4.65,NA
"5241798","5241798","Kendal Robinson","Wichita State Shockers","2724","Transfer","stats","id","UT Arlington Mavericks",NA,2,NA,24.12,28.78,-1.53,-0.65,-2.18,NA
"5311715","5311715","Clara Koulibaly","Wichita State Shockers","2724","Transfer","stats","id","Auburn Tigers",NA,3,NA,22.35,26.68,-1.39,-0.5,-1.89,NA
"fr_2724_alexisleyva","fr_2724_alexisleyva","Alexis Leyva","Wichita State Shockers","2724","Newcomer","newcomer","none","Lincoln HS","Fr.",0,NA,17.49,20.88,-2.23,-0.84,-3.07,NA
"fr_2724_aaliyahbroadus","fr_2724_aaliyahbroadus","Aaliyah Broadus","Wichita State Shockers","2724","Newcomer","newcomer","none","Cherokee Trail HS","Fr.",0,NA,16.69,19.92,-2.23,-0.84,-3.07,NA
"fr_2724_amayalacy","fr_2724_amayalacy","Amaya Lacy","Wichita State Shockers","2724","Newcomer","newcomer","none","Frank Phillips College","Jr.",0,NA,15.93,19.02,-2.23,-0.84,-3.07,NA
"fr_2724_kaylealacey","fr_2724_kaylealacey","Kaylea Lacey","Wichita State Shockers","2724","Newcomer","newcomer","none","Alton HS","Fr.",0,NA,14.6,17.43,-2.23,-0.84,-3.07,NA
"fr_2724_liliharrison","fr_2724_liliharrison","Lili Harrison","Wichita State Shockers","2724","Newcomer","newcomer","none","Delaware State","So.",0,NA,13.8,16.47,-2.23,-0.84,-3.07,NA
"fr_2724_marimilton","fr_2724_marimilton","Mari Milton","Wichita State Shockers","2724","Newcomer","newcomer","none","North Crowley HS","Fr.",0,NA,13.22,15.78,-2.23,-0.84,-3.07,NA
"fr_2724_rachelskulsky","fr_2724_rachelskulsky","Rachel Skulsky","Wichita State Shockers","2724","Newcomer","newcomer","none","Royal Crown School","Fr.",0,NA,12.59,15.02,-2.23,-0.84,-3.07,NA
"5177804","5177804","Cassidy Geddes","William & Mary Tribe","2729","Returning","stats","id","William & Mary Tribe",NA,3,NA,30.84,36.8,-1.08,-0.12,-1.19,NA
"5177803","5177803","Monet Dance","William & Mary Tribe","2729","Returning","stats","id","William & Mary Tribe",NA,3,NA,28.03,33.45,-0.48,-0.19,-0.67,NA
"5239439","5239439","Natalie Fox","William & Mary Tribe","2729","Returning","stats","id","William & Mary Tribe",NA,2,NA,24.87,29.68,0.99,-0.32,0.67,NA
"5239436","5239436","Marley Long","William & Mary Tribe","2729","Returning","stats","id","William & Mary Tribe",NA,2,NA,19.61,23.4,-3.17,-0.73,-3.91,NA
"5312225","5312225","Dynasti Pierce","William & Mary Tribe","2729","Returning","stats","id","William & Mary Tribe",NA,1,NA,17.9,21.36,-1.66,0.34,-1.32,NA
"5239438","5239438","Sophia LeGoullon","William & Mary Tribe","2729","Returning","stats","id","William & Mary Tribe",NA,2,NA,14.77,17.62,-2.5,-0.74,-3.24,NA
"5312224","5312224","Ari Mercado","William & Mary Tribe","2729","Returning","stats","id","William & Mary Tribe",NA,1,NA,12.8,15.28,-2.64,0.17,-2.47,NA
"fr_2729_denvercarlton","fr_2729_denvercarlton","Denver Carlton","William & Mary Tribe","2729","Newcomer","newcomer","none","St. James Academy","Fr.",0,NA,12.74,15.21,-2.16,-0.25,-2.41,NA
"fr_2729_skylamastronardi","fr_2729_skylamastronardi","Skyla Mastronardi","William & Mary Tribe","2729","Newcomer","newcomer","none","Smithsburg High School","Fr.",0,NA,12.05,14.38,-2.16,-0.25,-2.41,NA
"5312226","5312226","Amelia Basit","William & Mary Tribe","2729","Returning","stats","id","William & Mary Tribe",NA,1,NA,9.94,11.86,-2.31,-0.7,-3,NA
"5239440","5239440","Emma West","William & Mary Tribe","2729","Returning","stats","id","William & Mary Tribe",NA,2,NA,8.97,10.7,-4.07,-1.01,-5.07,NA
"5312227","5312227","Aisha Dos Santos","William & Mary Tribe","2729","Returning","stats","id","William & Mary Tribe",NA,3,NA,7.51,8.96,-3.75,-0.95,-4.71,NA
"5242081","5242081","Madison Ruff","Winthrop Eagles","2737","Returning","stats","id","Winthrop Eagles",NA,2,NA,28.33,33.81,0.75,-1.01,-0.26,NA
"5313864","5313864","Ryiah Wilson","Winthrop Eagles","2737","Returning","stats","id","Winthrop Eagles",NA,1,NA,24.65,29.42,-2.38,-0.42,-2.81,NA
"5313866","5313866","Tocarra Johnson","Winthrop Eagles","2737","Returning","stats","id","Winthrop Eagles",NA,3,NA,22.45,26.8,-1.3,-0.73,-2.03,NA
"5254418","5254418","Autumn Taylor","Winthrop Eagles","2737","Transfer","stats","id","Manhattan Jaspers",NA,3,NA,15.85,18.91,-3.55,-1.27,-4.82,NA
"5178551","5178551","Kayla Preston","Winthrop Eagles","2737","Transfer","stats","id","Valparaiso Beacons",NA,3,NA,15.71,18.75,-3.04,-1.89,-4.93,NA
"5313863","5313863","Mya Hamilton","Winthrop Eagles","2737","Returning","stats","id","Winthrop Eagles",NA,1,NA,14.35,17.12,-3.16,-1.6,-4.76,NA
"fr_2737_kyrataylor","fr_2737_kyrataylor","Kyra Taylor","Winthrop Eagles","2737","Newcomer","newcomer","none","McKendree University","Jr.",0,NA,13.39,15.98,-2.35,-1.64,-3.99,NA
"fr_2737_luciaskvarekova","fr_2737_luciaskvarekova","Lucia Skvarekova","Winthrop Eagles","2737","Newcomer","newcomer","none","Bratislava University of Economics and Business","Jr.",0,NA,12.26,14.63,-2.35,-1.64,-3.99,NA
"fr_2737_madisonbushlewis","fr_2737_madisonbushlewis","Madison Bush-Lewis","Winthrop Eagles","2737","Newcomer","newcomer","none","Eastern Wyoming College","So.",0,NA,11.57,13.81,-2.35,-1.64,-3.99,NA
"fr_2737_mayarobinson","fr_2737_mayarobinson","Maya Robinson","Winthrop Eagles","2737","Newcomer","newcomer","none","Virginia Union University","Sr.",0,NA,11.08,13.23,-2.35,-1.64,-3.99,NA
"fr_2737_summerhenderson","fr_2737_summerhenderson","Summer Henderson","Winthrop Eagles","2737","Newcomer","newcomer","none","Panola College","Jr.",0,NA,10.54,12.58,-2.35,-1.64,-3.99,NA
"5186470","5186470","Marta Guilera","Winthrop Eagles","2737","Transfer","stats","id","New Mexico State Aggies",NA,3,NA,10.08,12.03,-1.6,-1.93,-3.53,NA
"fr_2737_laurasilva","fr_2737_laurasilva","Laura Silva","Winthrop Eagles","2737","International (FIBA)","newcomer","none",NA,"Fr.",0,NA,9.72,11.6,-4.07,-2.31,-6.38,NA
"5178528","5178528","Kyrah Daniels","Wisconsin Badgers","275","Returning","stats","id","Wisconsin Badgers",NA,3,NA,26.48,31.6,4.32,1.27,5.6,NA
"5174355","5174355","Laci Steele","Wisconsin Badgers","275","Returning","stats","id","Wisconsin Badgers",NA,3,NA,20.7,24.71,0.84,1.13,1.98,NA
"5176512","5176512","Caia Elisaldez","Wisconsin Badgers","275","Transfer","stats","id","Chattanooga Mocs",NA,3,NA,20.33,24.26,3.44,-0.6,2.84,NA
"5108033","5108033","Kadidia Toure","Wisconsin Badgers","275","Transfer","stats","id","Long Island University Sharks",NA,3,NA,16.87,20.14,3.43,1.3,4.73,NA
"5311543","5311543","Addie Deal","Wisconsin Badgers","275","Transfer","stats","id","Iowa Hawkeyes",NA,1,NA,16.09,19.21,1.98,1.4,3.38,NA
"5106234","5106234","Shay Bollin","Wisconsin Badgers","275","Returning","stats","id","Wisconsin Badgers",NA,4,NA,15.31,18.27,0.75,0.44,1.19,NA
"fr_275_adalinesheplee","fr_275_adalinesheplee","Adaline Sheplee","Wisconsin Badgers","275","Top-100 recruit","newcomer","none","Rice Lake","Fr.",0,52,14.3,17.07,1.53,0.57,2.09,NA
"5311769","5311769","Dorja Iva Zaja","Wisconsin Badgers","275","Returning","stats","id","Wisconsin Badgers",NA,1,NA,12.55,14.97,1.52,0.14,1.66,NA
"5240178","5240178","Teagan Mallegni","Wisconsin Badgers","275","Transfer","stats","id","Iowa Hawkeyes",NA,2,NA,11.81,14.09,0,1.19,1.19,NA
"fr_275_aliciacourthiau","fr_275_aliciacourthiau","Alicia Courthiau","Wisconsin Badgers","275","International (FIBA)","newcomer","none",NA,"Fr.",0,NA,8.93,10.66,-0.14,0.44,0.3,NA
"5311768","5311768","Nikki Kerstein","Wisconsin Badgers","275","Returning","stats","id","Wisconsin Badgers",NA,1,NA,8.67,10.35,-2.78,-0.46,-3.24,NA
"fr_275_caiarose","fr_275_caiarose","Caia Rose","Wisconsin Badgers","275","Newcomer","newcomer","none","Mater Dei","Sr.",0,NA,8.51,10.16,0.14,0.04,0.19,NA
"fr_275_gisellejanowski","fr_275_gisellejanowski","Giselle Janowski","Wisconsin Badgers","275","Newcomer","newcomer","none","Pewaukee","Fr.",0,NA,8.22,9.81,0.14,0.04,0.19,NA
"fr_275_leahnordin","fr_275_leahnordin","Leah Nordin","Wisconsin Badgers","275","Newcomer","newcomer","none","Shawano","Fr.",0,NA,7.68,9.16,0.14,0.04,0.19,NA
"5240012","5240012","Alba Martin Mesa","Wisconsin Badgers","275","Returning","stats","id","Wisconsin Badgers",NA,2,NA,3.55,4.24,-1.86,-0.7,-2.55,NA
"5315725","5315725","Gabby Mundy","Wofford Terriers","2747","Returning","stats","id","Wofford Terriers",NA,1,NA,30.3,36.16,3.44,-0.57,2.87,NA
"5177951","5177951","Maddie Heiss","Wofford Terriers","2747","Returning","stats","id","Wofford Terriers",NA,3,NA,27.81,33.19,1.13,-1.08,0.05,NA
"5243520","5243520","Molly Masingale","Wofford Terriers","2747","Returning","stats","id","Wofford Terriers",NA,2,NA,25.54,30.48,1.45,-0.52,0.93,NA
"5315724","5315724","Elli Porter","Wofford Terriers","2747","Returning","stats","id","Wofford Terriers",NA,1,NA,20.09,23.97,-1.04,-1.42,-2.45,NA
"5239435","5239435","Angelina Pelayo","Wofford Terriers","2747","Transfer","stats","id","UNC Wilmington Seahawks",NA,1,NA,15.46,18.45,-1.73,-0.42,-2.15,NA
"5174385","5174385","Courtney Swider","Wofford Terriers","2747","Returning","stats","id","Wofford Terriers",NA,3,NA,14.65,17.48,-3.23,-0.63,-3.85,NA
"fr_2747_aleksandranoworol","fr_2747_aleksandranoworol","Aleksandra Noworol","Wofford Terriers","2747","Newcomer","newcomer","none","College of Coastal Georgia","R-Fr.",0,NA,13.36,15.95,-1.6,-1.01,-2.61,NA
"fr_2747_emmanuellebroude","fr_2747_emmanuellebroude","Emmanuelle Broude","Wofford Terriers","2747","Newcomer","newcomer","none","TFS-Canada's International School","Fr.",0,NA,12.25,14.63,-1.6,-1.01,-2.61,NA
"fr_2747_saylerlowe","fr_2747_saylerlowe","Sayler Lowe","Wofford Terriers","2747","Newcomer","newcomer","none","Calloway County","Fr.",0,NA,11.59,13.83,-1.6,-1.01,-2.61,NA
"fr_2747_siennawolfe","fr_2747_siennawolfe","Sienna Wolfe","Wofford Terriers","2747","Newcomer","newcomer","none","Rockford","Fr.",0,NA,11.1,13.25,-1.6,-1.01,-2.61,NA
"5315726","5315726","Abby Eller","Wofford Terriers","2747","Returning","stats","id","Wofford Terriers",NA,1,NA,9.31,11.11,-1.52,-0.48,-2,NA
"5177955","5177955","Sara Deidda","Wofford Terriers","2747","Returning","stats","id","Wofford Terriers",NA,3,NA,8.53,10.18,-4.25,-0.3,-4.55,NA
"5178108","5178108","Rylee Sagester","Wright State Raiders","2750","Returning","stats","id","Wright State Raiders",NA,2,NA,26.14,31.2,0.34,-3.33,-2.99,NA
"5178182","5178182","Abbie Riddle","Wright State Raiders","2750","Returning","stats","id","Wright State Raiders",NA,2,NA,22.24,26.54,-0.57,-2.38,-2.94,NA
"5178142","5178142","Olivia Brown","Wright State Raiders","2750","Returning","stats","id","Wright State Raiders",NA,3,NA,20.03,23.91,-3.05,-1.38,-4.43,NA
"5313123","5313123","Maja Dilen","Wright State Raiders","2750","Returning","stats","id","Wright State Raiders",NA,1,NA,17.92,21.38,0.3,-1.64,-1.33,NA
"5243421","5243421","Grace Okih","Wright State Raiders","2750","Returning","stats","id","Wright State Raiders",NA,3,NA,15.54,18.55,-0.82,-1.34,-2.16,NA
"5109804","5109804","Jasmine Fearne","Wright State Raiders","2750","Transfer","stats","id","Bowling Green Falcons",NA,3,NA,15.51,18.51,-0.67,-1.7,-2.37,NA
"5312929","5312929","Jayden Terry","Wright State Raiders","2750","Transfer","stats","id","Louisiana Tech Lady Techsters",NA,1,NA,11.7,13.97,-0.37,-0.21,-0.58,NA
"5313122","5313122","Elaina Rager","Wright State Raiders","2750","Returning","stats","id","Wright State Raiders",NA,1,NA,11.7,13.96,-1.11,-1.45,-2.56,NA
"fr_2750_alliedaniels","fr_2750_alliedaniels","Allie Daniels","Wright State Raiders","2750","Newcomer","newcomer","none","Spring Valley","So.",0,NA,11.15,13.31,-2.01,-1.86,-3.86,NA
"fr_2750_megancampbell","fr_2750_megancampbell","Megan Campbell","Wright State Raiders","2750","Newcomer","newcomer","none","Jackson","Jr.",0,NA,10.53,12.57,-2.01,-1.86,-3.86,NA
"fr_2750_meganganschow","fr_2750_meganganschow","Megan Ganschow","Wright State Raiders","2750","Newcomer","newcomer","none","Downers Grove South","Fr.",0,NA,10.09,12.04,-2.01,-1.86,-3.86,NA
"fr_2750_paulasevilla","fr_2750_paulasevilla","Paula Sevilla","Wright State Raiders","2750","Newcomer","newcomer","none","Movistar Estudiantes","Fr.",0,NA,9.6,11.45,-2.01,-1.86,-3.86,NA
"fr_2750_rowanklesmit","fr_2750_rowanklesmit","Rowan Klesmit","Wright State Raiders","2750","Newcomer","newcomer","none","Neenah","Fr.",0,NA,9.24,11.03,-2.01,-1.86,-3.86,NA
"fr_2750_sydneywilliams","fr_2750_sydneywilliams","Sydney Williams","Wright State Raiders","2750","Newcomer","newcomer","none","Lakota West","Fr.",0,NA,8.59,10.26,-2.01,-1.86,-3.86,NA
"5315303","5315303","Jane Rumpf","Wyoming Cowgirls","2751","Returning","stats","id","Wyoming Cowgirls",NA,1,NA,27.37,32.66,-1.92,0.85,-1.06,NA
"5179307","5179307","Diawna Carter-Hartley","Wyoming Cowgirls","2751","Transfer","stats","id","South Alabama Jaguars",NA,3,NA,22.04,26.31,-0.27,0.23,-0.04,NA
"5178448","5178448","Norah Clark","Wyoming Cowgirls","2751","Transfer","stats","id","UT Martin Skyhawks",NA,3,NA,21.94,26.19,-2.52,-1.94,-4.46,NA
"4899452","4899452","Payton Muma","Wyoming Cowgirls","2751","Returning","stats","id","Wyoming Cowgirls",NA,3,NA,20.81,24.84,-4.98,0.11,-4.87,NA
"5311736","5311736","Hila Karsh","Wyoming Cowgirls","2751","Transfer","stats","id","Purdue Boilermakers",NA,1,NA,19.94,23.79,0.51,-0.22,0.28,NA
"5239470","5239470","Maria Anais Rodriguez","Wyoming Cowgirls","2751","Transfer","stats","id","Arkansas Razorbacks",NA,2,NA,19.25,22.98,-0.04,0.3,0.26,NA
"5315711","5315711","Merceius Mili","Wyoming Cowgirls","2751","Transfer","stats","id","Utah Tech Trailblazers",NA,1,NA,14.08,16.81,-1.76,-0.72,-2.48,NA
"5178128","5178128","Kaylan Deveney","Wyoming Cowgirls","2751","Transfer","stats","id","Rider Broncs",NA,3,NA,13.27,15.84,-4.36,-1.28,-5.64,NA
"5312893","5312893","Ophelia Powell","Wyoming Cowgirls","2751","Transfer","stats","id","Cal State Bakersfield Roadrunners",NA,1,NA,11.32,13.51,-3.37,-1.18,-4.55,NA
"5315304","5315304","Peyton Wohlford","Wyoming Cowgirls","2751","Returning","stats","id","Wyoming Cowgirls",NA,1,NA,11.03,13.17,-4.39,-0.91,-5.31,NA
"5315301","5315301","Liv Blomkvist","Wyoming Cowgirls","2751","Returning","stats","id","Wyoming Cowgirls",NA,1,NA,10.43,12.44,-2.05,-0.5,-2.55,NA
"5315302","5315302","Katie Harrington","Wyoming Cowgirls","2751","Returning","stats","id","Wyoming Cowgirls",NA,1,NA,8.51,10.16,-2.73,-1,-3.73,NA
"5240248","5240248","Meri Kanerva","Xavier Musketeers","2752","Returning","stats","id","Xavier Musketeers",NA,2,NA,35.9,38,-0.18,-0.22,-0.39,NA
"5108020","5108020","Mya Moore","Xavier Musketeers","2752","Transfer","stats","id","Xavier Musketeers",NA,4,NA,27.74,33.1,1.32,1.31,2.63,"Missed 2025-26; 2024-25: 8.2 mpg, 4.1 ppg"
"5312738","5312738","Payton Richards","Xavier Musketeers","2752","Newcomer","stats","none","Xavier Musketeers",NA,1,NA,21.48,25.64,-1.78,-0.26,-2.04,NA
"5312739","5312739","Kodee Williams-Sefo","Xavier Musketeers","2752","Newcomer","stats","none","Xavier Musketeers",NA,1,NA,19.43,23.19,-1.78,-0.26,-2.04,NA
"fr_2752_lucilejerome","fr_2752_lucilejerome","Lucile Jerome","Xavier Musketeers","2752","Newcomer","newcomer","none","Flammes Carolo Basket Club","Fr.",0,NA,18.93,22.59,-1.78,-0.26,-2.04,NA
"fr_2752_kejiaran","fr_2752_kejiaran","Kejia Ran","Xavier Musketeers","2752","Newcomer","newcomer","none",NA,"Fr.",0,NA,17.44,20.82,-1.78,-0.26,-2.04,NA
"fr_2752_martamoscarella","fr_2752_martamoscarella","Marta Moscarella","Xavier Musketeers","2752","Newcomer","newcomer","none","Limonta Sport Costa Masnaga","Fr.",0,NA,17.26,20.6,-1.78,-0.26,-2.04,NA
"fr_2752_morganjenkins","fr_2752_morganjenkins","Morgan Jenkins","Xavier Musketeers","2752","Newcomer","newcomer","none","The Newman School","Fr.",0,NA,15.84,18.9,-1.78,-0.26,-2.04,NA
"fr_2752_stellamavuanga","fr_2752_stellamavuanga","Stella Mavuanga","Xavier Musketeers","2752","Newcomer","newcomer","none","Saint-Amand","Fr.",0,NA,14.98,17.88,-1.78,-0.26,-2.04,NA
"5312741","5312741","Denise Neves","Xavier Musketeers","2752","Returning","stats","id","Xavier Musketeers",NA,1,NA,11,13.13,-2.79,-0.9,-3.69,NA
"5241578","5241578","Ciniya Moore","Yale Bulldogs","43","Returning","stats","id","Yale Bulldogs",NA,2,NA,25.48,30.41,1.84,-1.76,0.08,NA
"5177895","5177895","Luisa Vydrova","Yale Bulldogs","43","Returning","stats","id","Yale Bulldogs",NA,3,NA,22.92,27.36,0.7,-2.02,-1.32,NA
"5175695","5175695","Mary Meng","Yale Bulldogs","43","Returning","stats","id","Yale Bulldogs",NA,3,NA,21.51,25.67,0.2,0.65,0.85,NA
"5241582","5241582","Marisa Chapman","Yale Bulldogs","43","Returning","stats","id","Yale Bulldogs",NA,2,NA,19.42,23.17,-1.16,-0.28,-1.44,NA
"5313322","5313322","Dorka Kastl","Yale Bulldogs","43","Returning","stats","id","Yale Bulldogs",NA,1,NA,16.23,19.37,-4.14,0.52,-3.63,NA
"5241581","5241581","Ke'iara Odume","Yale Bulldogs","43","Returning","stats","id","Yale Bulldogs",NA,2,NA,12.31,14.7,-2.87,-1.91,-4.78,NA
"5240796","5240796","Cloe Vecina","Yale Bulldogs","43","Transfer","stats","id","Oregon State Beavers",NA,2,NA,10.25,12.23,-2.82,-0.36,-3.17,NA
"5175733","5175733","Ana Guillen","Yale Bulldogs","43","Returning","stats","id","Yale Bulldogs",NA,3,NA,9.1,10.86,-3.04,-1.89,-4.93,NA
"5313319","5313319","Olivia Kim","Yale Bulldogs","43","Returning","stats","id","Yale Bulldogs",NA,1,NA,7.41,8.84,-2.01,-0.35,-2.36,NA
"5313321","5313321","Radhika Garapaty","Yale Bulldogs","43","Newcomer","stats","none","Yale Bulldogs",NA,1,NA,6.93,8.27,-2.33,-1.03,-3.35,NA
"5241580","5241580","Magdalena Schmidt","Yale Bulldogs","43","Returning","stats","id","Yale Bulldogs",NA,2,NA,6.77,8.07,-2.12,-1.81,-3.92,NA
"fr_43_kaseydavey","fr_43_kaseydavey","Kasey Davey","Yale Bulldogs","43","Newcomer","newcomer","none","Providence School of Jacksonville","Fy.",0,NA,6.44,7.69,-2.33,-1.03,-3.35,NA
"5176462","5176462","Lucy Lynn","Yale Bulldogs","43","Returning","stats","id","Yale Bulldogs",NA,3,NA,6.42,7.66,-3.43,-1.94,-5.37,"Missed 2025-26; 2024-25: 10.0 mpg, 0.9 ppg"
"fr_43_katiediao","fr_43_katiediao","Katie Diao","Yale Bulldogs","43","Newcomer","newcomer","none","Richard Montgomery","Fy.",0,NA,5.93,7.07,-2.33,-1.03,-3.35,NA
"fr_43_maddiesmith","fr_43_maddiesmith","Maddie Smith","Yale Bulldogs","43","Newcomer","newcomer","none","Flintridge Preparatory School","Fy.",0,NA,5.08,6.07,-2.33,-1.03,-3.35,NA
"fr_43_leavukic","fr_43_leavukic","Lea Vukic","Yale Bulldogs","43","International (FIBA)","newcomer","none","Privatna gimnazija i ekonomska skola Benedikta Kotruljevica","Fy.",0,NA,5.03,6,-2.93,-0.86,-3.79,NA
"fr_43_helenakeane","fr_43_helenakeane","Helena Keane","Yale Bulldogs","43","International (FIBA)","newcomer","none","Muckross Park College","Fy.",0,NA,4.92,5.87,-3.45,-1.25,-4.7,NA
"5313323","5313323","Sophia Gibson","Yale Bulldogs","43","Returning","stats","id","Yale Bulldogs",NA,1,NA,4.56,5.44,-2.58,-0.68,-3.25,NA
"5313320","5313320","Hannah Wasserman","Yale Bulldogs","43","Returning","stats","id","Yale Bulldogs",NA,1,NA,3.3,3.93,-2,-0.94,-2.95,NA
"5241152","5241152","Erica King","Youngstown State Penguins","2754","Returning","stats","id","Youngstown State Penguins",NA,2,NA,32.34,38,-1.93,0.23,-1.7,NA
"5241151","5241151","Danielle Cameron","Youngstown State Penguins","2754","Returning","stats","id","Youngstown State Penguins",NA,1,NA,30.18,36.02,0.26,0.47,0.73,NA
"5241156","5241156","Sarah Baker","Youngstown State Penguins","2754","Returning","stats","id","Youngstown State Penguins",NA,1,NA,26.23,31.3,2.52,-0.11,2.42,NA
"5177874","5177874","Paulina Hernandez","Youngstown State Penguins","2754","Returning","stats","id","Youngstown State Penguins",NA,3,NA,21.68,25.87,3.28,1.19,4.47,NA
"5241153","5241153","Hayden Barrier","Youngstown State Penguins","2754","Returning","stats","id","Youngstown State Penguins",NA,2,NA,17.2,20.52,-4.22,0.27,-3.95,NA
"5313278","5313278","Brooke Adkins","Youngstown State Penguins","2754","Returning","stats","id","Youngstown State Penguins",NA,1,NA,16.51,19.7,-2.17,0.5,-1.67,NA
"fr_2754_evelynmcknight","fr_2754_evelynmcknight","Evelyn McKnight","Youngstown State Penguins","2754","Newcomer","newcomer","none","Copley HS","Fr.",0,NA,14.66,17.49,-1.51,0.28,-1.22,NA
"5178140","5178140","Dacia Lewandowski","Youngstown State Penguins","2754","Returning","stats","id","Youngstown State Penguins",NA,2,NA,14.03,16.74,-5.38,-0.07,-5.44,NA
"fr_2754_kaitlynturinsky","fr_2754_kaitlynturinsky","Kaitlyn Turinsky","Youngstown State Penguins","2754","Newcomer","newcomer","none","Bellevue HS","Fr.",0,NA,13.87,16.56,-1.51,0.28,-1.22,NA
"fr_2754_miakalich","fr_2754_miakalich","Mia Kalich","Youngstown State Penguins","2754","Newcomer","newcomer","none","Seton Hill","Sr.",0,NA,13.31,15.88,-1.51,0.28,-1.22,NA
